date_key,calendar_date,calendar_year,calendar_quarter,calendar_month,month_name,day_of_month,day_of_week,week_of_year,is_weekend,is_month_end,is_quarter_end,is_year_end
20200101,2020-01-01,2020,1,1,January,1,3,1,false,false,false,false
20200102,2020-01-02,2020,1,1,January,2,4,1,false,false,false,false
20200103,2020-01-03,2020,1,1,January,3,5,1,false,false,false,false
20200104,2020-01-04,2020,1,1,January,4,6,1,true,false,false,false
20200105,2020-01-05,2020,1,1,January,5,7,1,true,false,false,false
20200106,2020-01-06,2020,1,1,January,6,1,2,false,false,false,false
20200107,2020-01-07,2020,1,1,January,7,2,2,false,false,false,false
20200108,2020-01-08,2020,1,1,January,8,3,2,false,false,false,false
20200109,2020-01-09,2020,1,1,January,9,4,2,false,false,false,false
20200110,2020-01-10,2020,1,1,January,10,5,2,false,false,false,false
20200111,2020-01-11,2020,1,1,January,11,6,2,true,false,false,false
20200112,2020-01-12,2020,1,1,January,12,7,2,true,false,false,false
20200113,2020-01-13,2020,1,1,January,13,1,3,false,false,false,false
20200114,2020-01-14,2020,1,1,January,14,2,3,false,false,false,false
20200115,2020-01-15,2020,1,1,January,15,3,3,false,false,false,false
20200116,2020-01-16,2020,1,1,January,16,4,3,false,false,false,false
20200117,2020-01-17,2020,1,1,January,17,5,3,false,false,false,false
20200118,2020-01-18,2020,1,1,January,18,6,3,true,false,false,false
20200119,2020-01-19,2020,1,1,January,19,7,3,true,false,false,false
20200120,2020-01-20,2020,1,1,January,20,1,4,false,false,false,false
20200121,2020-01-21,2020,1,1,January,21,2,4,false,false,false,false
20200122,2020-01-22,2020,1,1,January,22,3,4,false,false,false,false
20200123,2020-01-23,2020,1,1,January,23,4,4,false,false,false,false
20200124,2020-01-24,2020,1,1,January,24,5,4,false,false,false,false
20200125,2020-01-25,2020,1,1,January,25,6,4,true,false,false,false
20200126,2020-01-26,2020,1,1,January,26,7,4,true,false,false,false
20200127,2020-01-27,2020,1,1,January,27,1,5,false,false,false,false
20200128,2020-01-28,2020,1,1,January,28,2,5,false,false,false,false
20200129,2020-01-29,2020,1,1,January,29,3,5,false,false,false,false
20200130,2020-01-30,2020,1,1,January,30,4,5,false,false,false,false
20200131,2020-01-31,2020,1,1,January,31,5,5,false,true,false,false
20200201,2020-02-01,2020,1,2,February,1,6,5,true,false,false,false
20200202,2020-02-02,2020,1,2,February,2,7,5,true,false,false,false
20200203,2020-02-03,2020,1,2,February,3,1,6,false,false,false,false
20200204,2020-02-04,2020,1,2,February,4,2,6,false,false,false,false
20200205,2020-02-05,2020,1,2,February,5,3,6,false,false,false,false
20200206,2020-02-06,2020,1,2,February,6,4,6,false,false,false,false
20200207,2020-02-07,2020,1,2,February,7,5,6,false,false,false,false
20200208,2020-02-08,2020,1,2,February,8,6,6,true,false,false,false
20200209,2020-02-09,2020,1,2,February,9,7,6,true,false,false,false
20200210,2020-02-10,2020,1,2,February,10,1,7,false,false,false,false
20200211,2020-02-11,2020,1,2,February,11,2,7,false,false,false,false
20200212,2020-02-12,2020,1,2,February,12,3,7,false,false,false,false
20200213,2020-02-13,2020,1,2,February,13,4,7,false,false,false,false
20200214,2020-02-14,2020,1,2,February,14,5,7,false,false,false,false
20200215,2020-02-15,2020,1,2,February,15,6,7,true,false,false,false
20200216,2020-02-16,2020,1,2,February,16,7,7,true,false,false,false
20200217,2020-02-17,2020,1,2,February,17,1,8,false,false,false,false
20200218,2020-02-18,2020,1,2,February,18,2,8,false,false,false,false
20200219,2020-02-19,2020,1,2,February,19,3,8,false,false,false,false
20200220,2020-02-20,2020,1,2,February,20,4,8,false,false,false,false
20200221,2020-02-21,2020,1,2,February,21,5,8,false,false,false,false
20200222,2020-02-22,2020,1,2,February,22,6,8,true,false,false,false
20200223,2020-02-23,2020,1,2,February,23,7,8,true,false,false,false
20200224,2020-02-24,2020,1,2,February,24,1,9,false,false,false,false
20200225,2020-02-25,2020,1,2,February,25,2,9,false,false,false,false
20200226,2020-02-26,2020,1,2,February,26,3,9,false,false,false,false
20200227,2020-02-27,2020,1,2,February,27,4,9,false,false,false,false
20200228,2020-02-28,2020,1,2,February,28,5,9,false,false,false,false
20200229,2020-02-29,2020,1,2,February,29,6,9,true,true,false,false
20200301,2020-03-01,2020,1,3,March,1,7,9,true,false,false,false
20200302,2020-03-02,2020,1,3,March,2,1,10,false,false,false,false
20200303,2020-03-03,2020,1,3,March,3,2,10,false,false,false,false
20200304,2020-03-04,2020,1,3,March,4,3,10,false,false,false,false
20200305,2020-03-05,2020,1,3,March,5,4,10,false,false,false,false
20200306,2020-03-06,2020,1,3,March,6,5,10,false,false,false,false
20200307,2020-03-07,2020,1,3,March,7,6,10,true,false,false,false
20200308,2020-03-08,2020,1,3,March,8,7,10,true,false,false,false
20200309,2020-03-09,2020,1,3,March,9,1,11,false,false,false,false
20200310,2020-03-10,2020,1,3,March,10,2,11,false,false,false,false
20200311,2020-03-11,2020,1,3,March,11,3,11,false,false,false,false
20200312,2020-03-12,2020,1,3,March,12,4,11,false,false,false,false
20200313,2020-03-13,2020,1,3,March,13,5,11,false,false,false,false
20200314,2020-03-14,2020,1,3,March,14,6,11,true,false,false,false
20200315,2020-03-15,2020,1,3,March,15,7,11,true,false,false,false
20200316,2020-03-16,2020,1,3,March,16,1,12,false,false,false,false
20200317,2020-03-17,2020,1,3,March,17,2,12,false,false,false,false
20200318,2020-03-18,2020,1,3,March,18,3,12,false,false,false,false
20200319,2020-03-19,2020,1,3,March,19,4,12,false,false,false,false
20200320,2020-03-20,2020,1,3,March,20,5,12,false,false,false,false
20200321,2020-03-21,2020,1,3,March,21,6,12,true,false,false,false
20200322,2020-03-22,2020,1,3,March,22,7,12,true,false,false,false
20200323,2020-03-23,2020,1,3,March,23,1,13,false,false,false,false
20200324,2020-03-24,2020,1,3,March,24,2,13,false,false,false,false
20200325,2020-03-25,2020,1,3,March,25,3,13,false,false,false,false
20200326,2020-03-26,2020,1,3,March,26,4,13,false,false,false,false
20200327,2020-03-27,2020,1,3,March,27,5,13,false,false,false,false
20200328,2020-03-28,2020,1,3,March,28,6,13,true,false,false,false
20200329,2020-03-29,2020,1,3,March,29,7,13,true,false,false,false
20200330,2020-03-30,2020,1,3,March,30,1,14,false,false,false,false
20200331,2020-03-31,2020,1,3,March,31,2,14,false,true,true,false
20200401,2020-04-01,2020,2,4,April,1,3,14,false,false,false,false
20200402,2020-04-02,2020,2,4,April,2,4,14,false,false,false,false
20200403,2020-04-03,2020,2,4,April,3,5,14,false,false,false,false
20200404,2020-04-04,2020,2,4,April,4,6,14,true,false,false,false
20200405,2020-04-05,2020,2,4,April,5,7,14,true,false,false,false
20200406,2020-04-06,2020,2,4,April,6,1,15,false,false,false,false
20200407,2020-04-07,2020,2,4,April,7,2,15,false,false,false,false
20200408,2020-04-08,2020,2,4,April,8,3,15,false,false,false,false
20200409,2020-04-09,2020,2,4,April,9,4,15,false,false,false,false
20200410,2020-04-10,2020,2,4,April,10,5,15,false,false,false,false
20200411,2020-04-11,2020,2,4,April,11,6,15,true,false,false,false
20200412,2020-04-12,2020,2,4,April,12,7,15,true,false,false,false
20200413,2020-04-13,2020,2,4,April,13,1,16,false,false,false,false
20200414,2020-04-14,2020,2,4,April,14,2,16,false,false,false,false
20200415,2020-04-15,2020,2,4,April,15,3,16,false,false,false,false
20200416,2020-04-16,2020,2,4,April,16,4,16,false,false,false,false
20200417,2020-04-17,2020,2,4,April,17,5,16,false,false,false,false
20200418,2020-04-18,2020,2,4,April,18,6,16,true,false,false,false
20200419,2020-04-19,2020,2,4,April,19,7,16,true,false,false,false
20200420,2020-04-20,2020,2,4,April,20,1,17,false,false,false,false
20200421,2020-04-21,2020,2,4,April,21,2,17,false,false,false,false
20200422,2020-04-22,2020,2,4,April,22,3,17,false,false,false,false
20200423,2020-04-23,2020,2,4,April,23,4,17,false,false,false,false
20200424,2020-04-24,2020,2,4,April,24,5,17,false,false,false,false
20200425,2020-04-25,2020,2,4,April,25,6,17,true,false,false,false
20200426,2020-04-26,2020,2,4,April,26,7,17,true,false,false,false
20200427,2020-04-27,2020,2,4,April,27,1,18,false,false,false,false
20200428,2020-04-28,2020,2,4,April,28,2,18,false,false,false,false
20200429,2020-04-29,2020,2,4,April,29,3,18,false,false,false,false
20200430,2020-04-30,2020,2,4,April,30,4,18,false,true,false,false
20200501,2020-05-01,2020,2,5,May,1,5,18,false,false,false,false
20200502,2020-05-02,2020,2,5,May,2,6,18,true,false,false,false
20200503,2020-05-03,2020,2,5,May,3,7,18,true,false,false,false
20200504,2020-05-04,2020,2,5,May,4,1,19,false,false,false,false
20200505,2020-05-05,2020,2,5,May,5,2,19,false,false,false,false
20200506,2020-05-06,2020,2,5,May,6,3,19,false,false,false,false
20200507,2020-05-07,2020,2,5,May,7,4,19,false,false,false,false
20200508,2020-05-08,2020,2,5,May,8,5,19,false,false,false,false
20200509,2020-05-09,2020,2,5,May,9,6,19,true,false,false,false
20200510,2020-05-10,2020,2,5,May,10,7,19,true,false,false,false
20200511,2020-05-11,2020,2,5,May,11,1,20,false,false,false,false
20200512,2020-05-12,2020,2,5,May,12,2,20,false,false,false,false
20200513,2020-05-13,2020,2,5,May,13,3,20,false,false,false,false
20200514,2020-05-14,2020,2,5,May,14,4,20,false,false,false,false
20200515,2020-05-15,2020,2,5,May,15,5,20,false,false,false,false
20200516,2020-05-16,2020,2,5,May,16,6,20,true,false,false,false
20200517,2020-05-17,2020,2,5,May,17,7,20,true,false,false,false
20200518,2020-05-18,2020,2,5,May,18,1,21,false,false,false,false
20200519,2020-05-19,2020,2,5,May,19,2,21,false,false,false,false
20200520,2020-05-20,2020,2,5,May,20,3,21,false,false,false,false
20200521,2020-05-21,2020,2,5,May,21,4,21,false,false,false,false
20200522,2020-05-22,2020,2,5,May,22,5,21,false,false,false,false
20200523,2020-05-23,2020,2,5,May,23,6,21,true,false,false,false
20200524,2020-05-24,2020,2,5,May,24,7,21,true,false,false,false
20200525,2020-05-25,2020,2,5,May,25,1,22,false,false,false,false
20200526,2020-05-26,2020,2,5,May,26,2,22,false,false,false,false
20200527,2020-05-27,2020,2,5,May,27,3,22,false,false,false,false
20200528,2020-05-28,2020,2,5,May,28,4,22,false,false,false,false
20200529,2020-05-29,2020,2,5,May,29,5,22,false,false,false,false
20200530,2020-05-30,2020,2,5,May,30,6,22,true,false,false,false
20200531,2020-05-31,2020,2,5,May,31,7,22,true,true,false,false
20200601,2020-06-01,2020,2,6,June,1,1,23,false,false,false,false
20200602,2020-06-02,2020,2,6,June,2,2,23,false,false,false,false
20200603,2020-06-03,2020,2,6,June,3,3,23,false,false,false,false
20200604,2020-06-04,2020,2,6,June,4,4,23,false,false,false,false
20200605,2020-06-05,2020,2,6,June,5,5,23,false,false,false,false
20200606,2020-06-06,2020,2,6,June,6,6,23,true,false,false,false
20200607,2020-06-07,2020,2,6,June,7,7,23,true,false,false,false
20200608,2020-06-08,2020,2,6,June,8,1,24,false,false,false,false
20200609,2020-06-09,2020,2,6,June,9,2,24,false,false,false,false
20200610,2020-06-10,2020,2,6,June,10,3,24,false,false,false,false
20200611,2020-06-11,2020,2,6,June,11,4,24,false,false,false,false
20200612,2020-06-12,2020,2,6,June,12,5,24,false,false,false,false
20200613,2020-06-13,2020,2,6,June,13,6,24,true,false,false,false
20200614,2020-06-14,2020,2,6,June,14,7,24,true,false,false,false
20200615,2020-06-15,2020,2,6,June,15,1,25,false,false,false,false
20200616,2020-06-16,2020,2,6,June,16,2,25,false,false,false,false
20200617,2020-06-17,2020,2,6,June,17,3,25,false,false,false,false
20200618,2020-06-18,2020,2,6,June,18,4,25,false,false,false,false
20200619,2020-06-19,2020,2,6,June,19,5,25,false,false,false,false
20200620,2020-06-20,2020,2,6,June,20,6,25,true,false,false,false
20200621,2020-06-21,2020,2,6,June,21,7,25,true,false,false,false
20200622,2020-06-22,2020,2,6,June,22,1,26,false,false,false,false
20200623,2020-06-23,2020,2,6,June,23,2,26,false,false,false,false
20200624,2020-06-24,2020,2,6,June,24,3,26,false,false,false,false
20200625,2020-06-25,2020,2,6,June,25,4,26,false,false,false,false
20200626,2020-06-26,2020,2,6,June,26,5,26,false,false,false,false
20200627,2020-06-27,2020,2,6,June,27,6,26,true,false,false,false
20200628,2020-06-28,2020,2,6,June,28,7,26,true,false,false,false
20200629,2020-06-29,2020,2,6,June,29,1,27,false,false,false,false
20200630,2020-06-30,2020,2,6,June,30,2,27,false,true,true,false
20200701,2020-07-01,2020,3,7,July,1,3,27,false,false,false,false
20200702,2020-07-02,2020,3,7,July,2,4,27,false,false,false,false
20200703,2020-07-03,2020,3,7,July,3,5,27,false,false,false,false
20200704,2020-07-04,2020,3,7,July,4,6,27,true,false,false,false
20200705,2020-07-05,2020,3,7,July,5,7,27,true,false,false,false
20200706,2020-07-06,2020,3,7,July,6,1,28,false,false,false,false
20200707,2020-07-07,2020,3,7,July,7,2,28,false,false,false,false
20200708,2020-07-08,2020,3,7,July,8,3,28,false,false,false,false
20200709,2020-07-09,2020,3,7,July,9,4,28,false,false,false,false
20200710,2020-07-10,2020,3,7,July,10,5,28,false,false,false,false
20200711,2020-07-11,2020,3,7,July,11,6,28,true,false,false,false
20200712,2020-07-12,2020,3,7,July,12,7,28,true,false,false,false
20200713,2020-07-13,2020,3,7,July,13,1,29,false,false,false,false
20200714,2020-07-14,2020,3,7,July,14,2,29,false,false,false,false
20200715,2020-07-15,2020,3,7,July,15,3,29,false,false,false,false
20200716,2020-07-16,2020,3,7,July,16,4,29,false,false,false,false
20200717,2020-07-17,2020,3,7,July,17,5,29,false,false,false,false
20200718,2020-07-18,2020,3,7,July,18,6,29,true,false,false,false
20200719,2020-07-19,2020,3,7,July,19,7,29,true,false,false,false
20200720,2020-07-20,2020,3,7,July,20,1,30,false,false,false,false
20200721,2020-07-21,2020,3,7,July,21,2,30,false,false,false,false
20200722,2020-07-22,2020,3,7,July,22,3,30,false,false,false,false
20200723,2020-07-23,2020,3,7,July,23,4,30,false,false,false,false
20200724,2020-07-24,2020,3,7,July,24,5,30,false,false,false,false
20200725,2020-07-25,2020,3,7,July,25,6,30,true,false,false,false
20200726,2020-07-26,2020,3,7,July,26,7,30,true,false,false,false
20200727,2020-07-27,2020,3,7,July,27,1,31,false,false,false,false
20200728,2020-07-28,2020,3,7,July,28,2,31,false,false,false,false
20200729,2020-07-29,2020,3,7,July,29,3,31,false,false,false,false
20200730,2020-07-30,2020,3,7,July,30,4,31,false,false,false,false
20200731,2020-07-31,2020,3,7,July,31,5,31,false,true,false,false
20200801,2020-08-01,2020,3,8,August,1,6,31,true,false,false,false
20200802,2020-08-02,2020,3,8,August,2,7,31,true,false,false,false
20200803,2020-08-03,2020,3,8,August,3,1,32,false,false,false,false
20200804,2020-08-04,2020,3,8,August,4,2,32,false,false,false,false
20200805,2020-08-05,2020,3,8,August,5,3,32,false,false,false,false
20200806,2020-08-06,2020,3,8,August,6,4,32,false,false,false,false
20200807,2020-08-07,2020,3,8,August,7,5,32,false,false,false,false
20200808,2020-08-08,2020,3,8,August,8,6,32,true,false,false,false
20200809,2020-08-09,2020,3,8,August,9,7,32,true,false,false,false
20200810,2020-08-10,2020,3,8,August,10,1,33,false,false,false,false
20200811,2020-08-11,2020,3,8,August,11,2,33,false,false,false,false
20200812,2020-08-12,2020,3,8,August,12,3,33,false,false,false,false
20200813,2020-08-13,2020,3,8,August,13,4,33,false,false,false,false
20200814,2020-08-14,2020,3,8,August,14,5,33,false,false,false,false
20200815,2020-08-15,2020,3,8,August,15,6,33,true,false,false,false
20200816,2020-08-16,2020,3,8,August,16,7,33,true,false,false,false
20200817,2020-08-17,2020,3,8,August,17,1,34,false,false,false,false
20200818,2020-08-18,2020,3,8,August,18,2,34,false,false,false,false
20200819,2020-08-19,2020,3,8,August,19,3,34,false,false,false,false
20200820,2020-08-20,2020,3,8,August,20,4,34,false,false,false,false
20200821,2020-08-21,2020,3,8,August,21,5,34,false,false,false,false
20200822,2020-08-22,2020,3,8,August,22,6,34,true,false,false,false
20200823,2020-08-23,2020,3,8,August,23,7,34,true,false,false,false
20200824,2020-08-24,2020,3,8,August,24,1,35,false,false,false,false
20200825,2020-08-25,2020,3,8,August,25,2,35,false,false,false,false
20200826,2020-08-26,2020,3,8,August,26,3,35,false,false,false,false
20200827,2020-08-27,2020,3,8,August,27,4,35,false,false,false,false
20200828,2020-08-28,2020,3,8,August,28,5,35,false,false,false,false
20200829,2020-08-29,2020,3,8,August,29,6,35,true,false,false,false
20200830,2020-08-30,2020,3,8,August,30,7,35,true,false,false,false
20200831,2020-08-31,2020,3,8,August,31,1,36,false,true,false,false
20200901,2020-09-01,2020,3,9,September,1,2,36,false,false,false,false
20200902,2020-09-02,2020,3,9,September,2,3,36,false,false,false,false
20200903,2020-09-03,2020,3,9,September,3,4,36,false,false,false,false
20200904,2020-09-04,2020,3,9,September,4,5,36,false,false,false,false
20200905,2020-09-05,2020,3,9,September,5,6,36,true,false,false,false
20200906,2020-09-06,2020,3,9,September,6,7,36,true,false,false,false
20200907,2020-09-07,2020,3,9,September,7,1,37,false,false,false,false
20200908,2020-09-08,2020,3,9,September,8,2,37,false,false,false,false
20200909,2020-09-09,2020,3,9,September,9,3,37,false,false,false,false
20200910,2020-09-10,2020,3,9,September,10,4,37,false,false,false,false
20200911,2020-09-11,2020,3,9,September,11,5,37,false,false,false,false
20200912,2020-09-12,2020,3,9,September,12,6,37,true,false,false,false
20200913,2020-09-13,2020,3,9,September,13,7,37,true,false,false,false
20200914,2020-09-14,2020,3,9,September,14,1,38,false,false,false,false
20200915,2020-09-15,2020,3,9,September,15,2,38,false,false,false,false
20200916,2020-09-16,2020,3,9,September,16,3,38,false,false,false,false
20200917,2020-09-17,2020,3,9,September,17,4,38,false,false,false,false
20200918,2020-09-18,2020,3,9,September,18,5,38,false,false,false,false
20200919,2020-09-19,2020,3,9,September,19,6,38,true,false,false,false
20200920,2020-09-20,2020,3,9,September,20,7,38,true,false,false,false
20200921,2020-09-21,2020,3,9,September,21,1,39,false,false,false,false
20200922,2020-09-22,2020,3,9,September,22,2,39,false,false,false,false
20200923,2020-09-23,2020,3,9,September,23,3,39,false,false,false,false
20200924,2020-09-24,2020,3,9,September,24,4,39,false,false,false,false
20200925,2020-09-25,2020,3,9,September,25,5,39,false,false,false,false
20200926,2020-09-26,2020,3,9,September,26,6,39,true,false,false,false
20200927,2020-09-27,2020,3,9,September,27,7,39,true,false,false,false
20200928,2020-09-28,2020,3,9,September,28,1,40,false,false,false,false
20200929,2020-09-29,2020,3,9,September,29,2,40,false,false,false,false
20200930,2020-09-30,2020,3,9,September,30,3,40,false,true,true,false
20201001,2020-10-01,2020,4,10,October,1,4,40,false,false,false,false
20201002,2020-10-02,2020,4,10,October,2,5,40,false,false,false,false
20201003,2020-10-03,2020,4,10,October,3,6,40,true,false,false,false
20201004,2020-10-04,2020,4,10,October,4,7,40,true,false,false,false
20201005,2020-10-05,2020,4,10,October,5,1,41,false,false,false,false
20201006,2020-10-06,2020,4,10,October,6,2,41,false,false,false,false
20201007,2020-10-07,2020,4,10,October,7,3,41,false,false,false,false
20201008,2020-10-08,2020,4,10,October,8,4,41,false,false,false,false
20201009,2020-10-09,2020,4,10,October,9,5,41,false,false,false,false
20201010,2020-10-10,2020,4,10,October,10,6,41,true,false,false,false
20201011,2020-10-11,2020,4,10,October,11,7,41,true,false,false,false
20201012,2020-10-12,2020,4,10,October,12,1,42,false,false,false,false
20201013,2020-10-13,2020,4,10,October,13,2,42,false,false,false,false
20201014,2020-10-14,2020,4,10,October,14,3,42,false,false,false,false
20201015,2020-10-15,2020,4,10,October,15,4,42,false,false,false,false
20201016,2020-10-16,2020,4,10,October,16,5,42,false,false,false,false
20201017,2020-10-17,2020,4,10,October,17,6,42,true,false,false,false
20201018,2020-10-18,2020,4,10,October,18,7,42,true,false,false,false
20201019,2020-10-19,2020,4,10,October,19,1,43,false,false,false,false
20201020,2020-10-20,2020,4,10,October,20,2,43,false,false,false,false
20201021,2020-10-21,2020,4,10,October,21,3,43,false,false,false,false
20201022,2020-10-22,2020,4,10,October,22,4,43,false,false,false,false
20201023,2020-10-23,2020,4,10,October,23,5,43,false,false,false,false
20201024,2020-10-24,2020,4,10,October,24,6,43,true,false,false,false
20201025,2020-10-25,2020,4,10,October,25,7,43,true,false,false,false
20201026,2020-10-26,2020,4,10,October,26,1,44,false,false,false,false
20201027,2020-10-27,2020,4,10,October,27,2,44,false,false,false,false
20201028,2020-10-28,2020,4,10,October,28,3,44,false,false,false,false
20201029,2020-10-29,2020,4,10,October,29,4,44,false,false,false,false
20201030,2020-10-30,2020,4,10,October,30,5,44,false,false,false,false
20201031,2020-10-31,2020,4,10,October,31,6,44,true,true,false,false
20201101,2020-11-01,2020,4,11,November,1,7,44,true,false,false,false
20201102,2020-11-02,2020,4,11,November,2,1,45,false,false,false,false
20201103,2020-11-03,2020,4,11,November,3,2,45,false,false,false,false
20201104,2020-11-04,2020,4,11,November,4,3,45,false,false,false,false
20201105,2020-11-05,2020,4,11,November,5,4,45,false,false,false,false
20201106,2020-11-06,2020,4,11,November,6,5,45,false,false,false,false
20201107,2020-11-07,2020,4,11,November,7,6,45,true,false,false,false
20201108,2020-11-08,2020,4,11,November,8,7,45,true,false,false,false
20201109,2020-11-09,2020,4,11,November,9,1,46,false,false,false,false
20201110,2020-11-10,2020,4,11,November,10,2,46,false,false,false,false
20201111,2020-11-11,2020,4,11,November,11,3,46,false,false,false,false
20201112,2020-11-12,2020,4,11,November,12,4,46,false,false,false,false
20201113,2020-11-13,2020,4,11,November,13,5,46,false,false,false,false
20201114,2020-11-14,2020,4,11,November,14,6,46,true,false,false,false
20201115,2020-11-15,2020,4,11,November,15,7,46,true,false,false,false
20201116,2020-11-16,2020,4,11,November,16,1,47,false,false,false,false
20201117,2020-11-17,2020,4,11,November,17,2,47,false,false,false,false
20201118,2020-11-18,2020,4,11,November,18,3,47,false,false,false,false
20201119,2020-11-19,2020,4,11,November,19,4,47,false,false,false,false
20201120,2020-11-20,2020,4,11,November,20,5,47,false,false,false,false
20201121,2020-11-21,2020,4,11,November,21,6,47,true,false,false,false
20201122,2020-11-22,2020,4,11,November,22,7,47,true,false,false,false
20201123,2020-11-23,2020,4,11,November,23,1,48,false,false,false,false
20201124,2020-11-24,2020,4,11,November,24,2,48,false,false,false,false
20201125,2020-11-25,2020,4,11,November,25,3,48,false,false,false,false
20201126,2020-11-26,2020,4,11,November,26,4,48,false,false,false,false
20201127,2020-11-27,2020,4,11,November,27,5,48,false,false,false,false
20201128,2020-11-28,2020,4,11,November,28,6,48,true,false,false,false
20201129,2020-11-29,2020,4,11,November,29,7,48,true,false,false,false
20201130,2020-11-30,2020,4,11,November,30,1,49,false,true,false,false
20201201,2020-12-01,2020,4,12,December,1,2,49,false,false,false,false
20201202,2020-12-02,2020,4,12,December,2,3,49,false,false,false,false
20201203,2020-12-03,2020,4,12,December,3,4,49,false,false,false,false
20201204,2020-12-04,2020,4,12,December,4,5,49,false,false,false,false
20201205,2020-12-05,2020,4,12,December,5,6,49,true,false,false,false
20201206,2020-12-06,2020,4,12,December,6,7,49,true,false,false,false
20201207,2020-12-07,2020,4,12,December,7,1,50,false,false,false,false
20201208,2020-12-08,2020,4,12,December,8,2,50,false,false,false,false
20201209,2020-12-09,2020,4,12,December,9,3,50,false,false,false,false
20201210,2020-12-10,2020,4,12,December,10,4,50,false,false,false,false
20201211,2020-12-11,2020,4,12,December,11,5,50,false,false,false,false
20201212,2020-12-12,2020,4,12,December,12,6,50,true,false,false,false
20201213,2020-12-13,2020,4,12,December,13,7,50,true,false,false,false
20201214,2020-12-14,2020,4,12,December,14,1,51,false,false,false,false
20201215,2020-12-15,2020,4,12,December,15,2,51,false,false,false,false
20201216,2020-12-16,2020,4,12,December,16,3,51,false,false,false,false
20201217,2020-12-17,2020,4,12,December,17,4,51,false,false,false,false
20201218,2020-12-18,2020,4,12,December,18,5,51,false,false,false,false
20201219,2020-12-19,2020,4,12,December,19,6,51,true,false,false,false
20201220,2020-12-20,2020,4,12,December,20,7,51,true,false,false,false
20201221,2020-12-21,2020,4,12,December,21,1,52,false,false,false,false
20201222,2020-12-22,2020,4,12,December,22,2,52,false,false,false,false
20201223,2020-12-23,2020,4,12,December,23,3,52,false,false,false,false
20201224,2020-12-24,2020,4,12,December,24,4,52,false,false,false,false
20201225,2020-12-25,2020,4,12,December,25,5,52,false,false,false,false
20201226,2020-12-26,2020,4,12,December,26,6,52,true,false,false,false
20201227,2020-12-27,2020,4,12,December,27,7,52,true,false,false,false
20201228,2020-12-28,2020,4,12,December,28,1,53,false,false,false,false
20201229,2020-12-29,2020,4,12,December,29,2,53,false,false,false,false
20201230,2020-12-30,2020,4,12,December,30,3,53,false,false,false,false
20201231,2020-12-31,2020,4,12,December,31,4,53,false,true,true,true
20210101,2021-01-01,2021,1,1,January,1,5,53,false,false,false,false
20210102,2021-01-02,2021,1,1,January,2,6,53,true,false,false,false
20210103,2021-01-03,2021,1,1,January,3,7,53,true,false,false,false
20210104,2021-01-04,2021,1,1,January,4,1,1,false,false,false,false
20210105,2021-01-05,2021,1,1,January,5,2,1,false,false,false,false
20210106,2021-01-06,2021,1,1,January,6,3,1,false,false,false,false
20210107,2021-01-07,2021,1,1,January,7,4,1,false,false,false,false
20210108,2021-01-08,2021,1,1,January,8,5,1,false,false,false,false
20210109,2021-01-09,2021,1,1,January,9,6,1,true,false,false,false
20210110,2021-01-10,2021,1,1,January,10,7,1,true,false,false,false
20210111,2021-01-11,2021,1,1,January,11,1,2,false,false,false,false
20210112,2021-01-12,2021,1,1,January,12,2,2,false,false,false,false
20210113,2021-01-13,2021,1,1,January,13,3,2,false,false,false,false
20210114,2021-01-14,2021,1,1,January,14,4,2,false,false,false,false
20210115,2021-01-15,2021,1,1,January,15,5,2,false,false,false,false
20210116,2021-01-16,2021,1,1,January,16,6,2,true,false,false,false
20210117,2021-01-17,2021,1,1,January,17,7,2,true,false,false,false
20210118,2021-01-18,2021,1,1,January,18,1,3,false,false,false,false
20210119,2021-01-19,2021,1,1,January,19,2,3,false,false,false,false
20210120,2021-01-20,2021,1,1,January,20,3,3,false,false,false,false
20210121,2021-01-21,2021,1,1,January,21,4,3,false,false,false,false
20210122,2021-01-22,2021,1,1,January,22,5,3,false,false,false,false
20210123,2021-01-23,2021,1,1,January,23,6,3,true,false,false,false
20210124,2021-01-24,2021,1,1,January,24,7,3,true,false,false,false
20210125,2021-01-25,2021,1,1,January,25,1,4,false,false,false,false
20210126,2021-01-26,2021,1,1,January,26,2,4,false,false,false,false
20210127,2021-01-27,2021,1,1,January,27,3,4,false,false,false,false
20210128,2021-01-28,2021,1,1,January,28,4,4,false,false,false,false
20210129,2021-01-29,2021,1,1,January,29,5,4,false,false,false,false
20210130,2021-01-30,2021,1,1,January,30,6,4,true,false,false,false
20210131,2021-01-31,2021,1,1,January,31,7,4,true,true,false,false
20210201,2021-02-01,2021,1,2,February,1,1,5,false,false,false,false
20210202,2021-02-02,2021,1,2,February,2,2,5,false,false,false,false
20210203,2021-02-03,2021,1,2,February,3,3,5,false,false,false,false
20210204,2021-02-04,2021,1,2,February,4,4,5,false,false,false,false
20210205,2021-02-05,2021,1,2,February,5,5,5,false,false,false,false
20210206,2021-02-06,2021,1,2,February,6,6,5,true,false,false,false
20210207,2021-02-07,2021,1,2,February,7,7,5,true,false,false,false
20210208,2021-02-08,2021,1,2,February,8,1,6,false,false,false,false
20210209,2021-02-09,2021,1,2,February,9,2,6,false,false,false,false
20210210,2021-02-10,2021,1,2,February,10,3,6,false,false,false,false
20210211,2021-02-11,2021,1,2,February,11,4,6,false,false,false,false
20210212,2021-02-12,2021,1,2,February,12,5,6,false,false,false,false
20210213,2021-02-13,2021,1,2,February,13,6,6,true,false,false,false
20210214,2021-02-14,2021,1,2,February,14,7,6,true,false,false,false
20210215,2021-02-15,2021,1,2,February,15,1,7,false,false,false,false
20210216,2021-02-16,2021,1,2,February,16,2,7,false,false,false,false
20210217,2021-02-17,2021,1,2,February,17,3,7,false,false,false,false
20210218,2021-02-18,2021,1,2,February,18,4,7,false,false,false,false
20210219,2021-02-19,2021,1,2,February,19,5,7,false,false,false,false
20210220,2021-02-20,2021,1,2,February,20,6,7,true,false,false,false
20210221,2021-02-21,2021,1,2,February,21,7,7,true,false,false,false
20210222,2021-02-22,2021,1,2,February,22,1,8,false,false,false,false
20210223,2021-02-23,2021,1,2,February,23,2,8,false,false,false,false
20210224,2021-02-24,2021,1,2,February,24,3,8,false,false,false,false
20210225,2021-02-25,2021,1,2,February,25,4,8,false,false,false,false
20210226,2021-02-26,2021,1,2,February,26,5,8,false,false,false,false
20210227,2021-02-27,2021,1,2,February,27,6,8,true,false,false,false
20210228,2021-02-28,2021,1,2,February,28,7,8,true,true,false,false
20210301,2021-03-01,2021,1,3,March,1,1,9,false,false,false,false
20210302,2021-03-02,2021,1,3,March,2,2,9,false,false,false,false
20210303,2021-03-03,2021,1,3,March,3,3,9,false,false,false,false
20210304,2021-03-04,2021,1,3,March,4,4,9,false,false,false,false
20210305,2021-03-05,2021,1,3,March,5,5,9,false,false,false,false
20210306,2021-03-06,2021,1,3,March,6,6,9,true,false,false,false
20210307,2021-03-07,2021,1,3,March,7,7,9,true,false,false,false
20210308,2021-03-08,2021,1,3,March,8,1,10,false,false,false,false
20210309,2021-03-09,2021,1,3,March,9,2,10,false,false,false,false
20210310,2021-03-10,2021,1,3,March,10,3,10,false,false,false,false
20210311,2021-03-11,2021,1,3,March,11,4,10,false,false,false,false
20210312,2021-03-12,2021,1,3,March,12,5,10,false,false,false,false
20210313,2021-03-13,2021,1,3,March,13,6,10,true,false,false,false
20210314,2021-03-14,2021,1,3,March,14,7,10,true,false,false,false
20210315,2021-03-15,2021,1,3,March,15,1,11,false,false,false,false
20210316,2021-03-16,2021,1,3,March,16,2,11,false,false,false,false
20210317,2021-03-17,2021,1,3,March,17,3,11,false,false,false,false
20210318,2021-03-18,2021,1,3,March,18,4,11,false,false,false,false
20210319,2021-03-19,2021,1,3,March,19,5,11,false,false,false,false
20210320,2021-03-20,2021,1,3,March,20,6,11,true,false,false,false
20210321,2021-03-21,2021,1,3,March,21,7,11,true,false,false,false
20210322,2021-03-22,2021,1,3,March,22,1,12,false,false,false,false
20210323,2021-03-23,2021,1,3,March,23,2,12,false,false,false,false
20210324,2021-03-24,2021,1,3,March,24,3,12,false,false,false,false
20210325,2021-03-25,2021,1,3,March,25,4,12,false,false,false,false
20210326,2021-03-26,2021,1,3,March,26,5,12,false,false,false,false
20210327,2021-03-27,2021,1,3,March,27,6,12,true,false,false,false
20210328,2021-03-28,2021,1,3,March,28,7,12,true,false,false,false
20210329,2021-03-29,2021,1,3,March,29,1,13,false,false,false,false
20210330,2021-03-30,2021,1,3,March,30,2,13,false,false,false,false
20210331,2021-03-31,2021,1,3,March,31,3,13,false,true,true,false
20210401,2021-04-01,2021,2,4,April,1,4,13,false,false,false,false
20210402,2021-04-02,2021,2,4,April,2,5,13,false,false,false,false
20210403,2021-04-03,2021,2,4,April,3,6,13,true,false,false,false
20210404,2021-04-04,2021,2,4,April,4,7,13,true,false,false,false
20210405,2021-04-05,2021,2,4,April,5,1,14,false,false,false,false
20210406,2021-04-06,2021,2,4,April,6,2,14,false,false,false,false
20210407,2021-04-07,2021,2,4,April,7,3,14,false,false,false,false
20210408,2021-04-08,2021,2,4,April,8,4,14,false,false,false,false
20210409,2021-04-09,2021,2,4,April,9,5,14,false,false,false,false
20210410,2021-04-10,2021,2,4,April,10,6,14,true,false,false,false
20210411,2021-04-11,2021,2,4,April,11,7,14,true,false,false,false
20210412,2021-04-12,2021,2,4,April,12,1,15,false,false,false,false
20210413,2021-04-13,2021,2,4,April,13,2,15,false,false,false,false
20210414,2021-04-14,2021,2,4,April,14,3,15,false,false,false,false
20210415,2021-04-15,2021,2,4,April,15,4,15,false,false,false,false
20210416,2021-04-16,2021,2,4,April,16,5,15,false,false,false,false
20210417,2021-04-17,2021,2,4,April,17,6,15,true,false,false,false
20210418,2021-04-18,2021,2,4,April,18,7,15,true,false,false,false
20210419,2021-04-19,2021,2,4,April,19,1,16,false,false,false,false
20210420,2021-04-20,2021,2,4,April,20,2,16,false,false,false,false
20210421,2021-04-21,2021,2,4,April,21,3,16,false,false,false,false
20210422,2021-04-22,2021,2,4,April,22,4,16,false,false,false,false
20210423,2021-04-23,2021,2,4,April,23,5,16,false,false,false,false
20210424,2021-04-24,2021,2,4,April,24,6,16,true,false,false,false
20210425,2021-04-25,2021,2,4,April,25,7,16,true,false,false,false
20210426,2021-04-26,2021,2,4,April,26,1,17,false,false,false,false
20210427,2021-04-27,2021,2,4,April,27,2,17,false,false,false,false
20210428,2021-04-28,2021,2,4,April,28,3,17,false,false,false,false
20210429,2021-04-29,2021,2,4,April,29,4,17,false,false,false,false
20210430,2021-04-30,2021,2,4,April,30,5,17,false,true,false,false
20210501,2021-05-01,2021,2,5,May,1,6,17,true,false,false,false
20210502,2021-05-02,2021,2,5,May,2,7,17,true,false,false,false
20210503,2021-05-03,2021,2,5,May,3,1,18,false,false,false,false
20210504,2021-05-04,2021,2,5,May,4,2,18,false,false,false,false
20210505,2021-05-05,2021,2,5,May,5,3,18,false,false,false,false
20210506,2021-05-06,2021,2,5,May,6,4,18,false,false,false,false
20210507,2021-05-07,2021,2,5,May,7,5,18,false,false,false,false
20210508,2021-05-08,2021,2,5,May,8,6,18,true,false,false,false
20210509,2021-05-09,2021,2,5,May,9,7,18,true,false,false,false
20210510,2021-05-10,2021,2,5,May,10,1,19,false,false,false,false
20210511,2021-05-11,2021,2,5,May,11,2,19,false,false,false,false
20210512,2021-05-12,2021,2,5,May,12,3,19,false,false,false,false
20210513,2021-05-13,2021,2,5,May,13,4,19,false,false,false,false
20210514,2021-05-14,2021,2,5,May,14,5,19,false,false,false,false
20210515,2021-05-15,2021,2,5,May,15,6,19,true,false,false,false
20210516,2021-05-16,2021,2,5,May,16,7,19,true,false,false,false
20210517,2021-05-17,2021,2,5,May,17,1,20,false,false,false,false
20210518,2021-05-18,2021,2,5,May,18,2,20,false,false,false,false
20210519,2021-05-19,2021,2,5,May,19,3,20,false,false,false,false
20210520,2021-05-20,2021,2,5,May,20,4,20,false,false,false,false
20210521,2021-05-21,2021,2,5,May,21,5,20,false,false,false,false
20210522,2021-05-22,2021,2,5,May,22,6,20,true,false,false,false
20210523,2021-05-23,2021,2,5,May,23,7,20,true,false,false,false
20210524,2021-05-24,2021,2,5,May,24,1,21,false,false,false,false
20210525,2021-05-25,2021,2,5,May,25,2,21,false,false,false,false
20210526,2021-05-26,2021,2,5,May,26,3,21,false,false,false,false
20210527,2021-05-27,2021,2,5,May,27,4,21,false,false,false,false
20210528,2021-05-28,2021,2,5,May,28,5,21,false,false,false,false
20210529,2021-05-29,2021,2,5,May,29,6,21,true,false,false,false
20210530,2021-05-30,2021,2,5,May,30,7,21,true,false,false,false
20210531,2021-05-31,2021,2,5,May,31,1,22,false,true,false,false
20210601,2021-06-01,2021,2,6,June,1,2,22,false,false,false,false
20210602,2021-06-02,2021,2,6,June,2,3,22,false,false,false,false
20210603,2021-06-03,2021,2,6,June,3,4,22,false,false,false,false
20210604,2021-06-04,2021,2,6,June,4,5,22,false,false,false,false
20210605,2021-06-05,2021,2,6,June,5,6,22,true,false,false,false
20210606,2021-06-06,2021,2,6,June,6,7,22,true,false,false,false
20210607,2021-06-07,2021,2,6,June,7,1,23,false,false,false,false
20210608,2021-06-08,2021,2,6,June,8,2,23,false,false,false,false
20210609,2021-06-09,2021,2,6,June,9,3,23,false,false,false,false
20210610,2021-06-10,2021,2,6,June,10,4,23,false,false,false,false
20210611,2021-06-11,2021,2,6,June,11,5,23,false,false,false,false
20210612,2021-06-12,2021,2,6,June,12,6,23,true,false,false,false
20210613,2021-06-13,2021,2,6,June,13,7,23,true,false,false,false
20210614,2021-06-14,2021,2,6,June,14,1,24,false,false,false,false
20210615,2021-06-15,2021,2,6,June,15,2,24,false,false,false,false
20210616,2021-06-16,2021,2,6,June,16,3,24,false,false,false,false
20210617,2021-06-17,2021,2,6,June,17,4,24,false,false,false,false
20210618,2021-06-18,2021,2,6,June,18,5,24,false,false,false,false
20210619,2021-06-19,2021,2,6,June,19,6,24,true,false,false,false
20210620,2021-06-20,2021,2,6,June,20,7,24,true,false,false,false
20210621,2021-06-21,2021,2,6,June,21,1,25,false,false,false,false
20210622,2021-06-22,2021,2,6,June,22,2,25,false,false,false,false
20210623,2021-06-23,2021,2,6,June,23,3,25,false,false,false,false
20210624,2021-06-24,2021,2,6,June,24,4,25,false,false,false,false
20210625,2021-06-25,2021,2,6,June,25,5,25,false,false,false,false
20210626,2021-06-26,2021,2,6,June,26,6,25,true,false,false,false
20210627,2021-06-27,2021,2,6,June,27,7,25,true,false,false,false
20210628,2021-06-28,2021,2,6,June,28,1,26,false,false,false,false
20210629,2021-06-29,2021,2,6,June,29,2,26,false,false,false,false
20210630,2021-06-30,2021,2,6,June,30,3,26,false,true,true,false
20210701,2021-07-01,2021,3,7,July,1,4,26,false,false,false,false
20210702,2021-07-02,2021,3,7,July,2,5,26,false,false,false,false
20210703,2021-07-03,2021,3,7,July,3,6,26,true,false,false,false
20210704,2021-07-04,2021,3,7,July,4,7,26,true,false,false,false
20210705,2021-07-05,2021,3,7,July,5,1,27,false,false,false,false
20210706,2021-07-06,2021,3,7,July,6,2,27,false,false,false,false
20210707,2021-07-07,2021,3,7,July,7,3,27,false,false,false,false
20210708,2021-07-08,2021,3,7,July,8,4,27,false,false,false,false
20210709,2021-07-09,2021,3,7,July,9,5,27,false,false,false,false
20210710,2021-07-10,2021,3,7,July,10,6,27,true,false,false,false
20210711,2021-07-11,2021,3,7,July,11,7,27,true,false,false,false
20210712,2021-07-12,2021,3,7,July,12,1,28,false,false,false,false
20210713,2021-07-13,2021,3,7,July,13,2,28,false,false,false,false
20210714,2021-07-14,2021,3,7,July,14,3,28,false,false,false,false
20210715,2021-07-15,2021,3,7,July,15,4,28,false,false,false,false
20210716,2021-07-16,2021,3,7,July,16,5,28,false,false,false,false
20210717,2021-07-17,2021,3,7,July,17,6,28,true,false,false,false
20210718,2021-07-18,2021,3,7,July,18,7,28,true,false,false,false
20210719,2021-07-19,2021,3,7,July,19,1,29,false,false,false,false
20210720,2021-07-20,2021,3,7,July,20,2,29,false,false,false,false
20210721,2021-07-21,2021,3,7,July,21,3,29,false,false,false,false
20210722,2021-07-22,2021,3,7,July,22,4,29,false,false,false,false
20210723,2021-07-23,2021,3,7,July,23,5,29,false,false,false,false
20210724,2021-07-24,2021,3,7,July,24,6,29,true,false,false,false
20210725,2021-07-25,2021,3,7,July,25,7,29,true,false,false,false
20210726,2021-07-26,2021,3,7,July,26,1,30,false,false,false,false
20210727,2021-07-27,2021,3,7,July,27,2,30,false,false,false,false
20210728,2021-07-28,2021,3,7,July,28,3,30,false,false,false,false
20210729,2021-07-29,2021,3,7,July,29,4,30,false,false,false,false
20210730,2021-07-30,2021,3,7,July,30,5,30,false,false,false,false
20210731,2021-07-31,2021,3,7,July,31,6,30,true,true,false,false
20210801,2021-08-01,2021,3,8,August,1,7,30,true,false,false,false
20210802,2021-08-02,2021,3,8,August,2,1,31,false,false,false,false
20210803,2021-08-03,2021,3,8,August,3,2,31,false,false,false,false
20210804,2021-08-04,2021,3,8,August,4,3,31,false,false,false,false
20210805,2021-08-05,2021,3,8,August,5,4,31,false,false,false,false
20210806,2021-08-06,2021,3,8,August,6,5,31,false,false,false,false
20210807,2021-08-07,2021,3,8,August,7,6,31,true,false,false,false
20210808,2021-08-08,2021,3,8,August,8,7,31,true,false,false,false
20210809,2021-08-09,2021,3,8,August,9,1,32,false,false,false,false
20210810,2021-08-10,2021,3,8,August,10,2,32,false,false,false,false
20210811,2021-08-11,2021,3,8,August,11,3,32,false,false,false,false
20210812,2021-08-12,2021,3,8,August,12,4,32,false,false,false,false
20210813,2021-08-13,2021,3,8,August,13,5,32,false,false,false,false
20210814,2021-08-14,2021,3,8,August,14,6,32,true,false,false,false
20210815,2021-08-15,2021,3,8,August,15,7,32,true,false,false,false
20210816,2021-08-16,2021,3,8,August,16,1,33,false,false,false,false
20210817,2021-08-17,2021,3,8,August,17,2,33,false,false,false,false
20210818,2021-08-18,2021,3,8,August,18,3,33,false,false,false,false
20210819,2021-08-19,2021,3,8,August,19,4,33,false,false,false,false
20210820,2021-08-20,2021,3,8,August,20,5,33,false,false,false,false
20210821,2021-08-21,2021,3,8,August,21,6,33,true,false,false,false
20210822,2021-08-22,2021,3,8,August,22,7,33,true,false,false,false
20210823,2021-08-23,2021,3,8,August,23,1,34,false,false,false,false
20210824,2021-08-24,2021,3,8,August,24,2,34,false,false,false,false
20210825,2021-08-25,2021,3,8,August,25,3,34,false,false,false,false
20210826,2021-08-26,2021,3,8,August,26,4,34,false,false,false,false
20210827,2021-08-27,2021,3,8,August,27,5,34,false,false,false,false
20210828,2021-08-28,2021,3,8,August,28,6,34,true,false,false,false
20210829,2021-08-29,2021,3,8,August,29,7,34,true,false,false,false
20210830,2021-08-30,2021,3,8,August,30,1,35,false,false,false,false
20210831,2021-08-31,2021,3,8,August,31,2,35,false,true,false,false
20210901,2021-09-01,2021,3,9,September,1,3,35,false,false,false,false
20210902,2021-09-02,2021,3,9,September,2,4,35,false,false,false,false
20210903,2021-09-03,2021,3,9,September,3,5,35,false,false,false,false
20210904,2021-09-04,2021,3,9,September,4,6,35,true,false,false,false
20210905,2021-09-05,2021,3,9,September,5,7,35,true,false,false,false
20210906,2021-09-06,2021,3,9,September,6,1,36,false,false,false,false
20210907,2021-09-07,2021,3,9,September,7,2,36,false,false,false,false
20210908,2021-09-08,2021,3,9,September,8,3,36,false,false,false,false
20210909,2021-09-09,2021,3,9,September,9,4,36,false,false,false,false
20210910,2021-09-10,2021,3,9,September,10,5,36,false,false,false,false
20210911,2021-09-11,2021,3,9,September,11,6,36,true,false,false,false
20210912,2021-09-12,2021,3,9,September,12,7,36,true,false,false,false
20210913,2021-09-13,2021,3,9,September,13,1,37,false,false,false,false
20210914,2021-09-14,2021,3,9,September,14,2,37,false,false,false,false
20210915,2021-09-15,2021,3,9,September,15,3,37,false,false,false,false
20210916,2021-09-16,2021,3,9,September,16,4,37,false,false,false,false
20210917,2021-09-17,2021,3,9,September,17,5,37,false,false,false,false
20210918,2021-09-18,2021,3,9,September,18,6,37,true,false,false,false
20210919,2021-09-19,2021,3,9,September,19,7,37,true,false,false,false
20210920,2021-09-20,2021,3,9,September,20,1,38,false,false,false,false
20210921,2021-09-21,2021,3,9,September,21,2,38,false,false,false,false
20210922,2021-09-22,2021,3,9,September,22,3,38,false,false,false,false
20210923,2021-09-23,2021,3,9,September,23,4,38,false,false,false,false
20210924,2021-09-24,2021,3,9,September,24,5,38,false,false,false,false
20210925,2021-09-25,2021,3,9,September,25,6,38,true,false,false,false
20210926,2021-09-26,2021,3,9,September,26,7,38,true,false,false,false
20210927,2021-09-27,2021,3,9,September,27,1,39,false,false,false,false
20210928,2021-09-28,2021,3,9,September,28,2,39,false,false,false,false
20210929,2021-09-29,2021,3,9,September,29,3,39,false,false,false,false
20210930,2021-09-30,2021,3,9,September,30,4,39,false,true,true,false
20211001,2021-10-01,2021,4,10,October,1,5,39,false,false,false,false
20211002,2021-10-02,2021,4,10,October,2,6,39,true,false,false,false
20211003,2021-10-03,2021,4,10,October,3,7,39,true,false,false,false
20211004,2021-10-04,2021,4,10,October,4,1,40,false,false,false,false
20211005,2021-10-05,2021,4,10,October,5,2,40,false,false,false,false
20211006,2021-10-06,2021,4,10,October,6,3,40,false,false,false,false
20211007,2021-10-07,2021,4,10,October,7,4,40,false,false,false,false
20211008,2021-10-08,2021,4,10,October,8,5,40,false,false,false,false
20211009,2021-10-09,2021,4,10,October,9,6,40,true,false,false,false
20211010,2021-10-10,2021,4,10,October,10,7,40,true,false,false,false
20211011,2021-10-11,2021,4,10,October,11,1,41,false,false,false,false
20211012,2021-10-12,2021,4,10,October,12,2,41,false,false,false,false
20211013,2021-10-13,2021,4,10,October,13,3,41,false,false,false,false
20211014,2021-10-14,2021,4,10,October,14,4,41,false,false,false,false
20211015,2021-10-15,2021,4,10,October,15,5,41,false,false,false,false
20211016,2021-10-16,2021,4,10,October,16,6,41,true,false,false,false
20211017,2021-10-17,2021,4,10,October,17,7,41,true,false,false,false
20211018,2021-10-18,2021,4,10,October,18,1,42,false,false,false,false
20211019,2021-10-19,2021,4,10,October,19,2,42,false,false,false,false
20211020,2021-10-20,2021,4,10,October,20,3,42,false,false,false,false
20211021,2021-10-21,2021,4,10,October,21,4,42,false,false,false,false
20211022,2021-10-22,2021,4,10,October,22,5,42,false,false,false,false
20211023,2021-10-23,2021,4,10,October,23,6,42,true,false,false,false
20211024,2021-10-24,2021,4,10,October,24,7,42,true,false,false,false
20211025,2021-10-25,2021,4,10,October,25,1,43,false,false,false,false
20211026,2021-10-26,2021,4,10,October,26,2,43,false,false,false,false
20211027,2021-10-27,2021,4,10,October,27,3,43,false,false,false,false
20211028,2021-10-28,2021,4,10,October,28,4,43,false,false,false,false
20211029,2021-10-29,2021,4,10,October,29,5,43,false,false,false,false
20211030,2021-10-30,2021,4,10,October,30,6,43,true,false,false,false
20211031,2021-10-31,2021,4,10,October,31,7,43,true,true,false,false
20211101,2021-11-01,2021,4,11,November,1,1,44,false,false,false,false
20211102,2021-11-02,2021,4,11,November,2,2,44,false,false,false,false
20211103,2021-11-03,2021,4,11,November,3,3,44,false,false,false,false
20211104,2021-11-04,2021,4,11,November,4,4,44,false,false,false,false
20211105,2021-11-05,2021,4,11,November,5,5,44,false,false,false,false
20211106,2021-11-06,2021,4,11,November,6,6,44,true,false,false,false
20211107,2021-11-07,2021,4,11,November,7,7,44,true,false,false,false
20211108,2021-11-08,2021,4,11,November,8,1,45,false,false,false,false
20211109,2021-11-09,2021,4,11,November,9,2,45,false,false,false,false
20211110,2021-11-10,2021,4,11,November,10,3,45,false,false,false,false
20211111,2021-11-11,2021,4,11,November,11,4,45,false,false,false,false
20211112,2021-11-12,2021,4,11,November,12,5,45,false,false,false,false
20211113,2021-11-13,2021,4,11,November,13,6,45,true,false,false,false
20211114,2021-11-14,2021,4,11,November,14,7,45,true,false,false,false
20211115,2021-11-15,2021,4,11,November,15,1,46,false,false,false,false
20211116,2021-11-16,2021,4,11,November,16,2,46,false,false,false,false
20211117,2021-11-17,2021,4,11,November,17,3,46,false,false,false,false
20211118,2021-11-18,2021,4,11,November,18,4,46,false,false,false,false
20211119,2021-11-19,2021,4,11,November,19,5,46,false,false,false,false
20211120,2021-11-20,2021,4,11,November,20,6,46,true,false,false,false
20211121,2021-11-21,2021,4,11,November,21,7,46,true,false,false,false
20211122,2021-11-22,2021,4,11,November,22,1,47,false,false,false,false
20211123,2021-11-23,2021,4,11,November,23,2,47,false,false,false,false
20211124,2021-11-24,2021,4,11,November,24,3,47,false,false,false,false
20211125,2021-11-25,2021,4,11,November,25,4,47,false,false,false,false
20211126,2021-11-26,2021,4,11,November,26,5,47,false,false,false,false
20211127,2021-11-27,2021,4,11,November,27,6,47,true,false,false,false
20211128,2021-11-28,2021,4,11,November,28,7,47,true,false,false,false
20211129,2021-11-29,2021,4,11,November,29,1,48,false,false,false,false
20211130,2021-11-30,2021,4,11,November,30,2,48,false,true,false,false
20211201,2021-12-01,2021,4,12,December,1,3,48,false,false,false,false
20211202,2021-12-02,2021,4,12,December,2,4,48,false,false,false,false
20211203,2021-12-03,2021,4,12,December,3,5,48,false,false,false,false
20211204,2021-12-04,2021,4,12,December,4,6,48,true,false,false,false
20211205,2021-12-05,2021,4,12,December,5,7,48,true,false,false,false
20211206,2021-12-06,2021,4,12,December,6,1,49,false,false,false,false
20211207,2021-12-07,2021,4,12,December,7,2,49,false,false,false,false
20211208,2021-12-08,2021,4,12,December,8,3,49,false,false,false,false
20211209,2021-12-09,2021,4,12,December,9,4,49,false,false,false,false
20211210,2021-12-10,2021,4,12,December,10,5,49,false,false,false,false
20211211,2021-12-11,2021,4,12,December,11,6,49,true,false,false,false
20211212,2021-12-12,2021,4,12,December,12,7,49,true,false,false,false
20211213,2021-12-13,2021,4,12,December,13,1,50,false,false,false,false
20211214,2021-12-14,2021,4,12,December,14,2,50,false,false,false,false
20211215,2021-12-15,2021,4,12,December,15,3,50,false,false,false,false
20211216,2021-12-16,2021,4,12,December,16,4,50,false,false,false,false
20211217,2021-12-17,2021,4,12,December,17,5,50,false,false,false,false
20211218,2021-12-18,2021,4,12,December,18,6,50,true,false,false,false
20211219,2021-12-19,2021,4,12,December,19,7,50,true,false,false,false
20211220,2021-12-20,2021,4,12,December,20,1,51,false,false,false,false
20211221,2021-12-21,2021,4,12,December,21,2,51,false,false,false,false
20211222,2021-12-22,2021,4,12,December,22,3,51,false,false,false,false
20211223,2021-12-23,2021,4,12,December,23,4,51,false,false,false,false
20211224,2021-12-24,2021,4,12,December,24,5,51,false,false,false,false
20211225,2021-12-25,2021,4,12,December,25,6,51,true,false,false,false
20211226,2021-12-26,2021,4,12,December,26,7,51,true,false,false,false
20211227,2021-12-27,2021,4,12,December,27,1,52,false,false,false,false
20211228,2021-12-28,2021,4,12,December,28,2,52,false,false,false,false
20211229,2021-12-29,2021,4,12,December,29,3,52,false,false,false,false
20211230,2021-12-30,2021,4,12,December,30,4,52,false,false,false,false
20211231,2021-12-31,2021,4,12,December,31,5,52,false,true,true,true
20220101,2022-01-01,2022,1,1,January,1,6,52,true,false,false,false
20220102,2022-01-02,2022,1,1,January,2,7,52,true,false,false,false
20220103,2022-01-03,2022,1,1,January,3,1,1,false,false,false,false
20220104,2022-01-04,2022,1,1,January,4,2,1,false,false,false,false
20220105,2022-01-05,2022,1,1,January,5,3,1,false,false,false,false
20220106,2022-01-06,2022,1,1,January,6,4,1,false,false,false,false
20220107,2022-01-07,2022,1,1,January,7,5,1,false,false,false,false
20220108,2022-01-08,2022,1,1,January,8,6,1,true,false,false,false
20220109,2022-01-09,2022,1,1,January,9,7,1,true,false,false,false
20220110,2022-01-10,2022,1,1,January,10,1,2,false,false,false,false
20220111,2022-01-11,2022,1,1,January,11,2,2,false,false,false,false
20220112,2022-01-12,2022,1,1,January,12,3,2,false,false,false,false
20220113,2022-01-13,2022,1,1,January,13,4,2,false,false,false,false
20220114,2022-01-14,2022,1,1,January,14,5,2,false,false,false,false
20220115,2022-01-15,2022,1,1,January,15,6,2,true,false,false,false
20220116,2022-01-16,2022,1,1,January,16,7,2,true,false,false,false
20220117,2022-01-17,2022,1,1,January,17,1,3,false,false,false,false
20220118,2022-01-18,2022,1,1,January,18,2,3,false,false,false,false
20220119,2022-01-19,2022,1,1,January,19,3,3,false,false,false,false
20220120,2022-01-20,2022,1,1,January,20,4,3,false,false,false,false
20220121,2022-01-21,2022,1,1,January,21,5,3,false,false,false,false
20220122,2022-01-22,2022,1,1,January,22,6,3,true,false,false,false
20220123,2022-01-23,2022,1,1,January,23,7,3,true,false,false,false
20220124,2022-01-24,2022,1,1,January,24,1,4,false,false,false,false
20220125,2022-01-25,2022,1,1,January,25,2,4,false,false,false,false
20220126,2022-01-26,2022,1,1,January,26,3,4,false,false,false,false
20220127,2022-01-27,2022,1,1,January,27,4,4,false,false,false,false
20220128,2022-01-28,2022,1,1,January,28,5,4,false,false,false,false
20220129,2022-01-29,2022,1,1,January,29,6,4,true,false,false,false
20220130,2022-01-30,2022,1,1,January,30,7,4,true,false,false,false
20220131,2022-01-31,2022,1,1,January,31,1,5,false,true,false,false
20220201,2022-02-01,2022,1,2,February,1,2,5,false,false,false,false
20220202,2022-02-02,2022,1,2,February,2,3,5,false,false,false,false
20220203,2022-02-03,2022,1,2,February,3,4,5,false,false,false,false
20220204,2022-02-04,2022,1,2,February,4,5,5,false,false,false,false
20220205,2022-02-05,2022,1,2,February,5,6,5,true,false,false,false
20220206,2022-02-06,2022,1,2,February,6,7,5,true,false,false,false
20220207,2022-02-07,2022,1,2,February,7,1,6,false,false,false,false
20220208,2022-02-08,2022,1,2,February,8,2,6,false,false,false,false
20220209,2022-02-09,2022,1,2,February,9,3,6,false,false,false,false
20220210,2022-02-10,2022,1,2,February,10,4,6,false,false,false,false
20220211,2022-02-11,2022,1,2,February,11,5,6,false,false,false,false
20220212,2022-02-12,2022,1,2,February,12,6,6,true,false,false,false
20220213,2022-02-13,2022,1,2,February,13,7,6,true,false,false,false
20220214,2022-02-14,2022,1,2,February,14,1,7,false,false,false,false
20220215,2022-02-15,2022,1,2,February,15,2,7,false,false,false,false
20220216,2022-02-16,2022,1,2,February,16,3,7,false,false,false,false
20220217,2022-02-17,2022,1,2,February,17,4,7,false,false,false,false
20220218,2022-02-18,2022,1,2,February,18,5,7,false,false,false,false
20220219,2022-02-19,2022,1,2,February,19,6,7,true,false,false,false
20220220,2022-02-20,2022,1,2,February,20,7,7,true,false,false,false
20220221,2022-02-21,2022,1,2,February,21,1,8,false,false,false,false
20220222,2022-02-22,2022,1,2,February,22,2,8,false,false,false,false
20220223,2022-02-23,2022,1,2,February,23,3,8,false,false,false,false
20220224,2022-02-24,2022,1,2,February,24,4,8,false,false,false,false
20220225,2022-02-25,2022,1,2,February,25,5,8,false,false,false,false
20220226,2022-02-26,2022,1,2,February,26,6,8,true,false,false,false
20220227,2022-02-27,2022,1,2,February,27,7,8,true,false,false,false
20220228,2022-02-28,2022,1,2,February,28,1,9,false,true,false,false
20220301,2022-03-01,2022,1,3,March,1,2,9,false,false,false,false
20220302,2022-03-02,2022,1,3,March,2,3,9,false,false,false,false
20220303,2022-03-03,2022,1,3,March,3,4,9,false,false,false,false
20220304,2022-03-04,2022,1,3,March,4,5,9,false,false,false,false
20220305,2022-03-05,2022,1,3,March,5,6,9,true,false,false,false
20220306,2022-03-06,2022,1,3,March,6,7,9,true,false,false,false
20220307,2022-03-07,2022,1,3,March,7,1,10,false,false,false,false
20220308,2022-03-08,2022,1,3,March,8,2,10,false,false,false,false
20220309,2022-03-09,2022,1,3,March,9,3,10,false,false,false,false
20220310,2022-03-10,2022,1,3,March,10,4,10,false,false,false,false
20220311,2022-03-11,2022,1,3,March,11,5,10,false,false,false,false
20220312,2022-03-12,2022,1,3,March,12,6,10,true,false,false,false
20220313,2022-03-13,2022,1,3,March,13,7,10,true,false,false,false
20220314,2022-03-14,2022,1,3,March,14,1,11,false,false,false,false
20220315,2022-03-15,2022,1,3,March,15,2,11,false,false,false,false
20220316,2022-03-16,2022,1,3,March,16,3,11,false,false,false,false
20220317,2022-03-17,2022,1,3,March,17,4,11,false,false,false,false
20220318,2022-03-18,2022,1,3,March,18,5,11,false,false,false,false
20220319,2022-03-19,2022,1,3,March,19,6,11,true,false,false,false
20220320,2022-03-20,2022,1,3,March,20,7,11,true,false,false,false
20220321,2022-03-21,2022,1,3,March,21,1,12,false,false,false,false
20220322,2022-03-22,2022,1,3,March,22,2,12,false,false,false,false
20220323,2022-03-23,2022,1,3,March,23,3,12,false,false,false,false
20220324,2022-03-24,2022,1,3,March,24,4,12,false,false,false,false
20220325,2022-03-25,2022,1,3,March,25,5,12,false,false,false,false
20220326,2022-03-26,2022,1,3,March,26,6,12,true,false,false,false
20220327,2022-03-27,2022,1,3,March,27,7,12,true,false,false,false
20220328,2022-03-28,2022,1,3,March,28,1,13,false,false,false,false
20220329,2022-03-29,2022,1,3,March,29,2,13,false,false,false,false
20220330,2022-03-30,2022,1,3,March,30,3,13,false,false,false,false
20220331,2022-03-31,2022,1,3,March,31,4,13,false,true,true,false
20220401,2022-04-01,2022,2,4,April,1,5,13,false,false,false,false
20220402,2022-04-02,2022,2,4,April,2,6,13,true,false,false,false
20220403,2022-04-03,2022,2,4,April,3,7,13,true,false,false,false
20220404,2022-04-04,2022,2,4,April,4,1,14,false,false,false,false
20220405,2022-04-05,2022,2,4,April,5,2,14,false,false,false,false
20220406,2022-04-06,2022,2,4,April,6,3,14,false,false,false,false
20220407,2022-04-07,2022,2,4,April,7,4,14,false,false,false,false
20220408,2022-04-08,2022,2,4,April,8,5,14,false,false,false,false
20220409,2022-04-09,2022,2,4,April,9,6,14,true,false,false,false
20220410,2022-04-10,2022,2,4,April,10,7,14,true,false,false,false
20220411,2022-04-11,2022,2,4,April,11,1,15,false,false,false,false
20220412,2022-04-12,2022,2,4,April,12,2,15,false,false,false,false
20220413,2022-04-13,2022,2,4,April,13,3,15,false,false,false,false
20220414,2022-04-14,2022,2,4,April,14,4,15,false,false,false,false
20220415,2022-04-15,2022,2,4,April,15,5,15,false,false,false,false
20220416,2022-04-16,2022,2,4,April,16,6,15,true,false,false,false
20220417,2022-04-17,2022,2,4,April,17,7,15,true,false,false,false
20220418,2022-04-18,2022,2,4,April,18,1,16,false,false,false,false
20220419,2022-04-19,2022,2,4,April,19,2,16,false,false,false,false
20220420,2022-04-20,2022,2,4,April,20,3,16,false,false,false,false
20220421,2022-04-21,2022,2,4,April,21,4,16,false,false,false,false
20220422,2022-04-22,2022,2,4,April,22,5,16,false,false,false,false
20220423,2022-04-23,2022,2,4,April,23,6,16,true,false,false,false
20220424,2022-04-24,2022,2,4,April,24,7,16,true,false,false,false
20220425,2022-04-25,2022,2,4,April,25,1,17,false,false,false,false
20220426,2022-04-26,2022,2,4,April,26,2,17,false,false,false,false
20220427,2022-04-27,2022,2,4,April,27,3,17,false,false,false,false
20220428,2022-04-28,2022,2,4,April,28,4,17,false,false,false,false
20220429,2022-04-29,2022,2,4,April,29,5,17,false,false,false,false
20220430,2022-04-30,2022,2,4,April,30,6,17,true,true,false,false
20220501,2022-05-01,2022,2,5,May,1,7,17,true,false,false,false
20220502,2022-05-02,2022,2,5,May,2,1,18,false,false,false,false
20220503,2022-05-03,2022,2,5,May,3,2,18,false,false,false,false
20220504,2022-05-04,2022,2,5,May,4,3,18,false,false,false,false
20220505,2022-05-05,2022,2,5,May,5,4,18,false,false,false,false
20220506,2022-05-06,2022,2,5,May,6,5,18,false,false,false,false
20220507,2022-05-07,2022,2,5,May,7,6,18,true,false,false,false
20220508,2022-05-08,2022,2,5,May,8,7,18,true,false,false,false
20220509,2022-05-09,2022,2,5,May,9,1,19,false,false,false,false
20220510,2022-05-10,2022,2,5,May,10,2,19,false,false,false,false
20220511,2022-05-11,2022,2,5,May,11,3,19,false,false,false,false
20220512,2022-05-12,2022,2,5,May,12,4,19,false,false,false,false
20220513,2022-05-13,2022,2,5,May,13,5,19,false,false,false,false
20220514,2022-05-14,2022,2,5,May,14,6,19,true,false,false,false
20220515,2022-05-15,2022,2,5,May,15,7,19,true,false,false,false
20220516,2022-05-16,2022,2,5,May,16,1,20,false,false,false,false
20220517,2022-05-17,2022,2,5,May,17,2,20,false,false,false,false
20220518,2022-05-18,2022,2,5,May,18,3,20,false,false,false,false
20220519,2022-05-19,2022,2,5,May,19,4,20,false,false,false,false
20220520,2022-05-20,2022,2,5,May,20,5,20,false,false,false,false
20220521,2022-05-21,2022,2,5,May,21,6,20,true,false,false,false
20220522,2022-05-22,2022,2,5,May,22,7,20,true,false,false,false
20220523,2022-05-23,2022,2,5,May,23,1,21,false,false,false,false
20220524,2022-05-24,2022,2,5,May,24,2,21,false,false,false,false
20220525,2022-05-25,2022,2,5,May,25,3,21,false,false,false,false
20220526,2022-05-26,2022,2,5,May,26,4,21,false,false,false,false
20220527,2022-05-27,2022,2,5,May,27,5,21,false,false,false,false
20220528,2022-05-28,2022,2,5,May,28,6,21,true,false,false,false
20220529,2022-05-29,2022,2,5,May,29,7,21,true,false,false,false
20220530,2022-05-30,2022,2,5,May,30,1,22,false,false,false,false
20220531,2022-05-31,2022,2,5,May,31,2,22,false,true,false,false
20220601,2022-06-01,2022,2,6,June,1,3,22,false,false,false,false
20220602,2022-06-02,2022,2,6,June,2,4,22,false,false,false,false
20220603,2022-06-03,2022,2,6,June,3,5,22,false,false,false,false
20220604,2022-06-04,2022,2,6,June,4,6,22,true,false,false,false
20220605,2022-06-05,2022,2,6,June,5,7,22,true,false,false,false
20220606,2022-06-06,2022,2,6,June,6,1,23,false,false,false,false
20220607,2022-06-07,2022,2,6,June,7,2,23,false,false,false,false
20220608,2022-06-08,2022,2,6,June,8,3,23,false,false,false,false
20220609,2022-06-09,2022,2,6,June,9,4,23,false,false,false,false
20220610,2022-06-10,2022,2,6,June,10,5,23,false,false,false,false
20220611,2022-06-11,2022,2,6,June,11,6,23,true,false,false,false
20220612,2022-06-12,2022,2,6,June,12,7,23,true,false,false,false
20220613,2022-06-13,2022,2,6,June,13,1,24,false,false,false,false
20220614,2022-06-14,2022,2,6,June,14,2,24,false,false,false,false
20220615,2022-06-15,2022,2,6,June,15,3,24,false,false,false,false
20220616,2022-06-16,2022,2,6,June,16,4,24,false,false,false,false
20220617,2022-06-17,2022,2,6,June,17,5,24,false,false,false,false
20220618,2022-06-18,2022,2,6,June,18,6,24,true,false,false,false
20220619,2022-06-19,2022,2,6,June,19,7,24,true,false,false,false
20220620,2022-06-20,2022,2,6,June,20,1,25,false,false,false,false
20220621,2022-06-21,2022,2,6,June,21,2,25,false,false,false,false
20220622,2022-06-22,2022,2,6,June,22,3,25,false,false,false,false
20220623,2022-06-23,2022,2,6,June,23,4,25,false,false,false,false
20220624,2022-06-24,2022,2,6,June,24,5,25,false,false,false,false
20220625,2022-06-25,2022,2,6,June,25,6,25,true,false,false,false
20220626,2022-06-26,2022,2,6,June,26,7,25,true,false,false,false
20220627,2022-06-27,2022,2,6,June,27,1,26,false,false,false,false
20220628,2022-06-28,2022,2,6,June,28,2,26,false,false,false,false
20220629,2022-06-29,2022,2,6,June,29,3,26,false,false,false,false
20220630,2022-06-30,2022,2,6,June,30,4,26,false,true,true,false
20220701,2022-07-01,2022,3,7,July,1,5,26,false,false,false,false
20220702,2022-07-02,2022,3,7,July,2,6,26,true,false,false,false
20220703,2022-07-03,2022,3,7,July,3,7,26,true,false,false,false
20220704,2022-07-04,2022,3,7,July,4,1,27,false,false,false,false
20220705,2022-07-05,2022,3,7,July,5,2,27,false,false,false,false
20220706,2022-07-06,2022,3,7,July,6,3,27,false,false,false,false
20220707,2022-07-07,2022,3,7,July,7,4,27,false,false,false,false
20220708,2022-07-08,2022,3,7,July,8,5,27,false,false,false,false
20220709,2022-07-09,2022,3,7,July,9,6,27,true,false,false,false
20220710,2022-07-10,2022,3,7,July,10,7,27,true,false,false,false
20220711,2022-07-11,2022,3,7,July,11,1,28,false,false,false,false
20220712,2022-07-12,2022,3,7,July,12,2,28,false,false,false,false
20220713,2022-07-13,2022,3,7,July,13,3,28,false,false,false,false
20220714,2022-07-14,2022,3,7,July,14,4,28,false,false,false,false
20220715,2022-07-15,2022,3,7,July,15,5,28,false,false,false,false
20220716,2022-07-16,2022,3,7,July,16,6,28,true,false,false,false
20220717,2022-07-17,2022,3,7,July,17,7,28,true,false,false,false
20220718,2022-07-18,2022,3,7,July,18,1,29,false,false,false,false
20220719,2022-07-19,2022,3,7,July,19,2,29,false,false,false,false
20220720,2022-07-20,2022,3,7,July,20,3,29,false,false,false,false
20220721,2022-07-21,2022,3,7,July,21,4,29,false,false,false,false
20220722,2022-07-22,2022,3,7,July,22,5,29,false,false,false,false
20220723,2022-07-23,2022,3,7,July,23,6,29,true,false,false,false
20220724,2022-07-24,2022,3,7,July,24,7,29,true,false,false,false
20220725,2022-07-25,2022,3,7,July,25,1,30,false,false,false,false
20220726,2022-07-26,2022,3,7,July,26,2,30,false,false,false,false
20220727,2022-07-27,2022,3,7,July,27,3,30,false,false,false,false
20220728,2022-07-28,2022,3,7,July,28,4,30,false,false,false,false
20220729,2022-07-29,2022,3,7,July,29,5,30,false,false,false,false
20220730,2022-07-30,2022,3,7,July,30,6,30,true,false,false,false
20220731,2022-07-31,2022,3,7,July,31,7,30,true,true,false,false
20220801,2022-08-01,2022,3,8,August,1,1,31,false,false,false,false
20220802,2022-08-02,2022,3,8,August,2,2,31,false,false,false,false
20220803,2022-08-03,2022,3,8,August,3,3,31,false,false,false,false
20220804,2022-08-04,2022,3,8,August,4,4,31,false,false,false,false
20220805,2022-08-05,2022,3,8,August,5,5,31,false,false,false,false
20220806,2022-08-06,2022,3,8,August,6,6,31,true,false,false,false
20220807,2022-08-07,2022,3,8,August,7,7,31,true,false,false,false
20220808,2022-08-08,2022,3,8,August,8,1,32,false,false,false,false
20220809,2022-08-09,2022,3,8,August,9,2,32,false,false,false,false
20220810,2022-08-10,2022,3,8,August,10,3,32,false,false,false,false
20220811,2022-08-11,2022,3,8,August,11,4,32,false,false,false,false
20220812,2022-08-12,2022,3,8,August,12,5,32,false,false,false,false
20220813,2022-08-13,2022,3,8,August,13,6,32,true,false,false,false
20220814,2022-08-14,2022,3,8,August,14,7,32,true,false,false,false
20220815,2022-08-15,2022,3,8,August,15,1,33,false,false,false,false
20220816,2022-08-16,2022,3,8,August,16,2,33,false,false,false,false
20220817,2022-08-17,2022,3,8,August,17,3,33,false,false,false,false
20220818,2022-08-18,2022,3,8,August,18,4,33,false,false,false,false
20220819,2022-08-19,2022,3,8,August,19,5,33,false,false,false,false
20220820,2022-08-20,2022,3,8,August,20,6,33,true,false,false,false
20220821,2022-08-21,2022,3,8,August,21,7,33,true,false,false,false
20220822,2022-08-22,2022,3,8,August,22,1,34,false,false,false,false
20220823,2022-08-23,2022,3,8,August,23,2,34,false,false,false,false
20220824,2022-08-24,2022,3,8,August,24,3,34,false,false,false,false
20220825,2022-08-25,2022,3,8,August,25,4,34,false,false,false,false
20220826,2022-08-26,2022,3,8,August,26,5,34,false,false,false,false
20220827,2022-08-27,2022,3,8,August,27,6,34,true,false,false,false
20220828,2022-08-28,2022,3,8,August,28,7,34,true,false,false,false
20220829,2022-08-29,2022,3,8,August,29,1,35,false,false,false,false
20220830,2022-08-30,2022,3,8,August,30,2,35,false,false,false,false
20220831,2022-08-31,2022,3,8,August,31,3,35,false,true,false,false
20220901,2022-09-01,2022,3,9,September,1,4,35,false,false,false,false
20220902,2022-09-02,2022,3,9,September,2,5,35,false,false,false,false
20220903,2022-09-03,2022,3,9,September,3,6,35,true,false,false,false
20220904,2022-09-04,2022,3,9,September,4,7,35,true,false,false,false
20220905,2022-09-05,2022,3,9,September,5,1,36,false,false,false,false
20220906,2022-09-06,2022,3,9,September,6,2,36,false,false,false,false
20220907,2022-09-07,2022,3,9,September,7,3,36,false,false,false,false
20220908,2022-09-08,2022,3,9,September,8,4,36,false,false,false,false
20220909,2022-09-09,2022,3,9,September,9,5,36,false,false,false,false
20220910,2022-09-10,2022,3,9,September,10,6,36,true,false,false,false
20220911,2022-09-11,2022,3,9,September,11,7,36,true,false,false,false
20220912,2022-09-12,2022,3,9,September,12,1,37,false,false,false,false
20220913,2022-09-13,2022,3,9,September,13,2,37,false,false,false,false
20220914,2022-09-14,2022,3,9,September,14,3,37,false,false,false,false
20220915,2022-09-15,2022,3,9,September,15,4,37,false,false,false,false
20220916,2022-09-16,2022,3,9,September,16,5,37,false,false,false,false
20220917,2022-09-17,2022,3,9,September,17,6,37,true,false,false,false
20220918,2022-09-18,2022,3,9,September,18,7,37,true,false,false,false
20220919,2022-09-19,2022,3,9,September,19,1,38,false,false,false,false
20220920,2022-09-20,2022,3,9,September,20,2,38,false,false,false,false
20220921,2022-09-21,2022,3,9,September,21,3,38,false,false,false,false
20220922,2022-09-22,2022,3,9,September,22,4,38,false,false,false,false
20220923,2022-09-23,2022,3,9,September,23,5,38,false,false,false,false
20220924,2022-09-24,2022,3,9,September,24,6,38,true,false,false,false
20220925,2022-09-25,2022,3,9,September,25,7,38,true,false,false,false
20220926,2022-09-26,2022,3,9,September,26,1,39,false,false,false,false
20220927,2022-09-27,2022,3,9,September,27,2,39,false,false,false,false
20220928,2022-09-28,2022,3,9,September,28,3,39,false,false,false,false
20220929,2022-09-29,2022,3,9,September,29,4,39,false,false,false,false
20220930,2022-09-30,2022,3,9,September,30,5,39,false,true,true,false
20221001,2022-10-01,2022,4,10,October,1,6,39,true,false,false,false
20221002,2022-10-02,2022,4,10,October,2,7,39,true,false,false,false
20221003,2022-10-03,2022,4,10,October,3,1,40,false,false,false,false
20221004,2022-10-04,2022,4,10,October,4,2,40,false,false,false,false
20221005,2022-10-05,2022,4,10,October,5,3,40,false,false,false,false
20221006,2022-10-06,2022,4,10,October,6,4,40,false,false,false,false
20221007,2022-10-07,2022,4,10,October,7,5,40,false,false,false,false
20221008,2022-10-08,2022,4,10,October,8,6,40,true,false,false,false
20221009,2022-10-09,2022,4,10,October,9,7,40,true,false,false,false
20221010,2022-10-10,2022,4,10,October,10,1,41,false,false,false,false
20221011,2022-10-11,2022,4,10,October,11,2,41,false,false,false,false
20221012,2022-10-12,2022,4,10,October,12,3,41,false,false,false,false
20221013,2022-10-13,2022,4,10,October,13,4,41,false,false,false,false
20221014,2022-10-14,2022,4,10,October,14,5,41,false,false,false,false
20221015,2022-10-15,2022,4,10,October,15,6,41,true,false,false,false
20221016,2022-10-16,2022,4,10,October,16,7,41,true,false,false,false
20221017,2022-10-17,2022,4,10,October,17,1,42,false,false,false,false
20221018,2022-10-18,2022,4,10,October,18,2,42,false,false,false,false
20221019,2022-10-19,2022,4,10,October,19,3,42,false,false,false,false
20221020,2022-10-20,2022,4,10,October,20,4,42,false,false,false,false
20221021,2022-10-21,2022,4,10,October,21,5,42,false,false,false,false
20221022,2022-10-22,2022,4,10,October,22,6,42,true,false,false,false
20221023,2022-10-23,2022,4,10,October,23,7,42,true,false,false,false
20221024,2022-10-24,2022,4,10,October,24,1,43,false,false,false,false
20221025,2022-10-25,2022,4,10,October,25,2,43,false,false,false,false
20221026,2022-10-26,2022,4,10,October,26,3,43,false,false,false,false
20221027,2022-10-27,2022,4,10,October,27,4,43,false,false,false,false
20221028,2022-10-28,2022,4,10,October,28,5,43,false,false,false,false
20221029,2022-10-29,2022,4,10,October,29,6,43,true,false,false,false
20221030,2022-10-30,2022,4,10,October,30,7,43,true,false,false,false
20221031,2022-10-31,2022,4,10,October,31,1,44,false,true,false,false
20221101,2022-11-01,2022,4,11,November,1,2,44,false,false,false,false
20221102,2022-11-02,2022,4,11,November,2,3,44,false,false,false,false
20221103,2022-11-03,2022,4,11,November,3,4,44,false,false,false,false
20221104,2022-11-04,2022,4,11,November,4,5,44,false,false,false,false
20221105,2022-11-05,2022,4,11,November,5,6,44,true,false,false,false
20221106,2022-11-06,2022,4,11,November,6,7,44,true,false,false,false
20221107,2022-11-07,2022,4,11,November,7,1,45,false,false,false,false
20221108,2022-11-08,2022,4,11,November,8,2,45,false,false,false,false
20221109,2022-11-09,2022,4,11,November,9,3,45,false,false,false,false
20221110,2022-11-10,2022,4,11,November,10,4,45,false,false,false,false
20221111,2022-11-11,2022,4,11,November,11,5,45,false,false,false,false
20221112,2022-11-12,2022,4,11,November,12,6,45,true,false,false,false
20221113,2022-11-13,2022,4,11,November,13,7,45,true,false,false,false
20221114,2022-11-14,2022,4,11,November,14,1,46,false,false,false,false
20221115,2022-11-15,2022,4,11,November,15,2,46,false,false,false,false
20221116,2022-11-16,2022,4,11,November,16,3,46,false,false,false,false
20221117,2022-11-17,2022,4,11,November,17,4,46,false,false,false,false
20221118,2022-11-18,2022,4,11,November,18,5,46,false,false,false,false
20221119,2022-11-19,2022,4,11,November,19,6,46,true,false,false,false
20221120,2022-11-20,2022,4,11,November,20,7,46,true,false,false,false
20221121,2022-11-21,2022,4,11,November,21,1,47,false,false,false,false
20221122,2022-11-22,2022,4,11,November,22,2,47,false,false,false,false
20221123,2022-11-23,2022,4,11,November,23,3,47,false,false,false,false
20221124,2022-11-24,2022,4,11,November,24,4,47,false,false,false,false
20221125,2022-11-25,2022,4,11,November,25,5,47,false,false,false,false
20221126,2022-11-26,2022,4,11,November,26,6,47,true,false,false,false
20221127,2022-11-27,2022,4,11,November,27,7,47,true,false,false,false
20221128,2022-11-28,2022,4,11,November,28,1,48,false,false,false,false
20221129,2022-11-29,2022,4,11,November,29,2,48,false,false,false,false
20221130,2022-11-30,2022,4,11,November,30,3,48,false,true,false,false
20221201,2022-12-01,2022,4,12,December,1,4,48,false,false,false,false
20221202,2022-12-02,2022,4,12,December,2,5,48,false,false,false,false
20221203,2022-12-03,2022,4,12,December,3,6,48,true,false,false,false
20221204,2022-12-04,2022,4,12,December,4,7,48,true,false,false,false
20221205,2022-12-05,2022,4,12,December,5,1,49,false,false,false,false
20221206,2022-12-06,2022,4,12,December,6,2,49,false,false,false,false
20221207,2022-12-07,2022,4,12,December,7,3,49,false,false,false,false
20221208,2022-12-08,2022,4,12,December,8,4,49,false,false,false,false
20221209,2022-12-09,2022,4,12,December,9,5,49,false,false,false,false
20221210,2022-12-10,2022,4,12,December,10,6,49,true,false,false,false
20221211,2022-12-11,2022,4,12,December,11,7,49,true,false,false,false
20221212,2022-12-12,2022,4,12,December,12,1,50,false,false,false,false
20221213,2022-12-13,2022,4,12,December,13,2,50,false,false,false,false
20221214,2022-12-14,2022,4,12,December,14,3,50,false,false,false,false
20221215,2022-12-15,2022,4,12,December,15,4,50,false,false,false,false
20221216,2022-12-16,2022,4,12,December,16,5,50,false,false,false,false
20221217,2022-12-17,2022,4,12,December,17,6,50,true,false,false,false
20221218,2022-12-18,2022,4,12,December,18,7,50,true,false,false,false
20221219,2022-12-19,2022,4,12,December,19,1,51,false,false,false,false
20221220,2022-12-20,2022,4,12,December,20,2,51,false,false,false,false
20221221,2022-12-21,2022,4,12,December,21,3,51,false,false,false,false
20221222,2022-12-22,2022,4,12,December,22,4,51,false,false,false,false
20221223,2022-12-23,2022,4,12,December,23,5,51,false,false,false,false
20221224,2022-12-24,2022,4,12,December,24,6,51,true,false,false,false
20221225,2022-12-25,2022,4,12,December,25,7,51,true,false,false,false
20221226,2022-12-26,2022,4,12,December,26,1,52,false,false,false,false
20221227,2022-12-27,2022,4,12,December,27,2,52,false,false,false,false
20221228,2022-12-28,2022,4,12,December,28,3,52,false,false,false,false
20221229,2022-12-29,2022,4,12,December,29,4,52,false,false,false,false
20221230,2022-12-30,2022,4,12,December,30,5,52,false,false,false,false
20221231,2022-12-31,2022,4,12,December,31,6,52,true,true,true,true
20230101,2023-01-01,2023,1,1,January,1,7,52,true,false,false,false
20230102,2023-01-02,2023,1,1,January,2,1,1,false,false,false,false
20230103,2023-01-03,2023,1,1,January,3,2,1,false,false,false,false
20230104,2023-01-04,2023,1,1,January,4,3,1,false,false,false,false
20230105,2023-01-05,2023,1,1,January,5,4,1,false,false,false,false
20230106,2023-01-06,2023,1,1,January,6,5,1,false,false,false,false
20230107,2023-01-07,2023,1,1,January,7,6,1,true,false,false,false
20230108,2023-01-08,2023,1,1,January,8,7,1,true,false,false,false
20230109,2023-01-09,2023,1,1,January,9,1,2,false,false,false,false
20230110,2023-01-10,2023,1,1,January,10,2,2,false,false,false,false
20230111,2023-01-11,2023,1,1,January,11,3,2,false,false,false,false
20230112,2023-01-12,2023,1,1,January,12,4,2,false,false,false,false
20230113,2023-01-13,2023,1,1,January,13,5,2,false,false,false,false
20230114,2023-01-14,2023,1,1,January,14,6,2,true,false,false,false
20230115,2023-01-15,2023,1,1,January,15,7,2,true,false,false,false
20230116,2023-01-16,2023,1,1,January,16,1,3,false,false,false,false
20230117,2023-01-17,2023,1,1,January,17,2,3,false,false,false,false
20230118,2023-01-18,2023,1,1,January,18,3,3,false,false,false,false
20230119,2023-01-19,2023,1,1,January,19,4,3,false,false,false,false
20230120,2023-01-20,2023,1,1,January,20,5,3,false,false,false,false
20230121,2023-01-21,2023,1,1,January,21,6,3,true,false,false,false
20230122,2023-01-22,2023,1,1,January,22,7,3,true,false,false,false
20230123,2023-01-23,2023,1,1,January,23,1,4,false,false,false,false
20230124,2023-01-24,2023,1,1,January,24,2,4,false,false,false,false
20230125,2023-01-25,2023,1,1,January,25,3,4,false,false,false,false
20230126,2023-01-26,2023,1,1,January,26,4,4,false,false,false,false
20230127,2023-01-27,2023,1,1,January,27,5,4,false,false,false,false
20230128,2023-01-28,2023,1,1,January,28,6,4,true,false,false,false
20230129,2023-01-29,2023,1,1,January,29,7,4,true,false,false,false
20230130,2023-01-30,2023,1,1,January,30,1,5,false,false,false,false
20230131,2023-01-31,2023,1,1,January,31,2,5,false,true,false,false
20230201,2023-02-01,2023,1,2,February,1,3,5,false,false,false,false
20230202,2023-02-02,2023,1,2,February,2,4,5,false,false,false,false
20230203,2023-02-03,2023,1,2,February,3,5,5,false,false,false,false
20230204,2023-02-04,2023,1,2,February,4,6,5,true,false,false,false
20230205,2023-02-05,2023,1,2,February,5,7,5,true,false,false,false
20230206,2023-02-06,2023,1,2,February,6,1,6,false,false,false,false
20230207,2023-02-07,2023,1,2,February,7,2,6,false,false,false,false
20230208,2023-02-08,2023,1,2,February,8,3,6,false,false,false,false
20230209,2023-02-09,2023,1,2,February,9,4,6,false,false,false,false
20230210,2023-02-10,2023,1,2,February,10,5,6,false,false,false,false
20230211,2023-02-11,2023,1,2,February,11,6,6,true,false,false,false
20230212,2023-02-12,2023,1,2,February,12,7,6,true,false,false,false
20230213,2023-02-13,2023,1,2,February,13,1,7,false,false,false,false
20230214,2023-02-14,2023,1,2,February,14,2,7,false,false,false,false
20230215,2023-02-15,2023,1,2,February,15,3,7,false,false,false,false
20230216,2023-02-16,2023,1,2,February,16,4,7,false,false,false,false
20230217,2023-02-17,2023,1,2,February,17,5,7,false,false,false,false
20230218,2023-02-18,2023,1,2,February,18,6,7,true,false,false,false
20230219,2023-02-19,2023,1,2,February,19,7,7,true,false,false,false
20230220,2023-02-20,2023,1,2,February,20,1,8,false,false,false,false
20230221,2023-02-21,2023,1,2,February,21,2,8,false,false,false,false
20230222,2023-02-22,2023,1,2,February,22,3,8,false,false,false,false
20230223,2023-02-23,2023,1,2,February,23,4,8,false,false,false,false
20230224,2023-02-24,2023,1,2,February,24,5,8,false,false,false,false
20230225,2023-02-25,2023,1,2,February,25,6,8,true,false,false,false
20230226,2023-02-26,2023,1,2,February,26,7,8,true,false,false,false
20230227,2023-02-27,2023,1,2,February,27,1,9,false,false,false,false
20230228,2023-02-28,2023,1,2,February,28,2,9,false,true,false,false
20230301,2023-03-01,2023,1,3,March,1,3,9,false,false,false,false
20230302,2023-03-02,2023,1,3,March,2,4,9,false,false,false,false
20230303,2023-03-03,2023,1,3,March,3,5,9,false,false,false,false
20230304,2023-03-04,2023,1,3,March,4,6,9,true,false,false,false
20230305,2023-03-05,2023,1,3,March,5,7,9,true,false,false,false
20230306,2023-03-06,2023,1,3,March,6,1,10,false,false,false,false
20230307,2023-03-07,2023,1,3,March,7,2,10,false,false,false,false
20230308,2023-03-08,2023,1,3,March,8,3,10,false,false,false,false
20230309,2023-03-09,2023,1,3,March,9,4,10,false,false,false,false
20230310,2023-03-10,2023,1,3,March,10,5,10,false,false,false,false
20230311,2023-03-11,2023,1,3,March,11,6,10,true,false,false,false
20230312,2023-03-12,2023,1,3,March,12,7,10,true,false,false,false
20230313,2023-03-13,2023,1,3,March,13,1,11,false,false,false,false
20230314,2023-03-14,2023,1,3,March,14,2,11,false,false,false,false
20230315,2023-03-15,2023,1,3,March,15,3,11,false,false,false,false
20230316,2023-03-16,2023,1,3,March,16,4,11,false,false,false,false
20230317,2023-03-17,2023,1,3,March,17,5,11,false,false,false,false
20230318,2023-03-18,2023,1,3,March,18,6,11,true,false,false,false
20230319,2023-03-19,2023,1,3,March,19,7,11,true,false,false,false
20230320,2023-03-20,2023,1,3,March,20,1,12,false,false,false,false
20230321,2023-03-21,2023,1,3,March,21,2,12,false,false,false,false
20230322,2023-03-22,2023,1,3,March,22,3,12,false,false,false,false
20230323,2023-03-23,2023,1,3,March,23,4,12,false,false,false,false
20230324,2023-03-24,2023,1,3,March,24,5,12,false,false,false,false
20230325,2023-03-25,2023,1,3,March,25,6,12,true,false,false,false
20230326,2023-03-26,2023,1,3,March,26,7,12,true,false,false,false
20230327,2023-03-27,2023,1,3,March,27,1,13,false,false,false,false
20230328,2023-03-28,2023,1,3,March,28,2,13,false,false,false,false
20230329,2023-03-29,2023,1,3,March,29,3,13,false,false,false,false
20230330,2023-03-30,2023,1,3,March,30,4,13,false,false,false,false
20230331,2023-03-31,2023,1,3,March,31,5,13,false,true,true,false
20230401,2023-04-01,2023,2,4,April,1,6,13,true,false,false,false
20230402,2023-04-02,2023,2,4,April,2,7,13,true,false,false,false
20230403,2023-04-03,2023,2,4,April,3,1,14,false,false,false,false
20230404,2023-04-04,2023,2,4,April,4,2,14,false,false,false,false
20230405,2023-04-05,2023,2,4,April,5,3,14,false,false,false,false
20230406,2023-04-06,2023,2,4,April,6,4,14,false,false,false,false
20230407,2023-04-07,2023,2,4,April,7,5,14,false,false,false,false
20230408,2023-04-08,2023,2,4,April,8,6,14,true,false,false,false
20230409,2023-04-09,2023,2,4,April,9,7,14,true,false,false,false
20230410,2023-04-10,2023,2,4,April,10,1,15,false,false,false,false
20230411,2023-04-11,2023,2,4,April,11,2,15,false,false,false,false
20230412,2023-04-12,2023,2,4,April,12,3,15,false,false,false,false
20230413,2023-04-13,2023,2,4,April,13,4,15,false,false,false,false
20230414,2023-04-14,2023,2,4,April,14,5,15,false,false,false,false
20230415,2023-04-15,2023,2,4,April,15,6,15,true,false,false,false
20230416,2023-04-16,2023,2,4,April,16,7,15,true,false,false,false
20230417,2023-04-17,2023,2,4,April,17,1,16,false,false,false,false
20230418,2023-04-18,2023,2,4,April,18,2,16,false,false,false,false
20230419,2023-04-19,2023,2,4,April,19,3,16,false,false,false,false
20230420,2023-04-20,2023,2,4,April,20,4,16,false,false,false,false
20230421,2023-04-21,2023,2,4,April,21,5,16,false,false,false,false
20230422,2023-04-22,2023,2,4,April,22,6,16,true,false,false,false
20230423,2023-04-23,2023,2,4,April,23,7,16,true,false,false,false
20230424,2023-04-24,2023,2,4,April,24,1,17,false,false,false,false
20230425,2023-04-25,2023,2,4,April,25,2,17,false,false,false,false
20230426,2023-04-26,2023,2,4,April,26,3,17,false,false,false,false
20230427,2023-04-27,2023,2,4,April,27,4,17,false,false,false,false
20230428,2023-04-28,2023,2,4,April,28,5,17,false,false,false,false
20230429,2023-04-29,2023,2,4,April,29,6,17,true,false,false,false
20230430,2023-04-30,2023,2,4,April,30,7,17,true,true,false,false
20230501,2023-05-01,2023,2,5,May,1,1,18,false,false,false,false
20230502,2023-05-02,2023,2,5,May,2,2,18,false,false,false,false
20230503,2023-05-03,2023,2,5,May,3,3,18,false,false,false,false
20230504,2023-05-04,2023,2,5,May,4,4,18,false,false,false,false
20230505,2023-05-05,2023,2,5,May,5,5,18,false,false,false,false
20230506,2023-05-06,2023,2,5,May,6,6,18,true,false,false,false
20230507,2023-05-07,2023,2,5,May,7,7,18,true,false,false,false
20230508,2023-05-08,2023,2,5,May,8,1,19,false,false,false,false
20230509,2023-05-09,2023,2,5,May,9,2,19,false,false,false,false
20230510,2023-05-10,2023,2,5,May,10,3,19,false,false,false,false
20230511,2023-05-11,2023,2,5,May,11,4,19,false,false,false,false
20230512,2023-05-12,2023,2,5,May,12,5,19,false,false,false,false
20230513,2023-05-13,2023,2,5,May,13,6,19,true,false,false,false
20230514,2023-05-14,2023,2,5,May,14,7,19,true,false,false,false
20230515,2023-05-15,2023,2,5,May,15,1,20,false,false,false,false
20230516,2023-05-16,2023,2,5,May,16,2,20,false,false,false,false
20230517,2023-05-17,2023,2,5,May,17,3,20,false,false,false,false
20230518,2023-05-18,2023,2,5,May,18,4,20,false,false,false,false
20230519,2023-05-19,2023,2,5,May,19,5,20,false,false,false,false
20230520,2023-05-20,2023,2,5,May,20,6,20,true,false,false,false
20230521,2023-05-21,2023,2,5,May,21,7,20,true,false,false,false
20230522,2023-05-22,2023,2,5,May,22,1,21,false,false,false,false
20230523,2023-05-23,2023,2,5,May,23,2,21,false,false,false,false
20230524,2023-05-24,2023,2,5,May,24,3,21,false,false,false,false
20230525,2023-05-25,2023,2,5,May,25,4,21,false,false,false,false
20230526,2023-05-26,2023,2,5,May,26,5,21,false,false,false,false
20230527,2023-05-27,2023,2,5,May,27,6,21,true,false,false,false
20230528,2023-05-28,2023,2,5,May,28,7,21,true,false,false,false
20230529,2023-05-29,2023,2,5,May,29,1,22,false,false,false,false
20230530,2023-05-30,2023,2,5,May,30,2,22,false,false,false,false
20230531,2023-05-31,2023,2,5,May,31,3,22,false,true,false,false
20230601,2023-06-01,2023,2,6,June,1,4,22,false,false,false,false
20230602,2023-06-02,2023,2,6,June,2,5,22,false,false,false,false
20230603,2023-06-03,2023,2,6,June,3,6,22,true,false,false,false
20230604,2023-06-04,2023,2,6,June,4,7,22,true,false,false,false
20230605,2023-06-05,2023,2,6,June,5,1,23,false,false,false,false
20230606,2023-06-06,2023,2,6,June,6,2,23,false,false,false,false
20230607,2023-06-07,2023,2,6,June,7,3,23,false,false,false,false
20230608,2023-06-08,2023,2,6,June,8,4,23,false,false,false,false
20230609,2023-06-09,2023,2,6,June,9,5,23,false,false,false,false
20230610,2023-06-10,2023,2,6,June,10,6,23,true,false,false,false
20230611,2023-06-11,2023,2,6,June,11,7,23,true,false,false,false
20230612,2023-06-12,2023,2,6,June,12,1,24,false,false,false,false
20230613,2023-06-13,2023,2,6,June,13,2,24,false,false,false,false
20230614,2023-06-14,2023,2,6,June,14,3,24,false,false,false,false
20230615,2023-06-15,2023,2,6,June,15,4,24,false,false,false,false
20230616,2023-06-16,2023,2,6,June,16,5,24,false,false,false,false
20230617,2023-06-17,2023,2,6,June,17,6,24,true,false,false,false
20230618,2023-06-18,2023,2,6,June,18,7,24,true,false,false,false
20230619,2023-06-19,2023,2,6,June,19,1,25,false,false,false,false
20230620,2023-06-20,2023,2,6,June,20,2,25,false,false,false,false
20230621,2023-06-21,2023,2,6,June,21,3,25,false,false,false,false
20230622,2023-06-22,2023,2,6,June,22,4,25,false,false,false,false
20230623,2023-06-23,2023,2,6,June,23,5,25,false,false,false,false
20230624,2023-06-24,2023,2,6,June,24,6,25,true,false,false,false
20230625,2023-06-25,2023,2,6,June,25,7,25,true,false,false,false
20230626,2023-06-26,2023,2,6,June,26,1,26,false,false,false,false
20230627,2023-06-27,2023,2,6,June,27,2,26,false,false,false,false
20230628,2023-06-28,2023,2,6,June,28,3,26,false,false,false,false
20230629,2023-06-29,2023,2,6,June,29,4,26,false,false,false,false
20230630,2023-06-30,2023,2,6,June,30,5,26,false,true,true,false
20230701,2023-07-01,2023,3,7,July,1,6,26,true,false,false,false
20230702,2023-07-02,2023,3,7,July,2,7,26,true,false,false,false
20230703,2023-07-03,2023,3,7,July,3,1,27,false,false,false,false
20230704,2023-07-04,2023,3,7,July,4,2,27,false,false,false,false
20230705,2023-07-05,2023,3,7,July,5,3,27,false,false,false,false
20230706,2023-07-06,2023,3,7,July,6,4,27,false,false,false,false
20230707,2023-07-07,2023,3,7,July,7,5,27,false,false,false,false
20230708,2023-07-08,2023,3,7,July,8,6,27,true,false,false,false
20230709,2023-07-09,2023,3,7,July,9,7,27,true,false,false,false
20230710,2023-07-10,2023,3,7,July,10,1,28,false,false,false,false
20230711,2023-07-11,2023,3,7,July,11,2,28,false,false,false,false
20230712,2023-07-12,2023,3,7,July,12,3,28,false,false,false,false
20230713,2023-07-13,2023,3,7,July,13,4,28,false,false,false,false
20230714,2023-07-14,2023,3,7,July,14,5,28,false,false,false,false
20230715,2023-07-15,2023,3,7,July,15,6,28,true,false,false,false
20230716,2023-07-16,2023,3,7,July,16,7,28,true,false,false,false
20230717,2023-07-17,2023,3,7,July,17,1,29,false,false,false,false
20230718,2023-07-18,2023,3,7,July,18,2,29,false,false,false,false
20230719,2023-07-19,2023,3,7,July,19,3,29,false,false,false,false
20230720,2023-07-20,2023,3,7,July,20,4,29,false,false,false,false
20230721,2023-07-21,2023,3,7,July,21,5,29,false,false,false,false
20230722,2023-07-22,2023,3,7,July,22,6,29,true,false,false,false
20230723,2023-07-23,2023,3,7,July,23,7,29,true,false,false,false
20230724,2023-07-24,2023,3,7,July,24,1,30,false,false,false,false
20230725,2023-07-25,2023,3,7,July,25,2,30,false,false,false,false
20230726,2023-07-26,2023,3,7,July,26,3,30,false,false,false,false
20230727,2023-07-27,2023,3,7,July,27,4,30,false,false,false,false
20230728,2023-07-28,2023,3,7,July,28,5,30,false,false,false,false
20230729,2023-07-29,2023,3,7,July,29,6,30,true,false,false,false
20230730,2023-07-30,2023,3,7,July,30,7,30,true,false,false,false
20230731,2023-07-31,2023,3,7,July,31,1,31,false,true,false,false
20230801,2023-08-01,2023,3,8,August,1,2,31,false,false,false,false
20230802,2023-08-02,2023,3,8,August,2,3,31,false,false,false,false
20230803,2023-08-03,2023,3,8,August,3,4,31,false,false,false,false
20230804,2023-08-04,2023,3,8,August,4,5,31,false,false,false,false
20230805,2023-08-05,2023,3,8,August,5,6,31,true,false,false,false
20230806,2023-08-06,2023,3,8,August,6,7,31,true,false,false,false
20230807,2023-08-07,2023,3,8,August,7,1,32,false,false,false,false
20230808,2023-08-08,2023,3,8,August,8,2,32,false,false,false,false
20230809,2023-08-09,2023,3,8,August,9,3,32,false,false,false,false
20230810,2023-08-10,2023,3,8,August,10,4,32,false,false,false,false
20230811,2023-08-11,2023,3,8,August,11,5,32,false,false,false,false
20230812,2023-08-12,2023,3,8,August,12,6,32,true,false,false,false
20230813,2023-08-13,2023,3,8,August,13,7,32,true,false,false,false
20230814,2023-08-14,2023,3,8,August,14,1,33,false,false,false,false
20230815,2023-08-15,2023,3,8,August,15,2,33,false,false,false,false
20230816,2023-08-16,2023,3,8,August,16,3,33,false,false,false,false
20230817,2023-08-17,2023,3,8,August,17,4,33,false,false,false,false
20230818,2023-08-18,2023,3,8,August,18,5,33,false,false,false,false
20230819,2023-08-19,2023,3,8,August,19,6,33,true,false,false,false
20230820,2023-08-20,2023,3,8,August,20,7,33,true,false,false,false
20230821,2023-08-21,2023,3,8,August,21,1,34,false,false,false,false
20230822,2023-08-22,2023,3,8,August,22,2,34,false,false,false,false
20230823,2023-08-23,2023,3,8,August,23,3,34,false,false,false,false
20230824,2023-08-24,2023,3,8,August,24,4,34,false,false,false,false
20230825,2023-08-25,2023,3,8,August,25,5,34,false,false,false,false
20230826,2023-08-26,2023,3,8,August,26,6,34,true,false,false,false
20230827,2023-08-27,2023,3,8,August,27,7,34,true,false,false,false
20230828,2023-08-28,2023,3,8,August,28,1,35,false,false,false,false
20230829,2023-08-29,2023,3,8,August,29,2,35,false,false,false,false
20230830,2023-08-30,2023,3,8,August,30,3,35,false,false,false,false
20230831,2023-08-31,2023,3,8,August,31,4,35,false,true,false,false
20230901,2023-09-01,2023,3,9,September,1,5,35,false,false,false,false
20230902,2023-09-02,2023,3,9,September,2,6,35,true,false,false,false
20230903,2023-09-03,2023,3,9,September,3,7,35,true,false,false,false
20230904,2023-09-04,2023,3,9,September,4,1,36,false,false,false,false
20230905,2023-09-05,2023,3,9,September,5,2,36,false,false,false,false
20230906,2023-09-06,2023,3,9,September,6,3,36,false,false,false,false
20230907,2023-09-07,2023,3,9,September,7,4,36,false,false,false,false
20230908,2023-09-08,2023,3,9,September,8,5,36,false,false,false,false
20230909,2023-09-09,2023,3,9,September,9,6,36,true,false,false,false
20230910,2023-09-10,2023,3,9,September,10,7,36,true,false,false,false
20230911,2023-09-11,2023,3,9,September,11,1,37,false,false,false,false
20230912,2023-09-12,2023,3,9,September,12,2,37,false,false,false,false
20230913,2023-09-13,2023,3,9,September,13,3,37,false,false,false,false
20230914,2023-09-14,2023,3,9,September,14,4,37,false,false,false,false
20230915,2023-09-15,2023,3,9,September,15,5,37,false,false,false,false
20230916,2023-09-16,2023,3,9,September,16,6,37,true,false,false,false
20230917,2023-09-17,2023,3,9,September,17,7,37,true,false,false,false
20230918,2023-09-18,2023,3,9,September,18,1,38,false,false,false,false
20230919,2023-09-19,2023,3,9,September,19,2,38,false,false,false,false
20230920,2023-09-20,2023,3,9,September,20,3,38,false,false,false,false
20230921,2023-09-21,2023,3,9,September,21,4,38,false,false,false,false
20230922,2023-09-22,2023,3,9,September,22,5,38,false,false,false,false
20230923,2023-09-23,2023,3,9,September,23,6,38,true,false,false,false
20230924,2023-09-24,2023,3,9,September,24,7,38,true,false,false,false
20230925,2023-09-25,2023,3,9,September,25,1,39,false,false,false,false
20230926,2023-09-26,2023,3,9,September,26,2,39,false,false,false,false
20230927,2023-09-27,2023,3,9,September,27,3,39,false,false,false,false
20230928,2023-09-28,2023,3,9,September,28,4,39,false,false,false,false
20230929,2023-09-29,2023,3,9,September,29,5,39,false,false,false,false
20230930,2023-09-30,2023,3,9,September,30,6,39,true,true,true,false
20231001,2023-10-01,2023,4,10,October,1,7,39,true,false,false,false
20231002,2023-10-02,2023,4,10,October,2,1,40,false,false,false,false
20231003,2023-10-03,2023,4,10,October,3,2,40,false,false,false,false
20231004,2023-10-04,2023,4,10,October,4,3,40,false,false,false,false
20231005,2023-10-05,2023,4,10,October,5,4,40,false,false,false,false
20231006,2023-10-06,2023,4,10,October,6,5,40,false,false,false,false
20231007,2023-10-07,2023,4,10,October,7,6,40,true,false,false,false
20231008,2023-10-08,2023,4,10,October,8,7,40,true,false,false,false
20231009,2023-10-09,2023,4,10,October,9,1,41,false,false,false,false
20231010,2023-10-10,2023,4,10,October,10,2,41,false,false,false,false
20231011,2023-10-11,2023,4,10,October,11,3,41,false,false,false,false
20231012,2023-10-12,2023,4,10,October,12,4,41,false,false,false,false
20231013,2023-10-13,2023,4,10,October,13,5,41,false,false,false,false
20231014,2023-10-14,2023,4,10,October,14,6,41,true,false,false,false
20231015,2023-10-15,2023,4,10,October,15,7,41,true,false,false,false
20231016,2023-10-16,2023,4,10,October,16,1,42,false,false,false,false
20231017,2023-10-17,2023,4,10,October,17,2,42,false,false,false,false
20231018,2023-10-18,2023,4,10,October,18,3,42,false,false,false,false
20231019,2023-10-19,2023,4,10,October,19,4,42,false,false,false,false
20231020,2023-10-20,2023,4,10,October,20,5,42,false,false,false,false
20231021,2023-10-21,2023,4,10,October,21,6,42,true,false,false,false
20231022,2023-10-22,2023,4,10,October,22,7,42,true,false,false,false
20231023,2023-10-23,2023,4,10,October,23,1,43,false,false,false,false
20231024,2023-10-24,2023,4,10,October,24,2,43,false,false,false,false
20231025,2023-10-25,2023,4,10,October,25,3,43,false,false,false,false
20231026,2023-10-26,2023,4,10,October,26,4,43,false,false,false,false
20231027,2023-10-27,2023,4,10,October,27,5,43,false,false,false,false
20231028,2023-10-28,2023,4,10,October,28,6,43,true,false,false,false
20231029,2023-10-29,2023,4,10,October,29,7,43,true,false,false,false
20231030,2023-10-30,2023,4,10,October,30,1,44,false,false,false,false
20231031,2023-10-31,2023,4,10,October,31,2,44,false,true,false,false
20231101,2023-11-01,2023,4,11,November,1,3,44,false,false,false,false
20231102,2023-11-02,2023,4,11,November,2,4,44,false,false,false,false
20231103,2023-11-03,2023,4,11,November,3,5,44,false,false,false,false
20231104,2023-11-04,2023,4,11,November,4,6,44,true,false,false,false
20231105,2023-11-05,2023,4,11,November,5,7,44,true,false,false,false
20231106,2023-11-06,2023,4,11,November,6,1,45,false,false,false,false
20231107,2023-11-07,2023,4,11,November,7,2,45,false,false,false,false
20231108,2023-11-08,2023,4,11,November,8,3,45,false,false,false,false
20231109,2023-11-09,2023,4,11,November,9,4,45,false,false,false,false
20231110,2023-11-10,2023,4,11,November,10,5,45,false,false,false,false
20231111,2023-11-11,2023,4,11,November,11,6,45,true,false,false,false
20231112,2023-11-12,2023,4,11,November,12,7,45,true,false,false,false
20231113,2023-11-13,2023,4,11,November,13,1,46,false,false,false,false
20231114,2023-11-14,2023,4,11,November,14,2,46,false,false,false,false
20231115,2023-11-15,2023,4,11,November,15,3,46,false,false,false,false
20231116,2023-11-16,2023,4,11,November,16,4,46,false,false,false,false
20231117,2023-11-17,2023,4,11,November,17,5,46,false,false,false,false
20231118,2023-11-18,2023,4,11,November,18,6,46,true,false,false,false
20231119,2023-11-19,2023,4,11,November,19,7,46,true,false,false,false
20231120,2023-11-20,2023,4,11,November,20,1,47,false,false,false,false
20231121,2023-11-21,2023,4,11,November,21,2,47,false,false,false,false
20231122,2023-11-22,2023,4,11,November,22,3,47,false,false,false,false
20231123,2023-11-23,2023,4,11,November,23,4,47,false,false,false,false
20231124,2023-11-24,2023,4,11,November,24,5,47,false,false,false,false
20231125,2023-11-25,2023,4,11,November,25,6,47,true,false,false,false
20231126,2023-11-26,2023,4,11,November,26,7,47,true,false,false,false
20231127,2023-11-27,2023,4,11,November,27,1,48,false,false,false,false
20231128,2023-11-28,2023,4,11,November,28,2,48,false,false,false,false
20231129,2023-11-29,2023,4,11,November,29,3,48,false,false,false,false
20231130,2023-11-30,2023,4,11,November,30,4,48,false,true,false,false
20231201,2023-12-01,2023,4,12,December,1,5,48,false,false,false,false
20231202,2023-12-02,2023,4,12,December,2,6,48,true,false,false,false
20231203,2023-12-03,2023,4,12,December,3,7,48,true,false,false,false
20231204,2023-12-04,2023,4,12,December,4,1,49,false,false,false,false
20231205,2023-12-05,2023,4,12,December,5,2,49,false,false,false,false
20231206,2023-12-06,2023,4,12,December,6,3,49,false,false,false,false
20231207,2023-12-07,2023,4,12,December,7,4,49,false,false,false,false
20231208,2023-12-08,2023,4,12,December,8,5,49,false,false,false,false
20231209,2023-12-09,2023,4,12,December,9,6,49,true,false,false,false
20231210,2023-12-10,2023,4,12,December,10,7,49,true,false,false,false
20231211,2023-12-11,2023,4,12,December,11,1,50,false,false,false,false
20231212,2023-12-12,2023,4,12,December,12,2,50,false,false,false,false
20231213,2023-12-13,2023,4,12,December,13,3,50,false,false,false,false
20231214,2023-12-14,2023,4,12,December,14,4,50,false,false,false,false
20231215,2023-12-15,2023,4,12,December,15,5,50,false,false,false,false
20231216,2023-12-16,2023,4,12,December,16,6,50,true,false,false,false
20231217,2023-12-17,2023,4,12,December,17,7,50,true,false,false,false
20231218,2023-12-18,2023,4,12,December,18,1,51,false,false,false,false
20231219,2023-12-19,2023,4,12,December,19,2,51,false,false,false,false
20231220,2023-12-20,2023,4,12,December,20,3,51,false,false,false,false
20231221,2023-12-21,2023,4,12,December,21,4,51,false,false,false,false
20231222,2023-12-22,2023,4,12,December,22,5,51,false,false,false,false
20231223,2023-12-23,2023,4,12,December,23,6,51,true,false,false,false
20231224,2023-12-24,2023,4,12,December,24,7,51,true,false,false,false
20231225,2023-12-25,2023,4,12,December,25,1,52,false,false,false,false
20231226,2023-12-26,2023,4,12,December,26,2,52,false,false,false,false
20231227,2023-12-27,2023,4,12,December,27,3,52,false,false,false,false
20231228,2023-12-28,2023,4,12,December,28,4,52,false,false,false,false
20231229,2023-12-29,2023,4,12,December,29,5,52,false,false,false,false
20231230,2023-12-30,2023,4,12,December,30,6,52,true,false,false,false
20231231,2023-12-31,2023,4,12,December,31,7,52,true,true,true,true
20240101,2024-01-01,2024,1,1,January,1,1,1,false,false,false,false
20240102,2024-01-02,2024,1,1,January,2,2,1,false,false,false,false
20240103,2024-01-03,2024,1,1,January,3,3,1,false,false,false,false
20240104,2024-01-04,2024,1,1,January,4,4,1,false,false,false,false
20240105,2024-01-05,2024,1,1,January,5,5,1,false,false,false,false
20240106,2024-01-06,2024,1,1,January,6,6,1,true,false,false,false
20240107,2024-01-07,2024,1,1,January,7,7,1,true,false,false,false
20240108,2024-01-08,2024,1,1,January,8,1,2,false,false,false,false
20240109,2024-01-09,2024,1,1,January,9,2,2,false,false,false,false
20240110,2024-01-10,2024,1,1,January,10,3,2,false,false,false,false
20240111,2024-01-11,2024,1,1,January,11,4,2,false,false,false,false
20240112,2024-01-12,2024,1,1,January,12,5,2,false,false,false,false
20240113,2024-01-13,2024,1,1,January,13,6,2,true,false,false,false
20240114,2024-01-14,2024,1,1,January,14,7,2,true,false,false,false
20240115,2024-01-15,2024,1,1,January,15,1,3,false,false,false,false
20240116,2024-01-16,2024,1,1,January,16,2,3,false,false,false,false
20240117,2024-01-17,2024,1,1,January,17,3,3,false,false,false,false
20240118,2024-01-18,2024,1,1,January,18,4,3,false,false,false,false
20240119,2024-01-19,2024,1,1,January,19,5,3,false,false,false,false
20240120,2024-01-20,2024,1,1,January,20,6,3,true,false,false,false
20240121,2024-01-21,2024,1,1,January,21,7,3,true,false,false,false
20240122,2024-01-22,2024,1,1,January,22,1,4,false,false,false,false
20240123,2024-01-23,2024,1,1,January,23,2,4,false,false,false,false
20240124,2024-01-24,2024,1,1,January,24,3,4,false,false,false,false
20240125,2024-01-25,2024,1,1,January,25,4,4,false,false,false,false
20240126,2024-01-26,2024,1,1,January,26,5,4,false,false,false,false
20240127,2024-01-27,2024,1,1,January,27,6,4,true,false,false,false
20240128,2024-01-28,2024,1,1,January,28,7,4,true,false,false,false
20240129,2024-01-29,2024,1,1,January,29,1,5,false,false,false,false
20240130,2024-01-30,2024,1,1,January,30,2,5,false,false,false,false
20240131,2024-01-31,2024,1,1,January,31,3,5,false,true,false,false
20240201,2024-02-01,2024,1,2,February,1,4,5,false,false,false,false
20240202,2024-02-02,2024,1,2,February,2,5,5,false,false,false,false
20240203,2024-02-03,2024,1,2,February,3,6,5,true,false,false,false
20240204,2024-02-04,2024,1,2,February,4,7,5,true,false,false,false
20240205,2024-02-05,2024,1,2,February,5,1,6,false,false,false,false
20240206,2024-02-06,2024,1,2,February,6,2,6,false,false,false,false
20240207,2024-02-07,2024,1,2,February,7,3,6,false,false,false,false
20240208,2024-02-08,2024,1,2,February,8,4,6,false,false,false,false
20240209,2024-02-09,2024,1,2,February,9,5,6,false,false,false,false
20240210,2024-02-10,2024,1,2,February,10,6,6,true,false,false,false
20240211,2024-02-11,2024,1,2,February,11,7,6,true,false,false,false
20240212,2024-02-12,2024,1,2,February,12,1,7,false,false,false,false
20240213,2024-02-13,2024,1,2,February,13,2,7,false,false,false,false
20240214,2024-02-14,2024,1,2,February,14,3,7,false,false,false,false
20240215,2024-02-15,2024,1,2,February,15,4,7,false,false,false,false
20240216,2024-02-16,2024,1,2,February,16,5,7,false,false,false,false
20240217,2024-02-17,2024,1,2,February,17,6,7,true,false,false,false
20240218,2024-02-18,2024,1,2,February,18,7,7,true,false,false,false
20240219,2024-02-19,2024,1,2,February,19,1,8,false,false,false,false
20240220,2024-02-20,2024,1,2,February,20,2,8,false,false,false,false
20240221,2024-02-21,2024,1,2,February,21,3,8,false,false,false,false
20240222,2024-02-22,2024,1,2,February,22,4,8,false,false,false,false
20240223,2024-02-23,2024,1,2,February,23,5,8,false,false,false,false
20240224,2024-02-24,2024,1,2,February,24,6,8,true,false,false,false
20240225,2024-02-25,2024,1,2,February,25,7,8,true,false,false,false
20240226,2024-02-26,2024,1,2,February,26,1,9,false,false,false,false
20240227,2024-02-27,2024,1,2,February,27,2,9,false,false,false,false
20240228,2024-02-28,2024,1,2,February,28,3,9,false,false,false,false
20240229,2024-02-29,2024,1,2,February,29,4,9,false,true,false,false
20240301,2024-03-01,2024,1,3,March,1,5,9,false,false,false,false
20240302,2024-03-02,2024,1,3,March,2,6,9,true,false,false,false
20240303,2024-03-03,2024,1,3,March,3,7,9,true,false,false,false
20240304,2024-03-04,2024,1,3,March,4,1,10,false,false,false,false
20240305,2024-03-05,2024,1,3,March,5,2,10,false,false,false,false
20240306,2024-03-06,2024,1,3,March,6,3,10,false,false,false,false
20240307,2024-03-07,2024,1,3,March,7,4,10,false,false,false,false
20240308,2024-03-08,2024,1,3,March,8,5,10,false,false,false,false
20240309,2024-03-09,2024,1,3,March,9,6,10,true,false,false,false
20240310,2024-03-10,2024,1,3,March,10,7,10,true,false,false,false
20240311,2024-03-11,2024,1,3,March,11,1,11,false,false,false,false
20240312,2024-03-12,2024,1,3,March,12,2,11,false,false,false,false
20240313,2024-03-13,2024,1,3,March,13,3,11,false,false,false,false
20240314,2024-03-14,2024,1,3,March,14,4,11,false,false,false,false
20240315,2024-03-15,2024,1,3,March,15,5,11,false,false,false,false
20240316,2024-03-16,2024,1,3,March,16,6,11,true,false,false,false
20240317,2024-03-17,2024,1,3,March,17,7,11,true,false,false,false
20240318,2024-03-18,2024,1,3,March,18,1,12,false,false,false,false
20240319,2024-03-19,2024,1,3,March,19,2,12,false,false,false,false
20240320,2024-03-20,2024,1,3,March,20,3,12,false,false,false,false
20240321,2024-03-21,2024,1,3,March,21,4,12,false,false,false,false
20240322,2024-03-22,2024,1,3,March,22,5,12,false,false,false,false
20240323,2024-03-23,2024,1,3,March,23,6,12,true,false,false,false
20240324,2024-03-24,2024,1,3,March,24,7,12,true,false,false,false
20240325,2024-03-25,2024,1,3,March,25,1,13,false,false,false,false
20240326,2024-03-26,2024,1,3,March,26,2,13,false,false,false,false
20240327,2024-03-27,2024,1,3,March,27,3,13,false,false,false,false
20240328,2024-03-28,2024,1,3,March,28,4,13,false,false,false,false
20240329,2024-03-29,2024,1,3,March,29,5,13,false,false,false,false
20240330,2024-03-30,2024,1,3,March,30,6,13,true,false,false,false
20240331,2024-03-31,2024,1,3,March,31,7,13,true,true,true,false
20240401,2024-04-01,2024,2,4,April,1,1,14,false,false,false,false
20240402,2024-04-02,2024,2,4,April,2,2,14,false,false,false,false
20240403,2024-04-03,2024,2,4,April,3,3,14,false,false,false,false
20240404,2024-04-04,2024,2,4,April,4,4,14,false,false,false,false
20240405,2024-04-05,2024,2,4,April,5,5,14,false,false,false,false
20240406,2024-04-06,2024,2,4,April,6,6,14,true,false,false,false
20240407,2024-04-07,2024,2,4,April,7,7,14,true,false,false,false
20240408,2024-04-08,2024,2,4,April,8,1,15,false,false,false,false
20240409,2024-04-09,2024,2,4,April,9,2,15,false,false,false,false
20240410,2024-04-10,2024,2,4,April,10,3,15,false,false,false,false
20240411,2024-04-11,2024,2,4,April,11,4,15,false,false,false,false
20240412,2024-04-12,2024,2,4,April,12,5,15,false,false,false,false
20240413,2024-04-13,2024,2,4,April,13,6,15,true,false,false,false
20240414,2024-04-14,2024,2,4,April,14,7,15,true,false,false,false
20240415,2024-04-15,2024,2,4,April,15,1,16,false,false,false,false
20240416,2024-04-16,2024,2,4,April,16,2,16,false,false,false,false
20240417,2024-04-17,2024,2,4,April,17,3,16,false,false,false,false
20240418,2024-04-18,2024,2,4,April,18,4,16,false,false,false,false
20240419,2024-04-19,2024,2,4,April,19,5,16,false,false,false,false
20240420,2024-04-20,2024,2,4,April,20,6,16,true,false,false,false
20240421,2024-04-21,2024,2,4,April,21,7,16,true,false,false,false
20240422,2024-04-22,2024,2,4,April,22,1,17,false,false,false,false
20240423,2024-04-23,2024,2,4,April,23,2,17,false,false,false,false
20240424,2024-04-24,2024,2,4,April,24,3,17,false,false,false,false
20240425,2024-04-25,2024,2,4,April,25,4,17,false,false,false,false
20240426,2024-04-26,2024,2,4,April,26,5,17,false,false,false,false
20240427,2024-04-27,2024,2,4,April,27,6,17,true,false,false,false
20240428,2024-04-28,2024,2,4,April,28,7,17,true,false,false,false
20240429,2024-04-29,2024,2,4,April,29,1,18,false,false,false,false
20240430,2024-04-30,2024,2,4,April,30,2,18,false,true,false,false
20240501,2024-05-01,2024,2,5,May,1,3,18,false,false,false,false
20240502,2024-05-02,2024,2,5,May,2,4,18,false,false,false,false
20240503,2024-05-03,2024,2,5,May,3,5,18,false,false,false,false
20240504,2024-05-04,2024,2,5,May,4,6,18,true,false,false,false
20240505,2024-05-05,2024,2,5,May,5,7,18,true,false,false,false
20240506,2024-05-06,2024,2,5,May,6,1,19,false,false,false,false
20240507,2024-05-07,2024,2,5,May,7,2,19,false,false,false,false
20240508,2024-05-08,2024,2,5,May,8,3,19,false,false,false,false
20240509,2024-05-09,2024,2,5,May,9,4,19,false,false,false,false
20240510,2024-05-10,2024,2,5,May,10,5,19,false,false,false,false
20240511,2024-05-11,2024,2,5,May,11,6,19,true,false,false,false
20240512,2024-05-12,2024,2,5,May,12,7,19,true,false,false,false
20240513,2024-05-13,2024,2,5,May,13,1,20,false,false,false,false
20240514,2024-05-14,2024,2,5,May,14,2,20,false,false,false,false
20240515,2024-05-15,2024,2,5,May,15,3,20,false,false,false,false
20240516,2024-05-16,2024,2,5,May,16,4,20,false,false,false,false
20240517,2024-05-17,2024,2,5,May,17,5,20,false,false,false,false
20240518,2024-05-18,2024,2,5,May,18,6,20,true,false,false,false
20240519,2024-05-19,2024,2,5,May,19,7,20,true,false,false,false
20240520,2024-05-20,2024,2,5,May,20,1,21,false,false,false,false
20240521,2024-05-21,2024,2,5,May,21,2,21,false,false,false,false
20240522,2024-05-22,2024,2,5,May,22,3,21,false,false,false,false
20240523,2024-05-23,2024,2,5,May,23,4,21,false,false,false,false
20240524,2024-05-24,2024,2,5,May,24,5,21,false,false,false,false
20240525,2024-05-25,2024,2,5,May,25,6,21,true,false,false,false
20240526,2024-05-26,2024,2,5,May,26,7,21,true,false,false,false
20240527,2024-05-27,2024,2,5,May,27,1,22,false,false,false,false
20240528,2024-05-28,2024,2,5,May,28,2,22,false,false,false,false
20240529,2024-05-29,2024,2,5,May,29,3,22,false,false,false,false
20240530,2024-05-30,2024,2,5,May,30,4,22,false,false,false,false
20240531,2024-05-31,2024,2,5,May,31,5,22,false,true,false,false
20240601,2024-06-01,2024,2,6,June,1,6,22,true,false,false,false
20240602,2024-06-02,2024,2,6,June,2,7,22,true,false,false,false
20240603,2024-06-03,2024,2,6,June,3,1,23,false,false,false,false
20240604,2024-06-04,2024,2,6,June,4,2,23,false,false,false,false
20240605,2024-06-05,2024,2,6,June,5,3,23,false,false,false,false
20240606,2024-06-06,2024,2,6,June,6,4,23,false,false,false,false
20240607,2024-06-07,2024,2,6,June,7,5,23,false,false,false,false
20240608,2024-06-08,2024,2,6,June,8,6,23,true,false,false,false
20240609,2024-06-09,2024,2,6,June,9,7,23,true,false,false,false
20240610,2024-06-10,2024,2,6,June,10,1,24,false,false,false,false
20240611,2024-06-11,2024,2,6,June,11,2,24,false,false,false,false
20240612,2024-06-12,2024,2,6,June,12,3,24,false,false,false,false
20240613,2024-06-13,2024,2,6,June,13,4,24,false,false,false,false
20240614,2024-06-14,2024,2,6,June,14,5,24,false,false,false,false
20240615,2024-06-15,2024,2,6,June,15,6,24,true,false,false,false
20240616,2024-06-16,2024,2,6,June,16,7,24,true,false,false,false
20240617,2024-06-17,2024,2,6,June,17,1,25,false,false,false,false
20240618,2024-06-18,2024,2,6,June,18,2,25,false,false,false,false
20240619,2024-06-19,2024,2,6,June,19,3,25,false,false,false,false
20240620,2024-06-20,2024,2,6,June,20,4,25,false,false,false,false
20240621,2024-06-21,2024,2,6,June,21,5,25,false,false,false,false
20240622,2024-06-22,2024,2,6,June,22,6,25,true,false,false,false
20240623,2024-06-23,2024,2,6,June,23,7,25,true,false,false,false
20240624,2024-06-24,2024,2,6,June,24,1,26,false,false,false,false
20240625,2024-06-25,2024,2,6,June,25,2,26,false,false,false,false
20240626,2024-06-26,2024,2,6,June,26,3,26,false,false,false,false
20240627,2024-06-27,2024,2,6,June,27,4,26,false,false,false,false
20240628,2024-06-28,2024,2,6,June,28,5,26,false,false,false,false
20240629,2024-06-29,2024,2,6,June,29,6,26,true,false,false,false
20240630,2024-06-30,2024,2,6,June,30,7,26,true,true,true,false
20240701,2024-07-01,2024,3,7,July,1,1,27,false,false,false,false
20240702,2024-07-02,2024,3,7,July,2,2,27,false,false,false,false
20240703,2024-07-03,2024,3,7,July,3,3,27,false,false,false,false
20240704,2024-07-04,2024,3,7,July,4,4,27,false,false,false,false
20240705,2024-07-05,2024,3,7,July,5,5,27,false,false,false,false
20240706,2024-07-06,2024,3,7,July,6,6,27,true,false,false,false
20240707,2024-07-07,2024,3,7,July,7,7,27,true,false,false,false
20240708,2024-07-08,2024,3,7,July,8,1,28,false,false,false,false
20240709,2024-07-09,2024,3,7,July,9,2,28,false,false,false,false
20240710,2024-07-10,2024,3,7,July,10,3,28,false,false,false,false
20240711,2024-07-11,2024,3,7,July,11,4,28,false,false,false,false
20240712,2024-07-12,2024,3,7,July,12,5,28,false,false,false,false
20240713,2024-07-13,2024,3,7,July,13,6,28,true,false,false,false
20240714,2024-07-14,2024,3,7,July,14,7,28,true,false,false,false
20240715,2024-07-15,2024,3,7,July,15,1,29,false,false,false,false
20240716,2024-07-16,2024,3,7,July,16,2,29,false,false,false,false
20240717,2024-07-17,2024,3,7,July,17,3,29,false,false,false,false
20240718,2024-07-18,2024,3,7,July,18,4,29,false,false,false,false
20240719,2024-07-19,2024,3,7,July,19,5,29,false,false,false,false
20240720,2024-07-20,2024,3,7,July,20,6,29,true,false,false,false
20240721,2024-07-21,2024,3,7,July,21,7,29,true,false,false,false
20240722,2024-07-22,2024,3,7,July,22,1,30,false,false,false,false
20240723,2024-07-23,2024,3,7,July,23,2,30,false,false,false,false
20240724,2024-07-24,2024,3,7,July,24,3,30,false,false,false,false
20240725,2024-07-25,2024,3,7,July,25,4,30,false,false,false,false
20240726,2024-07-26,2024,3,7,July,26,5,30,false,false,false,false
20240727,2024-07-27,2024,3,7,July,27,6,30,true,false,false,false
20240728,2024-07-28,2024,3,7,July,28,7,30,true,false,false,false
20240729,2024-07-29,2024,3,7,July,29,1,31,false,false,false,false
20240730,2024-07-30,2024,3,7,July,30,2,31,false,false,false,false
20240731,2024-07-31,2024,3,7,July,31,3,31,false,true,false,false
20240801,2024-08-01,2024,3,8,August,1,4,31,false,false,false,false
20240802,2024-08-02,2024,3,8,August,2,5,31,false,false,false,false
20240803,2024-08-03,2024,3,8,August,3,6,31,true,false,false,false
20240804,2024-08-04,2024,3,8,August,4,7,31,true,false,false,false
20240805,2024-08-05,2024,3,8,August,5,1,32,false,false,false,false
20240806,2024-08-06,2024,3,8,August,6,2,32,false,false,false,false
20240807,2024-08-07,2024,3,8,August,7,3,32,false,false,false,false
20240808,2024-08-08,2024,3,8,August,8,4,32,false,false,false,false
20240809,2024-08-09,2024,3,8,August,9,5,32,false,false,false,false
20240810,2024-08-10,2024,3,8,August,10,6,32,true,false,false,false
20240811,2024-08-11,2024,3,8,August,11,7,32,true,false,false,false
20240812,2024-08-12,2024,3,8,August,12,1,33,false,false,false,false
20240813,2024-08-13,2024,3,8,August,13,2,33,false,false,false,false
20240814,2024-08-14,2024,3,8,August,14,3,33,false,false,false,false
20240815,2024-08-15,2024,3,8,August,15,4,33,false,false,false,false
20240816,2024-08-16,2024,3,8,August,16,5,33,false,false,false,false
20240817,2024-08-17,2024,3,8,August,17,6,33,true,false,false,false
20240818,2024-08-18,2024,3,8,August,18,7,33,true,false,false,false
20240819,2024-08-19,2024,3,8,August,19,1,34,false,false,false,false
20240820,2024-08-20,2024,3,8,August,20,2,34,false,false,false,false
20240821,2024-08-21,2024,3,8,August,21,3,34,false,false,false,false
20240822,2024-08-22,2024,3,8,August,22,4,34,false,false,false,false
20240823,2024-08-23,2024,3,8,August,23,5,34,false,false,false,false
20240824,2024-08-24,2024,3,8,August,24,6,34,true,false,false,false
20240825,2024-08-25,2024,3,8,August,25,7,34,true,false,false,false
20240826,2024-08-26,2024,3,8,August,26,1,35,false,false,false,false
20240827,2024-08-27,2024,3,8,August,27,2,35,false,false,false,false
20240828,2024-08-28,2024,3,8,August,28,3,35,false,false,false,false
20240829,2024-08-29,2024,3,8,August,29,4,35,false,false,false,false
20240830,2024-08-30,2024,3,8,August,30,5,35,false,false,false,false
20240831,2024-08-31,2024,3,8,August,31,6,35,true,true,false,false
20240901,2024-09-01,2024,3,9,September,1,7,35,true,false,false,false
20240902,2024-09-02,2024,3,9,September,2,1,36,false,false,false,false
20240903,2024-09-03,2024,3,9,September,3,2,36,false,false,false,false
20240904,2024-09-04,2024,3,9,September,4,3,36,false,false,false,false
20240905,2024-09-05,2024,3,9,September,5,4,36,false,false,false,false
20240906,2024-09-06,2024,3,9,September,6,5,36,false,false,false,false
20240907,2024-09-07,2024,3,9,September,7,6,36,true,false,false,false
20240908,2024-09-08,2024,3,9,September,8,7,36,true,false,false,false
20240909,2024-09-09,2024,3,9,September,9,1,37,false,false,false,false
20240910,2024-09-10,2024,3,9,September,10,2,37,false,false,false,false
20240911,2024-09-11,2024,3,9,September,11,3,37,false,false,false,false
20240912,2024-09-12,2024,3,9,September,12,4,37,false,false,false,false
20240913,2024-09-13,2024,3,9,September,13,5,37,false,false,false,false
20240914,2024-09-14,2024,3,9,September,14,6,37,true,false,false,false
20240915,2024-09-15,2024,3,9,September,15,7,37,true,false,false,false
20240916,2024-09-16,2024,3,9,September,16,1,38,false,false,false,false
20240917,2024-09-17,2024,3,9,September,17,2,38,false,false,false,false
20240918,2024-09-18,2024,3,9,September,18,3,38,false,false,false,false
20240919,2024-09-19,2024,3,9,September,19,4,38,false,false,false,false
20240920,2024-09-20,2024,3,9,September,20,5,38,false,false,false,false
20240921,2024-09-21,2024,3,9,September,21,6,38,true,false,false,false
20240922,2024-09-22,2024,3,9,September,22,7,38,true,false,false,false
20240923,2024-09-23,2024,3,9,September,23,1,39,false,false,false,false
20240924,2024-09-24,2024,3,9,September,24,2,39,false,false,false,false
20240925,2024-09-25,2024,3,9,September,25,3,39,false,false,false,false
20240926,2024-09-26,2024,3,9,September,26,4,39,false,false,false,false
20240927,2024-09-27,2024,3,9,September,27,5,39,false,false,false,false
20240928,2024-09-28,2024,3,9,September,28,6,39,true,false,false,false
20240929,2024-09-29,2024,3,9,September,29,7,39,true,false,false,false
20240930,2024-09-30,2024,3,9,September,30,1,40,false,true,true,false
20241001,2024-10-01,2024,4,10,October,1,2,40,false,false,false,false
20241002,2024-10-02,2024,4,10,October,2,3,40,false,false,false,false
20241003,2024-10-03,2024,4,10,October,3,4,40,false,false,false,false
20241004,2024-10-04,2024,4,10,October,4,5,40,false,false,false,false
20241005,2024-10-05,2024,4,10,October,5,6,40,true,false,false,false
20241006,2024-10-06,2024,4,10,October,6,7,40,true,false,false,false
20241007,2024-10-07,2024,4,10,October,7,1,41,false,false,false,false
20241008,2024-10-08,2024,4,10,October,8,2,41,false,false,false,false
20241009,2024-10-09,2024,4,10,October,9,3,41,false,false,false,false
20241010,2024-10-10,2024,4,10,October,10,4,41,false,false,false,false
20241011,2024-10-11,2024,4,10,October,11,5,41,false,false,false,false
20241012,2024-10-12,2024,4,10,October,12,6,41,true,false,false,false
20241013,2024-10-13,2024,4,10,October,13,7,41,true,false,false,false
20241014,2024-10-14,2024,4,10,October,14,1,42,false,false,false,false
20241015,2024-10-15,2024,4,10,October,15,2,42,false,false,false,false
20241016,2024-10-16,2024,4,10,October,16,3,42,false,false,false,false
20241017,2024-10-17,2024,4,10,October,17,4,42,false,false,false,false
20241018,2024-10-18,2024,4,10,October,18,5,42,false,false,false,false
20241019,2024-10-19,2024,4,10,October,19,6,42,true,false,false,false
20241020,2024-10-20,2024,4,10,October,20,7,42,true,false,false,false
20241021,2024-10-21,2024,4,10,October,21,1,43,false,false,false,false
20241022,2024-10-22,2024,4,10,October,22,2,43,false,false,false,false
20241023,2024-10-23,2024,4,10,October,23,3,43,false,false,false,false
20241024,2024-10-24,2024,4,10,October,24,4,43,false,false,false,false
20241025,2024-10-25,2024,4,10,October,25,5,43,false,false,false,false
20241026,2024-10-26,2024,4,10,October,26,6,43,true,false,false,false
20241027,2024-10-27,2024,4,10,October,27,7,43,true,false,false,false
20241028,2024-10-28,2024,4,10,October,28,1,44,false,false,false,false
20241029,2024-10-29,2024,4,10,October,29,2,44,false,false,false,false
20241030,2024-10-30,2024,4,10,October,30,3,44,false,false,false,false
20241031,2024-10-31,2024,4,10,October,31,4,44,false,true,false,false
20241101,2024-11-01,2024,4,11,November,1,5,44,false,false,false,false
20241102,2024-11-02,2024,4,11,November,2,6,44,true,false,false,false
20241103,2024-11-03,2024,4,11,November,3,7,44,true,false,false,false
20241104,2024-11-04,2024,4,11,November,4,1,45,false,false,false,false
20241105,2024-11-05,2024,4,11,November,5,2,45,false,false,false,false
20241106,2024-11-06,2024,4,11,November,6,3,45,false,false,false,false
20241107,2024-11-07,2024,4,11,November,7,4,45,false,false,false,false
20241108,2024-11-08,2024,4,11,November,8,5,45,false,false,false,false
20241109,2024-11-09,2024,4,11,November,9,6,45,true,false,false,false
20241110,2024-11-10,2024,4,11,November,10,7,45,true,false,false,false
20241111,2024-11-11,2024,4,11,November,11,1,46,false,false,false,false
20241112,2024-11-12,2024,4,11,November,12,2,46,false,false,false,false
20241113,2024-11-13,2024,4,11,November,13,3,46,false,false,false,false
20241114,2024-11-14,2024,4,11,November,14,4,46,false,false,false,false
20241115,2024-11-15,2024,4,11,November,15,5,46,false,false,false,false
20241116,2024-11-16,2024,4,11,November,16,6,46,true,false,false,false
20241117,2024-11-17,2024,4,11,November,17,7,46,true,false,false,false
20241118,2024-11-18,2024,4,11,November,18,1,47,false,false,false,false
20241119,2024-11-19,2024,4,11,November,19,2,47,false,false,false,false
20241120,2024-11-20,2024,4,11,November,20,3,47,false,false,false,false
20241121,2024-11-21,2024,4,11,November,21,4,47,false,false,false,false
20241122,2024-11-22,2024,4,11,November,22,5,47,false,false,false,false
20241123,2024-11-23,2024,4,11,November,23,6,47,true,false,false,false
20241124,2024-11-24,2024,4,11,November,24,7,47,true,false,false,false
20241125,2024-11-25,2024,4,11,November,25,1,48,false,false,false,false
20241126,2024-11-26,2024,4,11,November,26,2,48,false,false,false,false
20241127,2024-11-27,2024,4,11,November,27,3,48,false,false,false,false
20241128,2024-11-28,2024,4,11,November,28,4,48,false,false,false,false
20241129,2024-11-29,2024,4,11,November,29,5,48,false,false,false,false
20241130,2024-11-30,2024,4,11,November,30,6,48,true,true,false,false
20241201,2024-12-01,2024,4,12,December,1,7,48,true,false,false,false
20241202,2024-12-02,2024,4,12,December,2,1,49,false,false,false,false
20241203,2024-12-03,2024,4,12,December,3,2,49,false,false,false,false
20241204,2024-12-04,2024,4,12,December,4,3,49,false,false,false,false
20241205,2024-12-05,2024,4,12,December,5,4,49,false,false,false,false
20241206,2024-12-06,2024,4,12,December,6,5,49,false,false,false,false
20241207,2024-12-07,2024,4,12,December,7,6,49,true,false,false,false
20241208,2024-12-08,2024,4,12,December,8,7,49,true,false,false,false
20241209,2024-12-09,2024,4,12,December,9,1,50,false,false,false,false
20241210,2024-12-10,2024,4,12,December,10,2,50,false,false,false,false
20241211,2024-12-11,2024,4,12,December,11,3,50,false,false,false,false
20241212,2024-12-12,2024,4,12,December,12,4,50,false,false,false,false
20241213,2024-12-13,2024,4,12,December,13,5,50,false,false,false,false
20241214,2024-12-14,2024,4,12,December,14,6,50,true,false,false,false
20241215,2024-12-15,2024,4,12,December,15,7,50,true,false,false,false
20241216,2024-12-16,2024,4,12,December,16,1,51,false,false,false,false
20241217,2024-12-17,2024,4,12,December,17,2,51,false,false,false,false
20241218,2024-12-18,2024,4,12,December,18,3,51,false,false,false,false
20241219,2024-12-19,2024,4,12,December,19,4,51,false,false,false,false
20241220,2024-12-20,2024,4,12,December,20,5,51,false,false,false,false
20241221,2024-12-21,2024,4,12,December,21,6,51,true,false,false,false
20241222,2024-12-22,2024,4,12,December,22,7,51,true,false,false,false
20241223,2024-12-23,2024,4,12,December,23,1,52,false,false,false,false
20241224,2024-12-24,2024,4,12,December,24,2,52,false,false,false,false
20241225,2024-12-25,2024,4,12,December,25,3,52,false,false,false,false
20241226,2024-12-26,2024,4,12,December,26,4,52,false,false,false,false
20241227,2024-12-27,2024,4,12,December,27,5,52,false,false,false,false
20241228,2024-12-28,2024,4,12,December,28,6,52,true,false,false,false
20241229,2024-12-29,2024,4,12,December,29,7,52,true,false,false,false
20241230,2024-12-30,2024,4,12,December,30,1,1,false,false,false,false
20241231,2024-12-31,2024,4,12,December,31,2,1,false,true,true,true
20250101,2025-01-01,2025,1,1,January,1,3,1,false,false,false,false
20250102,2025-01-02,2025,1,1,January,2,4,1,false,false,false,false
20250103,2025-01-03,2025,1,1,January,3,5,1,false,false,false,false
20250104,2025-01-04,2025,1,1,January,4,6,1,true,false,false,false
20250105,2025-01-05,2025,1,1,January,5,7,1,true,false,false,false
20250106,2025-01-06,2025,1,1,January,6,1,2,false,false,false,false
20250107,2025-01-07,2025,1,1,January,7,2,2,false,false,false,false
20250108,2025-01-08,2025,1,1,January,8,3,2,false,false,false,false
20250109,2025-01-09,2025,1,1,January,9,4,2,false,false,false,false
20250110,2025-01-10,2025,1,1,January,10,5,2,false,false,false,false
20250111,2025-01-11,2025,1,1,January,11,6,2,true,false,false,false
20250112,2025-01-12,2025,1,1,January,12,7,2,true,false,false,false
20250113,2025-01-13,2025,1,1,January,13,1,3,false,false,false,false
20250114,2025-01-14,2025,1,1,January,14,2,3,false,false,false,false
20250115,2025-01-15,2025,1,1,January,15,3,3,false,false,false,false
20250116,2025-01-16,2025,1,1,January,16,4,3,false,false,false,false
20250117,2025-01-17,2025,1,1,January,17,5,3,false,false,false,false
20250118,2025-01-18,2025,1,1,January,18,6,3,true,false,false,false
20250119,2025-01-19,2025,1,1,January,19,7,3,true,false,false,false
20250120,2025-01-20,2025,1,1,January,20,1,4,false,false,false,false
20250121,2025-01-21,2025,1,1,January,21,2,4,false,false,false,false
20250122,2025-01-22,2025,1,1,January,22,3,4,false,false,false,false
20250123,2025-01-23,2025,1,1,January,23,4,4,false,false,false,false
20250124,2025-01-24,2025,1,1,January,24,5,4,false,false,false,false
20250125,2025-01-25,2025,1,1,January,25,6,4,true,false,false,false
20250126,2025-01-26,2025,1,1,January,26,7,4,true,false,false,false
20250127,2025-01-27,2025,1,1,January,27,1,5,false,false,false,false
20250128,2025-01-28,2025,1,1,January,28,2,5,false,false,false,false
20250129,2025-01-29,2025,1,1,January,29,3,5,false,false,false,false
20250130,2025-01-30,2025,1,1,January,30,4,5,false,false,false,false
20250131,2025-01-31,2025,1,1,January,31,5,5,false,true,false,false
20250201,2025-02-01,2025,1,2,February,1,6,5,true,false,false,false
20250202,2025-02-02,2025,1,2,February,2,7,5,true,false,false,false
20250203,2025-02-03,2025,1,2,February,3,1,6,false,false,false,false
20250204,2025-02-04,2025,1,2,February,4,2,6,false,false,false,false
20250205,2025-02-05,2025,1,2,February,5,3,6,false,false,false,false
20250206,2025-02-06,2025,1,2,February,6,4,6,false,false,false,false
20250207,2025-02-07,2025,1,2,February,7,5,6,false,false,false,false
20250208,2025-02-08,2025,1,2,February,8,6,6,true,false,false,false
20250209,2025-02-09,2025,1,2,February,9,7,6,true,false,false,false
20250210,2025-02-10,2025,1,2,February,10,1,7,false,false,false,false
20250211,2025-02-11,2025,1,2,February,11,2,7,false,false,false,false
20250212,2025-02-12,2025,1,2,February,12,3,7,false,false,false,false
20250213,2025-02-13,2025,1,2,February,13,4,7,false,false,false,false
20250214,2025-02-14,2025,1,2,February,14,5,7,false,false,false,false
20250215,2025-02-15,2025,1,2,February,15,6,7,true,false,false,false
20250216,2025-02-16,2025,1,2,February,16,7,7,true,false,false,false
20250217,2025-02-17,2025,1,2,February,17,1,8,false,false,false,false
20250218,2025-02-18,2025,1,2,February,18,2,8,false,false,false,false
20250219,2025-02-19,2025,1,2,February,19,3,8,false,false,false,false
20250220,2025-02-20,2025,1,2,February,20,4,8,false,false,false,false
20250221,2025-02-21,2025,1,2,February,21,5,8,false,false,false,false
20250222,2025-02-22,2025,1,2,February,22,6,8,true,false,false,false
20250223,2025-02-23,2025,1,2,February,23,7,8,true,false,false,false
20250224,2025-02-24,2025,1,2,February,24,1,9,false,false,false,false
20250225,2025-02-25,2025,1,2,February,25,2,9,false,false,false,false
20250226,2025-02-26,2025,1,2,February,26,3,9,false,false,false,false
20250227,2025-02-27,2025,1,2,February,27,4,9,false,false,false,false
20250228,2025-02-28,2025,1,2,February,28,5,9,false,true,false,false
20250301,2025-03-01,2025,1,3,March,1,6,9,true,false,false,false
20250302,2025-03-02,2025,1,3,March,2,7,9,true,false,false,false
20250303,2025-03-03,2025,1,3,March,3,1,10,false,false,false,false
20250304,2025-03-04,2025,1,3,March,4,2,10,false,false,false,false
20250305,2025-03-05,2025,1,3,March,5,3,10,false,false,false,false
20250306,2025-03-06,2025,1,3,March,6,4,10,false,false,false,false
20250307,2025-03-07,2025,1,3,March,7,5,10,false,false,false,false
20250308,2025-03-08,2025,1,3,March,8,6,10,true,false,false,false
20250309,2025-03-09,2025,1,3,March,9,7,10,true,false,false,false
20250310,2025-03-10,2025,1,3,March,10,1,11,false,false,false,false
20250311,2025-03-11,2025,1,3,March,11,2,11,false,false,false,false
20250312,2025-03-12,2025,1,3,March,12,3,11,false,false,false,false
20250313,2025-03-13,2025,1,3,March,13,4,11,false,false,false,false
20250314,2025-03-14,2025,1,3,March,14,5,11,false,false,false,false
20250315,2025-03-15,2025,1,3,March,15,6,11,true,false,false,false
20250316,2025-03-16,2025,1,3,March,16,7,11,true,false,false,false
20250317,2025-03-17,2025,1,3,March,17,1,12,false,false,false,false
20250318,2025-03-18,2025,1,3,March,18,2,12,false,false,false,false
20250319,2025-03-19,2025,1,3,March,19,3,12,false,false,false,false
20250320,2025-03-20,2025,1,3,March,20,4,12,false,false,false,false
20250321,2025-03-21,2025,1,3,March,21,5,12,false,false,false,false
20250322,2025-03-22,2025,1,3,March,22,6,12,true,false,false,false
20250323,2025-03-23,2025,1,3,March,23,7,12,true,false,false,false
20250324,2025-03-24,2025,1,3,March,24,1,13,false,false,false,false
20250325,2025-03-25,2025,1,3,March,25,2,13,false,false,false,false
20250326,2025-03-26,2025,1,3,March,26,3,13,false,false,false,false
20250327,2025-03-27,2025,1,3,March,27,4,13,false,false,false,false
20250328,2025-03-28,2025,1,3,March,28,5,13,false,false,false,false
20250329,2025-03-29,2025,1,3,March,29,6,13,true,false,false,false
20250330,2025-03-30,2025,1,3,March,30,7,13,true,false,false,false
20250331,2025-03-31,2025,1,3,March,31,1,14,false,true,true,false
20250401,2025-04-01,2025,2,4,April,1,2,14,false,false,false,false
20250402,2025-04-02,2025,2,4,April,2,3,14,false,false,false,false
20250403,2025-04-03,2025,2,4,April,3,4,14,false,false,false,false
20250404,2025-04-04,2025,2,4,April,4,5,14,false,false,false,false
20250405,2025-04-05,2025,2,4,April,5,6,14,true,false,false,false
20250406,2025-04-06,2025,2,4,April,6,7,14,true,false,false,false
20250407,2025-04-07,2025,2,4,April,7,1,15,false,false,false,false
20250408,2025-04-08,2025,2,4,April,8,2,15,false,false,false,false
20250409,2025-04-09,2025,2,4,April,9,3,15,false,false,false,false
20250410,2025-04-10,2025,2,4,April,10,4,15,false,false,false,false
20250411,2025-04-11,2025,2,4,April,11,5,15,false,false,false,false
20250412,2025-04-12,2025,2,4,April,12,6,15,true,false,false,false
20250413,2025-04-13,2025,2,4,April,13,7,15,true,false,false,false
20250414,2025-04-14,2025,2,4,April,14,1,16,false,false,false,false
20250415,2025-04-15,2025,2,4,April,15,2,16,false,false,false,false
20250416,2025-04-16,2025,2,4,April,16,3,16,false,false,false,false
20250417,2025-04-17,2025,2,4,April,17,4,16,false,false,false,false
20250418,2025-04-18,2025,2,4,April,18,5,16,false,false,false,false
20250419,2025-04-19,2025,2,4,April,19,6,16,true,false,false,false
20250420,2025-04-20,2025,2,4,April,20,7,16,true,false,false,false
20250421,2025-04-21,2025,2,4,April,21,1,17,false,false,false,false
20250422,2025-04-22,2025,2,4,April,22,2,17,false,false,false,false
20250423,2025-04-23,2025,2,4,April,23,3,17,false,false,false,false
20250424,2025-04-24,2025,2,4,April,24,4,17,false,false,false,false
20250425,2025-04-25,2025,2,4,April,25,5,17,false,false,false,false
20250426,2025-04-26,2025,2,4,April,26,6,17,true,false,false,false
20250427,2025-04-27,2025,2,4,April,27,7,17,true,false,false,false
20250428,2025-04-28,2025,2,4,April,28,1,18,false,false,false,false
20250429,2025-04-29,2025,2,4,April,29,2,18,false,false,false,false
20250430,2025-04-30,2025,2,4,April,30,3,18,false,true,false,false
20250501,2025-05-01,2025,2,5,May,1,4,18,false,false,false,false
20250502,2025-05-02,2025,2,5,May,2,5,18,false,false,false,false
20250503,2025-05-03,2025,2,5,May,3,6,18,true,false,false,false
20250504,2025-05-04,2025,2,5,May,4,7,18,true,false,false,false
20250505,2025-05-05,2025,2,5,May,5,1,19,false,false,false,false
20250506,2025-05-06,2025,2,5,May,6,2,19,false,false,false,false
20250507,2025-05-07,2025,2,5,May,7,3,19,false,false,false,false
20250508,2025-05-08,2025,2,5,May,8,4,19,false,false,false,false
20250509,2025-05-09,2025,2,5,May,9,5,19,false,false,false,false
20250510,2025-05-10,2025,2,5,May,10,6,19,true,false,false,false
20250511,2025-05-11,2025,2,5,May,11,7,19,true,false,false,false
20250512,2025-05-12,2025,2,5,May,12,1,20,false,false,false,false
20250513,2025-05-13,2025,2,5,May,13,2,20,false,false,false,false
20250514,2025-05-14,2025,2,5,May,14,3,20,false,false,false,false
20250515,2025-05-15,2025,2,5,May,15,4,20,false,false,false,false
20250516,2025-05-16,2025,2,5,May,16,5,20,false,false,false,false
20250517,2025-05-17,2025,2,5,May,17,6,20,true,false,false,false
20250518,2025-05-18,2025,2,5,May,18,7,20,true,false,false,false
20250519,2025-05-19,2025,2,5,May,19,1,21,false,false,false,false
20250520,2025-05-20,2025,2,5,May,20,2,21,false,false,false,false
20250521,2025-05-21,2025,2,5,May,21,3,21,false,false,false,false
20250522,2025-05-22,2025,2,5,May,22,4,21,false,false,false,false
20250523,2025-05-23,2025,2,5,May,23,5,21,false,false,false,false
20250524,2025-05-24,2025,2,5,May,24,6,21,true,false,false,false
20250525,2025-05-25,2025,2,5,May,25,7,21,true,false,false,false
20250526,2025-05-26,2025,2,5,May,26,1,22,false,false,false,false
20250527,2025-05-27,2025,2,5,May,27,2,22,false,false,false,false
20250528,2025-05-28,2025,2,5,May,28,3,22,false,false,false,false
20250529,2025-05-29,2025,2,5,May,29,4,22,false,false,false,false
20250530,2025-05-30,2025,2,5,May,30,5,22,false,false,false,false
20250531,2025-05-31,2025,2,5,May,31,6,22,true,true,false,false
20250601,2025-06-01,2025,2,6,June,1,7,22,true,false,false,false
20250602,2025-06-02,2025,2,6,June,2,1,23,false,false,false,false
20250603,2025-06-03,2025,2,6,June,3,2,23,false,false,false,false
20250604,2025-06-04,2025,2,6,June,4,3,23,false,false,false,false
20250605,2025-06-05,2025,2,6,June,5,4,23,false,false,false,false
20250606,2025-06-06,2025,2,6,June,6,5,23,false,false,false,false
20250607,2025-06-07,2025,2,6,June,7,6,23,true,false,false,false
20250608,2025-06-08,2025,2,6,June,8,7,23,true,false,false,false
20250609,2025-06-09,2025,2,6,June,9,1,24,false,false,false,false
20250610,2025-06-10,2025,2,6,June,10,2,24,false,false,false,false
20250611,2025-06-11,2025,2,6,June,11,3,24,false,false,false,false
20250612,2025-06-12,2025,2,6,June,12,4,24,false,false,false,false
20250613,2025-06-13,2025,2,6,June,13,5,24,false,false,false,false
20250614,2025-06-14,2025,2,6,June,14,6,24,true,false,false,false
20250615,2025-06-15,2025,2,6,June,15,7,24,true,false,false,false
20250616,2025-06-16,2025,2,6,June,16,1,25,false,false,false,false
20250617,2025-06-17,2025,2,6,June,17,2,25,false,false,false,false
20250618,2025-06-18,2025,2,6,June,18,3,25,false,false,false,false
20250619,2025-06-19,2025,2,6,June,19,4,25,false,false,false,false
20250620,2025-06-20,2025,2,6,June,20,5,25,false,false,false,false
20250621,2025-06-21,2025,2,6,June,21,6,25,true,false,false,false
20250622,2025-06-22,2025,2,6,June,22,7,25,true,false,false,false
20250623,2025-06-23,2025,2,6,June,23,1,26,false,false,false,false
20250624,2025-06-24,2025,2,6,June,24,2,26,false,false,false,false
20250625,2025-06-25,2025,2,6,June,25,3,26,false,false,false,false
20250626,2025-06-26,2025,2,6,June,26,4,26,false,false,false,false
20250627,2025-06-27,2025,2,6,June,27,5,26,false,false,false,false
20250628,2025-06-28,2025,2,6,June,28,6,26,true,false,false,false
20250629,2025-06-29,2025,2,6,June,29,7,26,true,false,false,false
20250630,2025-06-30,2025,2,6,June,30,1,27,false,true,true,false
20250701,2025-07-01,2025,3,7,July,1,2,27,false,false,false,false
20250702,2025-07-02,2025,3,7,July,2,3,27,false,false,false,false
20250703,2025-07-03,2025,3,7,July,3,4,27,false,false,false,false
20250704,2025-07-04,2025,3,7,July,4,5,27,false,false,false,false
20250705,2025-07-05,2025,3,7,July,5,6,27,true,false,false,false
20250706,2025-07-06,2025,3,7,July,6,7,27,true,false,false,false
20250707,2025-07-07,2025,3,7,July,7,1,28,false,false,false,false
20250708,2025-07-08,2025,3,7,July,8,2,28,false,false,false,false
20250709,2025-07-09,2025,3,7,July,9,3,28,false,false,false,false
20250710,2025-07-10,2025,3,7,July,10,4,28,false,false,false,false
20250711,2025-07-11,2025,3,7,July,11,5,28,false,false,false,false
20250712,2025-07-12,2025,3,7,July,12,6,28,true,false,false,false
20250713,2025-07-13,2025,3,7,July,13,7,28,true,false,false,false
20250714,2025-07-14,2025,3,7,July,14,1,29,false,false,false,false
20250715,2025-07-15,2025,3,7,July,15,2,29,false,false,false,false
20250716,2025-07-16,2025,3,7,July,16,3,29,false,false,false,false
20250717,2025-07-17,2025,3,7,July,17,4,29,false,false,false,false
20250718,2025-07-18,2025,3,7,July,18,5,29,false,false,false,false
20250719,2025-07-19,2025,3,7,July,19,6,29,true,false,false,false
20250720,2025-07-20,2025,3,7,July,20,7,29,true,false,false,false
20250721,2025-07-21,2025,3,7,July,21,1,30,false,false,false,false
20250722,2025-07-22,2025,3,7,July,22,2,30,false,false,false,false
20250723,2025-07-23,2025,3,7,July,23,3,30,false,false,false,false
20250724,2025-07-24,2025,3,7,July,24,4,30,false,false,false,false
20250725,2025-07-25,2025,3,7,July,25,5,30,false,false,false,false
20250726,2025-07-26,2025,3,7,July,26,6,30,true,false,false,false
20250727,2025-07-27,2025,3,7,July,27,7,30,true,false,false,false
20250728,2025-07-28,2025,3,7,July,28,1,31,false,false,false,false
20250729,2025-07-29,2025,3,7,July,29,2,31,false,false,false,false
20250730,2025-07-30,2025,3,7,July,30,3,31,false,false,false,false
20250731,2025-07-31,2025,3,7,July,31,4,31,false,true,false,false
20250801,2025-08-01,2025,3,8,August,1,5,31,false,false,false,false
20250802,2025-08-02,2025,3,8,August,2,6,31,true,false,false,false
20250803,2025-08-03,2025,3,8,August,3,7,31,true,false,false,false
20250804,2025-08-04,2025,3,8,August,4,1,32,false,false,false,false
20250805,2025-08-05,2025,3,8,August,5,2,32,false,false,false,false
20250806,2025-08-06,2025,3,8,August,6,3,32,false,false,false,false
20250807,2025-08-07,2025,3,8,August,7,4,32,false,false,false,false
20250808,2025-08-08,2025,3,8,August,8,5,32,false,false,false,false
20250809,2025-08-09,2025,3,8,August,9,6,32,true,false,false,false
20250810,2025-08-10,2025,3,8,August,10,7,32,true,false,false,false
20250811,2025-08-11,2025,3,8,August,11,1,33,false,false,false,false
20250812,2025-08-12,2025,3,8,August,12,2,33,false,false,false,false
20250813,2025-08-13,2025,3,8,August,13,3,33,false,false,false,false
20250814,2025-08-14,2025,3,8,August,14,4,33,false,false,false,false
20250815,2025-08-15,2025,3,8,August,15,5,33,false,false,false,false
20250816,2025-08-16,2025,3,8,August,16,6,33,true,false,false,false
20250817,2025-08-17,2025,3,8,August,17,7,33,true,false,false,false
20250818,2025-08-18,2025,3,8,August,18,1,34,false,false,false,false
20250819,2025-08-19,2025,3,8,August,19,2,34,false,false,false,false
20250820,2025-08-20,2025,3,8,August,20,3,34,false,false,false,false
20250821,2025-08-21,2025,3,8,August,21,4,34,false,false,false,false
20250822,2025-08-22,2025,3,8,August,22,5,34,false,false,false,false
20250823,2025-08-23,2025,3,8,August,23,6,34,true,false,false,false
20250824,2025-08-24,2025,3,8,August,24,7,34,true,false,false,false
20250825,2025-08-25,2025,3,8,August,25,1,35,false,false,false,false
20250826,2025-08-26,2025,3,8,August,26,2,35,false,false,false,false
20250827,2025-08-27,2025,3,8,August,27,3,35,false,false,false,false
20250828,2025-08-28,2025,3,8,August,28,4,35,false,false,false,false
20250829,2025-08-29,2025,3,8,August,29,5,35,false,false,false,false
20250830,2025-08-30,2025,3,8,August,30,6,35,true,false,false,false
20250831,2025-08-31,2025,3,8,August,31,7,35,true,true,false,false
20250901,2025-09-01,2025,3,9,September,1,1,36,false,false,false,false
20250902,2025-09-02,2025,3,9,September,2,2,36,false,false,false,false
20250903,2025-09-03,2025,3,9,September,3,3,36,false,false,false,false
20250904,2025-09-04,2025,3,9,September,4,4,36,false,false,false,false
20250905,2025-09-05,2025,3,9,September,5,5,36,false,false,false,false
20250906,2025-09-06,2025,3,9,September,6,6,36,true,false,false,false
20250907,2025-09-07,2025,3,9,September,7,7,36,true,false,false,false
20250908,2025-09-08,2025,3,9,September,8,1,37,false,false,false,false
20250909,2025-09-09,2025,3,9,September,9,2,37,false,false,false,false
20250910,2025-09-10,2025,3,9,September,10,3,37,false,false,false,false
20250911,2025-09-11,2025,3,9,September,11,4,37,false,false,false,false
20250912,2025-09-12,2025,3,9,September,12,5,37,false,false,false,false
20250913,2025-09-13,2025,3,9,September,13,6,37,true,false,false,false
20250914,2025-09-14,2025,3,9,September,14,7,37,true,false,false,false
20250915,2025-09-15,2025,3,9,September,15,1,38,false,false,false,false
20250916,2025-09-16,2025,3,9,September,16,2,38,false,false,false,false
20250917,2025-09-17,2025,3,9,September,17,3,38,false,false,false,false
20250918,2025-09-18,2025,3,9,September,18,4,38,false,false,false,false
20250919,2025-09-19,2025,3,9,September,19,5,38,false,false,false,false
20250920,2025-09-20,2025,3,9,September,20,6,38,true,false,false,false
20250921,2025-09-21,2025,3,9,September,21,7,38,true,false,false,false
20250922,2025-09-22,2025,3,9,September,22,1,39,false,false,false,false
20250923,2025-09-23,2025,3,9,September,23,2,39,false,false,false,false
20250924,2025-09-24,2025,3,9,September,24,3,39,false,false,false,false
20250925,2025-09-25,2025,3,9,September,25,4,39,false,false,false,false
20250926,2025-09-26,2025,3,9,September,26,5,39,false,false,false,false
20250927,2025-09-27,2025,3,9,September,27,6,39,true,false,false,false
20250928,2025-09-28,2025,3,9,September,28,7,39,true,false,false,false
20250929,2025-09-29,2025,3,9,September,29,1,40,false,false,false,false
20250930,2025-09-30,2025,3,9,September,30,2,40,false,true,true,false
20251001,2025-10-01,2025,4,10,October,1,3,40,false,false,false,false
20251002,2025-10-02,2025,4,10,October,2,4,40,false,false,false,false
20251003,2025-10-03,2025,4,10,October,3,5,40,false,false,false,false
20251004,2025-10-04,2025,4,10,October,4,6,40,true,false,false,false
20251005,2025-10-05,2025,4,10,October,5,7,40,true,false,false,false
20251006,2025-10-06,2025,4,10,October,6,1,41,false,false,false,false
20251007,2025-10-07,2025,4,10,October,7,2,41,false,false,false,false
20251008,2025-10-08,2025,4,10,October,8,3,41,false,false,false,false
20251009,2025-10-09,2025,4,10,October,9,4,41,false,false,false,false
20251010,2025-10-10,2025,4,10,October,10,5,41,false,false,false,false
20251011,2025-10-11,2025,4,10,October,11,6,41,true,false,false,false
20251012,2025-10-12,2025,4,10,October,12,7,41,true,false,false,false
20251013,2025-10-13,2025,4,10,October,13,1,42,false,false,false,false
20251014,2025-10-14,2025,4,10,October,14,2,42,false,false,false,false
20251015,2025-10-15,2025,4,10,October,15,3,42,false,false,false,false
20251016,2025-10-16,2025,4,10,October,16,4,42,false,false,false,false
20251017,2025-10-17,2025,4,10,October,17,5,42,false,false,false,false
20251018,2025-10-18,2025,4,10,October,18,6,42,true,false,false,false
20251019,2025-10-19,2025,4,10,October,19,7,42,true,false,false,false
20251020,2025-10-20,2025,4,10,October,20,1,43,false,false,false,false
20251021,2025-10-21,2025,4,10,October,21,2,43,false,false,false,false
20251022,2025-10-22,2025,4,10,October,22,3,43,false,false,false,false
20251023,2025-10-23,2025,4,10,October,23,4,43,false,false,false,false
20251024,2025-10-24,2025,4,10,October,24,5,43,false,false,false,false
20251025,2025-10-25,2025,4,10,October,25,6,43,true,false,false,false
20251026,2025-10-26,2025,4,10,October,26,7,43,true,false,false,false
20251027,2025-10-27,2025,4,10,October,27,1,44,false,false,false,false
20251028,2025-10-28,2025,4,10,October,28,2,44,false,false,false,false
20251029,2025-10-29,2025,4,10,October,29,3,44,false,false,false,false
20251030,2025-10-30,2025,4,10,October,30,4,44,false,false,false,false
20251031,2025-10-31,2025,4,10,October,31,5,44,false,true,false,false
20251101,2025-11-01,2025,4,11,November,1,6,44,true,false,false,false
20251102,2025-11-02,2025,4,11,November,2,7,44,true,false,false,false
20251103,2025-11-03,2025,4,11,November,3,1,45,false,false,false,false
20251104,2025-11-04,2025,4,11,November,4,2,45,false,false,false,false
20251105,2025-11-05,2025,4,11,November,5,3,45,false,false,false,false
20251106,2025-11-06,2025,4,11,November,6,4,45,false,false,false,false
20251107,2025-11-07,2025,4,11,November,7,5,45,false,false,false,false
20251108,2025-11-08,2025,4,11,November,8,6,45,true,false,false,false
20251109,2025-11-09,2025,4,11,November,9,7,45,true,false,false,false
20251110,2025-11-10,2025,4,11,November,10,1,46,false,false,false,false
20251111,2025-11-11,2025,4,11,November,11,2,46,false,false,false,false
20251112,2025-11-12,2025,4,11,November,12,3,46,false,false,false,false
20251113,2025-11-13,2025,4,11,November,13,4,46,false,false,false,false
20251114,2025-11-14,2025,4,11,November,14,5,46,false,false,false,false
20251115,2025-11-15,2025,4,11,November,15,6,46,true,false,false,false
20251116,2025-11-16,2025,4,11,November,16,7,46,true,false,false,false
20251117,2025-11-17,2025,4,11,November,17,1,47,false,false,false,false
20251118,2025-11-18,2025,4,11,November,18,2,47,false,false,false,false
20251119,2025-11-19,2025,4,11,November,19,3,47,false,false,false,false
20251120,2025-11-20,2025,4,11,November,20,4,47,false,false,false,false
20251121,2025-11-21,2025,4,11,November,21,5,47,false,false,false,false
20251122,2025-11-22,2025,4,11,November,22,6,47,true,false,false,false
20251123,2025-11-23,2025,4,11,November,23,7,47,true,false,false,false
20251124,2025-11-24,2025,4,11,November,24,1,48,false,false,false,false
20251125,2025-11-25,2025,4,11,November,25,2,48,false,false,false,false
20251126,2025-11-26,2025,4,11,November,26,3,48,false,false,false,false
20251127,2025-11-27,2025,4,11,November,27,4,48,false,false,false,false
20251128,2025-11-28,2025,4,11,November,28,5,48,false,false,false,false
20251129,2025-11-29,2025,4,11,November,29,6,48,true,false,false,false
20251130,2025-11-30,2025,4,11,November,30,7,48,true,true,false,false
20251201,2025-12-01,2025,4,12,December,1,1,49,false,false,false,false
20251202,2025-12-02,2025,4,12,December,2,2,49,false,false,false,false
20251203,2025-12-03,2025,4,12,December,3,3,49,false,false,false,false
20251204,2025-12-04,2025,4,12,December,4,4,49,false,false,false,false
20251205,2025-12-05,2025,4,12,December,5,5,49,false,false,false,false
20251206,2025-12-06,2025,4,12,December,6,6,49,true,false,false,false
20251207,2025-12-07,2025,4,12,December,7,7,49,true,false,false,false
20251208,2025-12-08,2025,4,12,December,8,1,50,false,false,false,false
20251209,2025-12-09,2025,4,12,December,9,2,50,false,false,false,false
20251210,2025-12-10,2025,4,12,December,10,3,50,false,false,false,false
20251211,2025-12-11,2025,4,12,December,11,4,50,false,false,false,false
20251212,2025-12-12,2025,4,12,December,12,5,50,false,false,false,false
20251213,2025-12-13,2025,4,12,December,13,6,50,true,false,false,false
20251214,2025-12-14,2025,4,12,December,14,7,50,true,false,false,false
20251215,2025-12-15,2025,4,12,December,15,1,51,false,false,false,false
20251216,2025-12-16,2025,4,12,December,16,2,51,false,false,false,false
20251217,2025-12-17,2025,4,12,December,17,3,51,false,false,false,false
20251218,2025-12-18,2025,4,12,December,18,4,51,false,false,false,false
20251219,2025-12-19,2025,4,12,December,19,5,51,false,false,false,false
20251220,2025-12-20,2025,4,12,December,20,6,51,true,false,false,false
20251221,2025-12-21,2025,4,12,December,21,7,51,true,false,false,false
20251222,2025-12-22,2025,4,12,December,22,1,52,false,false,false,false
20251223,2025-12-23,2025,4,12,December,23,2,52,false,false,false,false
20251224,2025-12-24,2025,4,12,December,24,3,52,false,false,false,false
20251225,2025-12-25,2025,4,12,December,25,4,52,false,false,false,false
20251226,2025-12-26,2025,4,12,December,26,5,52,false,false,false,false
20251227,2025-12-27,2025,4,12,December,27,6,52,true,false,false,false
20251228,2025-12-28,2025,4,12,December,28,7,52,true,false,false,false
20251229,2025-12-29,2025,4,12,December,29,1,1,false,false,false,false
20251230,2025-12-30,2025,4,12,December,30,2,1,false,false,false,false
20251231,2025-12-31,2025,4,12,December,31,3,1,false,true,true,true
20260101,2026-01-01,2026,1,1,January,1,4,1,false,false,false,false
20260102,2026-01-02,2026,1,1,January,2,5,1,false,false,false,false
20260103,2026-01-03,2026,1,1,January,3,6,1,true,false,false,false
20260104,2026-01-04,2026,1,1,January,4,7,1,true,false,false,false
20260105,2026-01-05,2026,1,1,January,5,1,2,false,false,false,false
20260106,2026-01-06,2026,1,1,January,6,2,2,false,false,false,false
20260107,2026-01-07,2026,1,1,January,7,3,2,false,false,false,false
20260108,2026-01-08,2026,1,1,January,8,4,2,false,false,false,false
20260109,2026-01-09,2026,1,1,January,9,5,2,false,false,false,false
20260110,2026-01-10,2026,1,1,January,10,6,2,true,false,false,false
20260111,2026-01-11,2026,1,1,January,11,7,2,true,false,false,false
20260112,2026-01-12,2026,1,1,January,12,1,3,false,false,false,false
20260113,2026-01-13,2026,1,1,January,13,2,3,false,false,false,false
20260114,2026-01-14,2026,1,1,January,14,3,3,false,false,false,false
20260115,2026-01-15,2026,1,1,January,15,4,3,false,false,false,false
20260116,2026-01-16,2026,1,1,January,16,5,3,false,false,false,false
20260117,2026-01-17,2026,1,1,January,17,6,3,true,false,false,false
20260118,2026-01-18,2026,1,1,January,18,7,3,true,false,false,false
20260119,2026-01-19,2026,1,1,January,19,1,4,false,false,false,false
20260120,2026-01-20,2026,1,1,January,20,2,4,false,false,false,false
20260121,2026-01-21,2026,1,1,January,21,3,4,false,false,false,false
20260122,2026-01-22,2026,1,1,January,22,4,4,false,false,false,false
20260123,2026-01-23,2026,1,1,January,23,5,4,false,false,false,false
20260124,2026-01-24,2026,1,1,January,24,6,4,true,false,false,false
20260125,2026-01-25,2026,1,1,January,25,7,4,true,false,false,false
20260126,2026-01-26,2026,1,1,January,26,1,5,false,false,false,false
20260127,2026-01-27,2026,1,1,January,27,2,5,false,false,false,false
20260128,2026-01-28,2026,1,1,January,28,3,5,false,false,false,false
20260129,2026-01-29,2026,1,1,January,29,4,5,false,false,false,false
20260130,2026-01-30,2026,1,1,January,30,5,5,false,false,false,false
20260131,2026-01-31,2026,1,1,January,31,6,5,true,true,false,false
20260201,2026-02-01,2026,1,2,February,1,7,5,true,false,false,false
20260202,2026-02-02,2026,1,2,February,2,1,6,false,false,false,false
20260203,2026-02-03,2026,1,2,February,3,2,6,false,false,false,false
20260204,2026-02-04,2026,1,2,February,4,3,6,false,false,false,false
20260205,2026-02-05,2026,1,2,February,5,4,6,false,false,false,false
20260206,2026-02-06,2026,1,2,February,6,5,6,false,false,false,false
20260207,2026-02-07,2026,1,2,February,7,6,6,true,false,false,false
20260208,2026-02-08,2026,1,2,February,8,7,6,true,false,false,false
20260209,2026-02-09,2026,1,2,February,9,1,7,false,false,false,false
20260210,2026-02-10,2026,1,2,February,10,2,7,false,false,false,false
20260211,2026-02-11,2026,1,2,February,11,3,7,false,false,false,false
20260212,2026-02-12,2026,1,2,February,12,4,7,false,false,false,false
20260213,2026-02-13,2026,1,2,February,13,5,7,false,false,false,false
20260214,2026-02-14,2026,1,2,February,14,6,7,true,false,false,false
20260215,2026-02-15,2026,1,2,February,15,7,7,true,false,false,false
20260216,2026-02-16,2026,1,2,February,16,1,8,false,false,false,false
20260217,2026-02-17,2026,1,2,February,17,2,8,false,false,false,false
20260218,2026-02-18,2026,1,2,February,18,3,8,false,false,false,false
20260219,2026-02-19,2026,1,2,February,19,4,8,false,false,false,false
20260220,2026-02-20,2026,1,2,February,20,5,8,false,false,false,false
20260221,2026-02-21,2026,1,2,February,21,6,8,true,false,false,false
20260222,2026-02-22,2026,1,2,February,22,7,8,true,false,false,false
20260223,2026-02-23,2026,1,2,February,23,1,9,false,false,false,false
20260224,2026-02-24,2026,1,2,February,24,2,9,false,false,false,false
20260225,2026-02-25,2026,1,2,February,25,3,9,false,false,false,false
20260226,2026-02-26,2026,1,2,February,26,4,9,false,false,false,false
20260227,2026-02-27,2026,1,2,February,27,5,9,false,false,false,false
20260228,2026-02-28,2026,1,2,February,28,6,9,true,true,false,false
20260301,2026-03-01,2026,1,3,March,1,7,9,true,false,false,false
20260302,2026-03-02,2026,1,3,March,2,1,10,false,false,false,false
20260303,2026-03-03,2026,1,3,March,3,2,10,false,false,false,false
20260304,2026-03-04,2026,1,3,March,4,3,10,false,false,false,false
20260305,2026-03-05,2026,1,3,March,5,4,10,false,false,false,false
20260306,2026-03-06,2026,1,3,March,6,5,10,false,false,false,false
20260307,2026-03-07,2026,1,3,March,7,6,10,true,false,false,false
20260308,2026-03-08,2026,1,3,March,8,7,10,true,false,false,false
20260309,2026-03-09,2026,1,3,March,9,1,11,false,false,false,false
20260310,2026-03-10,2026,1,3,March,10,2,11,false,false,false,false
20260311,2026-03-11,2026,1,3,March,11,3,11,false,false,false,false
20260312,2026-03-12,2026,1,3,March,12,4,11,false,false,false,false
20260313,2026-03-13,2026,1,3,March,13,5,11,false,false,false,false
20260314,2026-03-14,2026,1,3,March,14,6,11,true,false,false,false
20260315,2026-03-15,2026,1,3,March,15,7,11,true,false,false,false
20260316,2026-03-16,2026,1,3,March,16,1,12,false,false,false,false
20260317,2026-03-17,2026,1,3,March,17,2,12,false,false,false,false
20260318,2026-03-18,2026,1,3,March,18,3,12,false,false,false,false
20260319,2026-03-19,2026,1,3,March,19,4,12,false,false,false,false
20260320,2026-03-20,2026,1,3,March,20,5,12,false,false,false,false
20260321,2026-03-21,2026,1,3,March,21,6,12,true,false,false,false
20260322,2026-03-22,2026,1,3,March,22,7,12,true,false,false,false
20260323,2026-03-23,2026,1,3,March,23,1,13,false,false,false,false
20260324,2026-03-24,2026,1,3,March,24,2,13,false,false,false,false
20260325,2026-03-25,2026,1,3,March,25,3,13,false,false,false,false
20260326,2026-03-26,2026,1,3,March,26,4,13,false,false,false,false
20260327,2026-03-27,2026,1,3,March,27,5,13,false,false,false,false
20260328,2026-03-28,2026,1,3,March,28,6,13,true,false,false,false
20260329,2026-03-29,2026,1,3,March,29,7,13,true,false,false,false
20260330,2026-03-30,2026,1,3,March,30,1,14,false,false,false,false
20260331,2026-03-31,2026,1,3,March,31,2,14,false,true,true,false
20260401,2026-04-01,2026,2,4,April,1,3,14,false,false,false,false
20260402,2026-04-02,2026,2,4,April,2,4,14,false,false,false,false
20260403,2026-04-03,2026,2,4,April,3,5,14,false,false,false,false
20260404,2026-04-04,2026,2,4,April,4,6,14,true,false,false,false
20260405,2026-04-05,2026,2,4,April,5,7,14,true,false,false,false
20260406,2026-04-06,2026,2,4,April,6,1,15,false,false,false,false
20260407,2026-04-07,2026,2,4,April,7,2,15,false,false,false,false
20260408,2026-04-08,2026,2,4,April,8,3,15,false,false,false,false
20260409,2026-04-09,2026,2,4,April,9,4,15,false,false,false,false
20260410,2026-04-10,2026,2,4,April,10,5,15,false,false,false,false
20260411,2026-04-11,2026,2,4,April,11,6,15,true,false,false,false
20260412,2026-04-12,2026,2,4,April,12,7,15,true,false,false,false
20260413,2026-04-13,2026,2,4,April,13,1,16,false,false,false,false
20260414,2026-04-14,2026,2,4,April,14,2,16,false,false,false,false
20260415,2026-04-15,2026,2,4,April,15,3,16,false,false,false,false
20260416,2026-04-16,2026,2,4,April,16,4,16,false,false,false,false
20260417,2026-04-17,2026,2,4,April,17,5,16,false,false,false,false
20260418,2026-04-18,2026,2,4,April,18,6,16,true,false,false,false
20260419,2026-04-19,2026,2,4,April,19,7,16,true,false,false,false
20260420,2026-04-20,2026,2,4,April,20,1,17,false,false,false,false
20260421,2026-04-21,2026,2,4,April,21,2,17,false,false,false,false
20260422,2026-04-22,2026,2,4,April,22,3,17,false,false,false,false
20260423,2026-04-23,2026,2,4,April,23,4,17,false,false,false,false
20260424,2026-04-24,2026,2,4,April,24,5,17,false,false,false,false
20260425,2026-04-25,2026,2,4,April,25,6,17,true,false,false,false
20260426,2026-04-26,2026,2,4,April,26,7,17,true,false,false,false
20260427,2026-04-27,2026,2,4,April,27,1,18,false,false,false,false
20260428,2026-04-28,2026,2,4,April,28,2,18,false,false,false,false
20260429,2026-04-29,2026,2,4,April,29,3,18,false,false,false,false
20260430,2026-04-30,2026,2,4,April,30,4,18,false,true,false,false
20260501,2026-05-01,2026,2,5,May,1,5,18,false,false,false,false
20260502,2026-05-02,2026,2,5,May,2,6,18,true,false,false,false
20260503,2026-05-03,2026,2,5,May,3,7,18,true,false,false,false
20260504,2026-05-04,2026,2,5,May,4,1,19,false,false,false,false
20260505,2026-05-05,2026,2,5,May,5,2,19,false,false,false,false
20260506,2026-05-06,2026,2,5,May,6,3,19,false,false,false,false
20260507,2026-05-07,2026,2,5,May,7,4,19,false,false,false,false
20260508,2026-05-08,2026,2,5,May,8,5,19,false,false,false,false
20260509,2026-05-09,2026,2,5,May,9,6,19,true,false,false,false
20260510,2026-05-10,2026,2,5,May,10,7,19,true,false,false,false
20260511,2026-05-11,2026,2,5,May,11,1,20,false,false,false,false
20260512,2026-05-12,2026,2,5,May,12,2,20,false,false,false,false
20260513,2026-05-13,2026,2,5,May,13,3,20,false,false,false,false
20260514,2026-05-14,2026,2,5,May,14,4,20,false,false,false,false
20260515,2026-05-15,2026,2,5,May,15,5,20,false,false,false,false
20260516,2026-05-16,2026,2,5,May,16,6,20,true,false,false,false
20260517,2026-05-17,2026,2,5,May,17,7,20,true,false,false,false
20260518,2026-05-18,2026,2,5,May,18,1,21,false,false,false,false
20260519,2026-05-19,2026,2,5,May,19,2,21,false,false,false,false
20260520,2026-05-20,2026,2,5,May,20,3,21,false,false,false,false
20260521,2026-05-21,2026,2,5,May,21,4,21,false,false,false,false
20260522,2026-05-22,2026,2,5,May,22,5,21,false,false,false,false
20260523,2026-05-23,2026,2,5,May,23,6,21,true,false,false,false
20260524,2026-05-24,2026,2,5,May,24,7,21,true,false,false,false
20260525,2026-05-25,2026,2,5,May,25,1,22,false,false,false,false
20260526,2026-05-26,2026,2,5,May,26,2,22,false,false,false,false
20260527,2026-05-27,2026,2,5,May,27,3,22,false,false,false,false
20260528,2026-05-28,2026,2,5,May,28,4,22,false,false,false,false
20260529,2026-05-29,2026,2,5,May,29,5,22,false,false,false,false
20260530,2026-05-30,2026,2,5,May,30,6,22,true,false,false,false
20260531,2026-05-31,2026,2,5,May,31,7,22,true,true,false,false
20260601,2026-06-01,2026,2,6,June,1,1,23,false,false,false,false
20260602,2026-06-02,2026,2,6,June,2,2,23,false,false,false,false
20260603,2026-06-03,2026,2,6,June,3,3,23,false,false,false,false
20260604,2026-06-04,2026,2,6,June,4,4,23,false,false,false,false
20260605,2026-06-05,2026,2,6,June,5,5,23,false,false,false,false
20260606,2026-06-06,2026,2,6,June,6,6,23,true,false,false,false
20260607,2026-06-07,2026,2,6,June,7,7,23,true,false,false,false
20260608,2026-06-08,2026,2,6,June,8,1,24,false,false,false,false
20260609,2026-06-09,2026,2,6,June,9,2,24,false,false,false,false
20260610,2026-06-10,2026,2,6,June,10,3,24,false,false,false,false
20260611,2026-06-11,2026,2,6,June,11,4,24,false,false,false,false
20260612,2026-06-12,2026,2,6,June,12,5,24,false,false,false,false
20260613,2026-06-13,2026,2,6,June,13,6,24,true,false,false,false
20260614,2026-06-14,2026,2,6,June,14,7,24,true,false,false,false
20260615,2026-06-15,2026,2,6,June,15,1,25,false,false,false,false
20260616,2026-06-16,2026,2,6,June,16,2,25,false,false,false,false
20260617,2026-06-17,2026,2,6,June,17,3,25,false,false,false,false
20260618,2026-06-18,2026,2,6,June,18,4,25,false,false,false,false
20260619,2026-06-19,2026,2,6,June,19,5,25,false,false,false,false
20260620,2026-06-20,2026,2,6,June,20,6,25,true,false,false,false
20260621,2026-06-21,2026,2,6,June,21,7,25,true,false,false,false
20260622,2026-06-22,2026,2,6,June,22,1,26,false,false,false,false
20260623,2026-06-23,2026,2,6,June,23,2,26,false,false,false,false
20260624,2026-06-24,2026,2,6,June,24,3,26,false,false,false,false
20260625,2026-06-25,2026,2,6,June,25,4,26,false,false,false,false
20260626,2026-06-26,2026,2,6,June,26,5,26,false,false,false,false
20260627,2026-06-27,2026,2,6,June,27,6,26,true,false,false,false
20260628,2026-06-28,2026,2,6,June,28,7,26,true,false,false,false
20260629,2026-06-29,2026,2,6,June,29,1,27,false,false,false,false
20260630,2026-06-30,2026,2,6,June,30,2,27,false,true,true,false
20260701,2026-07-01,2026,3,7,July,1,3,27,false,false,false,false
20260702,2026-07-02,2026,3,7,July,2,4,27,false,false,false,false
20260703,2026-07-03,2026,3,7,July,3,5,27,false,false,false,false
20260704,2026-07-04,2026,3,7,July,4,6,27,true,false,false,false
20260705,2026-07-05,2026,3,7,July,5,7,27,true,false,false,false
20260706,2026-07-06,2026,3,7,July,6,1,28,false,false,false,false
20260707,2026-07-07,2026,3,7,July,7,2,28,false,false,false,false
20260708,2026-07-08,2026,3,7,July,8,3,28,false,false,false,false
20260709,2026-07-09,2026,3,7,July,9,4,28,false,false,false,false
20260710,2026-07-10,2026,3,7,July,10,5,28,false,false,false,false
20260711,2026-07-11,2026,3,7,July,11,6,28,true,false,false,false
20260712,2026-07-12,2026,3,7,July,12,7,28,true,false,false,false
20260713,2026-07-13,2026,3,7,July,13,1,29,false,false,false,false
20260714,2026-07-14,2026,3,7,July,14,2,29,false,false,false,false
20260715,2026-07-15,2026,3,7,July,15,3,29,false,false,false,false
20260716,2026-07-16,2026,3,7,July,16,4,29,false,false,false,false
20260717,2026-07-17,2026,3,7,July,17,5,29,false,false,false,false
20260718,2026-07-18,2026,3,7,July,18,6,29,true,false,false,false
20260719,2026-07-19,2026,3,7,July,19,7,29,true,false,false,false
20260720,2026-07-20,2026,3,7,July,20,1,30,false,false,false,false
20260721,2026-07-21,2026,3,7,July,21,2,30,false,false,false,false
20260722,2026-07-22,2026,3,7,July,22,3,30,false,false,false,false
20260723,2026-07-23,2026,3,7,July,23,4,30,false,false,false,false
20260724,2026-07-24,2026,3,7,July,24,5,30,false,false,false,false
20260725,2026-07-25,2026,3,7,July,25,6,30,true,false,false,false
20260726,2026-07-26,2026,3,7,July,26,7,30,true,false,false,false
20260727,2026-07-27,2026,3,7,July,27,1,31,false,false,false,false
20260728,2026-07-28,2026,3,7,July,28,2,31,false,false,false,false
20260729,2026-07-29,2026,3,7,July,29,3,31,false,false,false,false
20260730,2026-07-30,2026,3,7,July,30,4,31,false,false,false,false
20260731,2026-07-31,2026,3,7,July,31,5,31,false,true,false,false
20260801,2026-08-01,2026,3,8,August,1,6,31,true,false,false,false
20260802,2026-08-02,2026,3,8,August,2,7,31,true,false,false,false
20260803,2026-08-03,2026,3,8,August,3,1,32,false,false,false,false
20260804,2026-08-04,2026,3,8,August,4,2,32,false,false,false,false
20260805,2026-08-05,2026,3,8,August,5,3,32,false,false,false,false
20260806,2026-08-06,2026,3,8,August,6,4,32,false,false,false,false
20260807,2026-08-07,2026,3,8,August,7,5,32,false,false,false,false
20260808,2026-08-08,2026,3,8,August,8,6,32,true,false,false,false
20260809,2026-08-09,2026,3,8,August,9,7,32,true,false,false,false
20260810,2026-08-10,2026,3,8,August,10,1,33,false,false,false,false
20260811,2026-08-11,2026,3,8,August,11,2,33,false,false,false,false
20260812,2026-08-12,2026,3,8,August,12,3,33,false,false,false,false
20260813,2026-08-13,2026,3,8,August,13,4,33,false,false,false,false
20260814,2026-08-14,2026,3,8,August,14,5,33,false,false,false,false
20260815,2026-08-15,2026,3,8,August,15,6,33,true,false,false,false
20260816,2026-08-16,2026,3,8,August,16,7,33,true,false,false,false
20260817,2026-08-17,2026,3,8,August,17,1,34,false,false,false,false
20260818,2026-08-18,2026,3,8,August,18,2,34,false,false,false,false
20260819,2026-08-19,2026,3,8,August,19,3,34,false,false,false,false
20260820,2026-08-20,2026,3,8,August,20,4,34,false,false,false,false
20260821,2026-08-21,2026,3,8,August,21,5,34,false,false,false,false
20260822,2026-08-22,2026,3,8,August,22,6,34,true,false,false,false
20260823,2026-08-23,2026,3,8,August,23,7,34,true,false,false,false
20260824,2026-08-24,2026,3,8,August,24,1,35,false,false,false,false
20260825,2026-08-25,2026,3,8,August,25,2,35,false,false,false,false
20260826,2026-08-26,2026,3,8,August,26,3,35,false,false,false,false
20260827,2026-08-27,2026,3,8,August,27,4,35,false,false,false,false
20260828,2026-08-28,2026,3,8,August,28,5,35,false,false,false,false
20260829,2026-08-29,2026,3,8,August,29,6,35,true,false,false,false
20260830,2026-08-30,2026,3,8,August,30,7,35,true,false,false,false
20260831,2026-08-31,2026,3,8,August,31,1,36,false,true,false,false
20260901,2026-09-01,2026,3,9,September,1,2,36,false,false,false,false
20260902,2026-09-02,2026,3,9,September,2,3,36,false,false,false,false
20260903,2026-09-03,2026,3,9,September,3,4,36,false,false,false,false
20260904,2026-09-04,2026,3,9,September,4,5,36,false,false,false,false
20260905,2026-09-05,2026,3,9,September,5,6,36,true,false,false,false
20260906,2026-09-06,2026,3,9,September,6,7,36,true,false,false,false
20260907,2026-09-07,2026,3,9,September,7,1,37,false,false,false,false
20260908,2026-09-08,2026,3,9,September,8,2,37,false,false,false,false
20260909,2026-09-09,2026,3,9,September,9,3,37,false,false,false,false
20260910,2026-09-10,2026,3,9,September,10,4,37,false,false,false,false
20260911,2026-09-11,2026,3,9,September,11,5,37,false,false,false,false
20260912,2026-09-12,2026,3,9,September,12,6,37,true,false,false,false
20260913,2026-09-13,2026,3,9,September,13,7,37,true,false,false,false
20260914,2026-09-14,2026,3,9,September,14,1,38,false,false,false,false
20260915,2026-09-15,2026,3,9,September,15,2,38,false,false,false,false
20260916,2026-09-16,2026,3,9,September,16,3,38,false,false,false,false
20260917,2026-09-17,2026,3,9,September,17,4,38,false,false,false,false
20260918,2026-09-18,2026,3,9,September,18,5,38,false,false,false,false
20260919,2026-09-19,2026,3,9,September,19,6,38,true,false,false,false
20260920,2026-09-20,2026,3,9,September,20,7,38,true,false,false,false
20260921,2026-09-21,2026,3,9,September,21,1,39,false,false,false,false
20260922,2026-09-22,2026,3,9,September,22,2,39,false,false,false,false
20260923,2026-09-23,2026,3,9,September,23,3,39,false,false,false,false
20260924,2026-09-24,2026,3,9,September,24,4,39,false,false,false,false
20260925,2026-09-25,2026,3,9,September,25,5,39,false,false,false,false
20260926,2026-09-26,2026,3,9,September,26,6,39,true,false,false,false
20260927,2026-09-27,2026,3,9,September,27,7,39,true,false,false,false
20260928,2026-09-28,2026,3,9,September,28,1,40,false,false,false,false
