retention_action_id,customer_id,policy_id,action_date,action_timestamp,action_type,trigger_reason,offered_value,channel_id,agent_id,accepted_flag,retained_90d_flag
RET_0000000001,CUST_00000016,POL_000000022,2024-12-12,2024-12-12T13:00:00+00:00,DISCOUNT,PAYMENT_INCIDENT,66.17,CH_RETENTION_OUTBOUND,AGT_00006,false,false
RET_0000000002,CUST_00000017,POL_000000023,2026-06-20,2026-06-20T13:00:00+00:00,CALLBACK,PREMIUM_INCREASE,127.36,CH_RETENTION_OUTBOUND,AGT_00097,true,true
RET_0000000003,CUST_00000018,POL_000000024,2025-03-27,2025-03-27T15:00:00+00:00,CALLBACK,LOW_ENGAGEMENT,31.84,CH_RETENTION_OUTBOUND,AGT_00118,false,false
RET_0000000004,CUST_00000019,POL_000000025,2025-05-30,2025-05-30T17:00:00+00:00,CALLBACK,HIGH_VALUE_SAVE,98.44,CH_RETENTION_OUTBOUND,AGT_00153,false,false
RET_0000000005,CUST_00000021,POL_000000029,2026-03-14,2026-03-14T14:00:00+00:00,LOYALTY_BONUS,HIGH_VALUE_SAVE,18.6,CH_RETENTION_OUTBOUND,AGT_00048,true,true
RET_0000000006,CUST_00000026,POL_000000037,2022-06-16,2022-06-16T19:00:00+00:00,DISCOUNT,RENEWAL_RISK,16.07,CH_RETENTION_OUTBOUND,AGT_00062,false,false
RET_0000000007,CUST_00000042,POL_000000066,2025-05-11,2025-05-11T11:00:00+00:00,CALLBACK,HIGH_VALUE_SAVE,61.5,CH_RETENTION_OUTBOUND,AGT_00013,true,false
RET_0000000008,CUST_00000043,POL_000000071,2025-06-17,2025-06-17T13:00:00+00:00,CALLBACK,RENEWAL_RISK,54.6,CH_RETENTION_OUTBOUND,AGT_00027,true,false
RET_0000000009,CUST_00000053,POL_000000090,2025-07-01,2025-07-01T19:00:00+00:00,CALLBACK,COMPLAINT,62.73,CH_RETENTION_OUTBOUND,AGT_00055,true,true
RET_0000000010,CUST_00000056,POL_000000093,2026-01-03,2026-01-03T19:00:00+00:00,PAYMENT_PLAN,PREMIUM_INCREASE,11.84,CH_RETENTION_OUTBOUND,AGT_00097,false,false
RET_0000000011,CUST_00000060,POL_000000101,2025-07-13,2025-07-13T18:00:00+00:00,CLAIM_REVIEW,COMPLAINT,128.63,CH_RETENTION_OUTBOUND,AGT_00013,false,false
RET_0000000012,CUST_00000062,POL_000000103,2025-11-23,2025-11-23T12:00:00+00:00,CALLBACK,PAYMENT_INCIDENT,52.29,CH_RETENTION_OUTBOUND,AGT_00090,false,false
RET_0000000013,CUST_00000085,POL_000000138,2024-05-19,2024-05-19T16:00:00+00:00,DISCOUNT,LOW_ENGAGEMENT,39.74,CH_RETENTION_OUTBOUND,AGT_00146,false,false
RET_0000000014,CUST_00000092,POL_000000149,2025-04-17,2025-04-17T17:00:00+00:00,CALLBACK,COMPLAINT,40.82,CH_RETENTION_OUTBOUND,AGT_00013,false,false
RET_0000000015,CUST_00000110,POL_000000181,2025-06-15,2025-06-15T13:00:00+00:00,CLAIM_REVIEW,COMPLAINT,22.69,CH_RETENTION_OUTBOUND,AGT_00062,false,false
RET_0000000016,CUST_00000127,POL_000000208,2025-08-02,2025-08-02T14:00:00+00:00,DISCOUNT,PREMIUM_INCREASE,61.93,CH_RETENTION_OUTBOUND,AGT_00069,true,true
RET_0000000017,CUST_00000134,POL_000000219,2024-12-30,2024-12-30T12:00:00+00:00,DISCOUNT,PAYMENT_INCIDENT,139.49,CH_RETENTION_OUTBOUND,AGT_00118,false,false
RET_0000000018,CUST_00000135,POL_000000220,2025-09-18,2025-09-18T08:00:00+00:00,DISCOUNT,RENEWAL_RISK,72.85,CH_RETENTION_OUTBOUND,AGT_00146,true,true
RET_0000000019,CUST_00000136,POL_000000223,2025-10-30,2025-10-30T12:00:00+00:00,PAYMENT_PLAN,LOW_ENGAGEMENT,41.97,CH_RETENTION_OUTBOUND,AGT_00048,false,false
RET_0000000020,CUST_00000137,POL_000000224,2023-10-28,2023-10-28T14:00:00+00:00,DISCOUNT,PAYMENT_INCIDENT,25.18,CH_RETENTION_OUTBOUND,AGT_00167,true,true
RET_0000000021,CUST_00000155,POL_000000251,2023-06-25,2023-06-25T12:00:00+00:00,PAYMENT_PLAN,PREMIUM_INCREASE,41.43,CH_RETENTION_OUTBOUND,AGT_00020,false,false
RET_0000000022,CUST_00000164,POL_000000265,2023-02-24,2023-02-24T11:00:00+00:00,DISCOUNT,HIGH_VALUE_SAVE,77.21,CH_RETENTION_OUTBOUND,AGT_00069,false,false
RET_0000000023,CUST_00000165,POL_000000266,2025-03-03,2025-03-03T11:00:00+00:00,CLAIM_REVIEW,PREMIUM_INCREASE,16.58,CH_RETENTION_OUTBOUND,AGT_00041,false,false
RET_0000000024,CUST_00000182,POL_000000291,2026-05-10,2026-05-10T11:00:00+00:00,CALLBACK,RENEWAL_RISK,36.01,CH_RETENTION_OUTBOUND,AGT_00125,false,false
RET_0000000025,CUST_00000188,POL_000000301,2025-03-04,2025-03-04T17:00:00+00:00,DISCOUNT,RENEWAL_RISK,23.23,CH_RETENTION_OUTBOUND,AGT_00034,true,true
RET_0000000026,CUST_00000198,POL_000000318,2024-05-30,2024-05-30T12:00:00+00:00,DISCOUNT,PAYMENT_INCIDENT,11.5,CH_RETENTION_OUTBOUND,AGT_00090,false,false
RET_0000000027,CUST_00000203,POL_000000325,2026-03-20,2026-03-20T09:00:00+00:00,DISCOUNT,PREMIUM_INCREASE,85.87,CH_RETENTION_OUTBOUND,AGT_00055,false,false
RET_0000000028,CUST_00000204,POL_000000326,2025-09-26,2025-09-26T13:00:00+00:00,DISCOUNT,COMPLAINT,20.07,CH_RETENTION_OUTBOUND,AGT_00097,false,false
RET_0000000029,CUST_00000206,POL_000000330,2024-12-29,2024-12-29T13:00:00+00:00,DISCOUNT,LOW_ENGAGEMENT,31.25,CH_RETENTION_OUTBOUND,AGT_00153,false,false
RET_0000000030,CUST_00000208,POL_000000333,2024-10-09,2024-10-09T15:00:00+00:00,DISCOUNT,PAYMENT_INCIDENT,109.13,CH_RETENTION_OUTBOUND,AGT_00167,false,false
RET_0000000031,CUST_00000213,POL_000000342,2025-08-16,2025-08-16T13:00:00+00:00,DISCOUNT,RENEWAL_RISK,46.02,CH_RETENTION_OUTBOUND,AGT_00090,false,false
RET_0000000032,CUST_00000216,POL_000000349,2022-04-30,2022-04-30T10:00:00+00:00,CALLBACK,PAYMENT_INCIDENT,61.91,CH_RETENTION_OUTBOUND,AGT_00104,true,true
RET_0000000033,CUST_00000227,POL_000000366,2025-06-25,2025-06-25T15:00:00+00:00,LOYALTY_BONUS,PREMIUM_INCREASE,53.09,CH_RETENTION_OUTBOUND,AGT_00146,false,false
RET_0000000034,CUST_00000228,POL_000000367,2026-02-04,2026-02-04T16:00:00+00:00,PAYMENT_PLAN,PAYMENT_INCIDENT,22.02,CH_RETENTION_OUTBOUND,AGT_00006,false,false
RET_0000000035,CUST_00000231,POL_000000372,2025-01-19,2025-01-19T12:00:00+00:00,CALLBACK,PREMIUM_INCREASE,26.99,CH_RETENTION_OUTBOUND,AGT_00118,false,false
RET_0000000036,CUST_00000233,POL_000000375,2026-04-04,2026-04-04T14:00:00+00:00,LOYALTY_BONUS,PREMIUM_INCREASE,40.15,CH_RETENTION_OUTBOUND,AGT_00076,false,false
RET_0000000037,CUST_00000239,POL_000000384,2025-05-18,2025-05-18T10:00:00+00:00,DISCOUNT,PREMIUM_INCREASE,14.47,CH_RETENTION_OUTBOUND,AGT_00027,false,false
RET_0000000038,CUST_00000242,POL_000000388,2025-05-08,2025-05-08T10:00:00+00:00,CALLBACK,PAYMENT_INCIDENT,81.65,CH_RETENTION_OUTBOUND,AGT_00069,false,false
RET_0000000039,CUST_00000243,POL_000000389,2025-12-31,2025-12-31T14:00:00+00:00,CALLBACK,HIGH_VALUE_SAVE,95.67,CH_RETENTION_OUTBOUND,AGT_00041,false,false
RET_0000000040,CUST_00000256,POL_000000407,2025-12-02,2025-12-02T09:00:00+00:00,DISCOUNT,HIGH_VALUE_SAVE,12.93,CH_RETENTION_OUTBOUND,AGT_00006,false,false
RET_0000000041,CUST_00000257,POL_000000412,2023-11-09,2023-11-09T16:00:00+00:00,CALLBACK,PREMIUM_INCREASE,65.23,CH_RETENTION_OUTBOUND,AGT_00132,false,false
RET_0000000042,CUST_00000262,POL_000000421,2025-07-11,2025-07-11T09:00:00+00:00,LOYALTY_BONUS,RENEWAL_RISK,58.17,CH_RETENTION_OUTBOUND,AGT_00020,false,false
RET_0000000043,CUST_00000271,POL_000000441,2025-05-06,2025-05-06T13:00:00+00:00,DISCOUNT,RENEWAL_RISK,68.63,CH_RETENTION_OUTBOUND,AGT_00020,false,false
RET_0000000044,CUST_00000272,POL_000000444,2025-06-04,2025-06-04T18:00:00+00:00,DISCOUNT,PAYMENT_INCIDENT,25.38,CH_RETENTION_OUTBOUND,AGT_00006,false,false
RET_0000000045,CUST_00000274,POL_000000448,2025-08-13,2025-08-13T11:00:00+00:00,PAYMENT_PLAN,COMPLAINT,49.0,CH_RETENTION_OUTBOUND,AGT_00097,false,false
RET_0000000046,CUST_00000282,POL_000000460,2025-05-01,2025-05-01T14:00:00+00:00,CALLBACK,HIGH_VALUE_SAVE,41.73,CH_RETENTION_OUTBOUND,AGT_00132,false,false
RET_0000000047,CUST_00000288,POL_000000472,2022-04-02,2022-04-02T12:00:00+00:00,DISCOUNT,COMPLAINT,25.24,CH_RETENTION_OUTBOUND,AGT_00006,false,false
RET_0000000048,CUST_00000292,POL_000000482,2023-02-13,2023-02-13T12:00:00+00:00,DISCOUNT,RENEWAL_RISK,36.18,CH_RETENTION_OUTBOUND,AGT_00055,true,true
RET_0000000049,CUST_00000294,POL_000000484,2025-10-22,2025-10-22T15:00:00+00:00,CALLBACK,PAYMENT_INCIDENT,98.67,CH_RETENTION_OUTBOUND,AGT_00083,false,false
RET_0000000050,CUST_00000301,POL_000000495,2024-11-12,2024-11-12T18:00:00+00:00,CALLBACK,PREMIUM_INCREASE,173.99,CH_RETENTION_OUTBOUND,AGT_00006,false,false
RET_0000000051,CUST_00000304,POL_000000500,2024-02-20,2024-02-20T17:00:00+00:00,PAYMENT_PLAN,PREMIUM_INCREASE,35.2,CH_RETENTION_OUTBOUND,AGT_00146,false,false
RET_0000000052,CUST_00000313,POL_000000514,2023-12-19,2023-12-19T14:00:00+00:00,DISCOUNT,RENEWAL_RISK,97.9,CH_RETENTION_OUTBOUND,AGT_00090,true,true
RET_0000000053,CUST_00000328,POL_000000531,2025-07-12,2025-07-12T19:00:00+00:00,PAYMENT_PLAN,PAYMENT_INCIDENT,52.53,CH_RETENTION_OUTBOUND,AGT_00006,false,false
RET_0000000054,CUST_00000335,POL_000000540,2022-12-21,2022-12-21T18:00:00+00:00,CALLBACK,RENEWAL_RISK,17.63,CH_RETENTION_OUTBOUND,AGT_00153,false,false
RET_0000000055,CUST_00000338,POL_000000545,2026-04-26,2026-04-26T18:00:00+00:00,CALLBACK,LOW_ENGAGEMENT,61.56,CH_RETENTION_OUTBOUND,AGT_00132,false,false
RET_0000000056,CUST_00000343,POL_000000555,2025-02-23,2025-02-23T13:00:00+00:00,LOYALTY_BONUS,RENEWAL_RISK,190.48,CH_RETENTION_OUTBOUND,AGT_00069,false,false
RET_0000000057,CUST_00000353,POL_000000572,2026-04-02,2026-04-02T11:00:00+00:00,CALLBACK,RENEWAL_RISK,20.26,CH_RETENTION_OUTBOUND,AGT_00034,true,true
RET_0000000058,CUST_00000356,POL_000000578,2026-05-24,2026-05-24T17:00:00+00:00,CLAIM_REVIEW,PREMIUM_INCREASE,88.66,CH_RETENTION_OUTBOUND,AGT_00097,false,false
RET_0000000059,CUST_00000359,POL_000000581,2023-05-27,2023-05-27T18:00:00+00:00,DISCOUNT,COMPLAINT,19.8,CH_RETENTION_OUTBOUND,AGT_00034,false,false
RET_0000000060,CUST_00000360,POL_000000582,2026-01-08,2026-01-08T10:00:00+00:00,DISCOUNT,RENEWAL_RISK,127.25,CH_RETENTION_OUTBOUND,AGT_00125,true,true
RET_0000000061,CUST_00000369,POL_000000593,2026-06-12,2026-06-12T17:00:00+00:00,LOYALTY_BONUS,PREMIUM_INCREASE,129.52,CH_RETENTION_OUTBOUND,AGT_00083,true,true
RET_0000000062,CUST_00000378,POL_000000603,2023-10-05,2023-10-05T15:00:00+00:00,CALLBACK,PAYMENT_INCIDENT,6.1,CH_RETENTION_OUTBOUND,AGT_00090,true,false
RET_0000000063,CUST_00000390,POL_000000622,2025-01-31,2025-01-31T19:00:00+00:00,CALLBACK,HIGH_VALUE_SAVE,54.32,CH_RETENTION_OUTBOUND,AGT_00090,false,false
RET_0000000064,CUST_00000391,POL_000000623,2025-08-28,2025-08-28T19:00:00+00:00,LOYALTY_BONUS,PREMIUM_INCREASE,41.47,CH_RETENTION_OUTBOUND,AGT_00146,false,false
RET_0000000065,CUST_00000399,POL_000000636,2025-12-10,2025-12-10T08:00:00+00:00,LOYALTY_BONUS,LOW_ENGAGEMENT,52.22,CH_RETENTION_OUTBOUND,AGT_00020,false,false
RET_0000000066,CUST_00000408,POL_000000651,2026-06-01,2026-06-01T19:00:00+00:00,LOYALTY_BONUS,HIGH_VALUE_SAVE,30.83,CH_RETENTION_OUTBOUND,AGT_00132,false,false
RET_0000000067,CUST_00000436,POL_000000697,2025-06-25,2025-06-25T08:00:00+00:00,LOYALTY_BONUS,PREMIUM_INCREASE,31.68,CH_RETENTION_OUTBOUND,AGT_00062,false,false
RET_0000000068,CUST_00000445,POL_000000710,2025-02-11,2025-02-11T08:00:00+00:00,LOYALTY_BONUS,PREMIUM_INCREASE,18.85,CH_RETENTION_OUTBOUND,AGT_00069,true,true
RET_0000000069,CUST_00000448,POL_000000713,2025-02-21,2025-02-21T11:00:00+00:00,DISCOUNT,HIGH_VALUE_SAVE,88.19,CH_RETENTION_OUTBOUND,AGT_00027,false,false
RET_0000000070,CUST_00000458,POL_000000727,2025-07-05,2025-07-05T14:00:00+00:00,DISCOUNT,PREMIUM_INCREASE,72.47,CH_RETENTION_OUTBOUND,AGT_00125,false,false
RET_0000000071,CUST_00000461,POL_000000731,2023-05-07,2023-05-07T15:00:00+00:00,CLAIM_REVIEW,PAYMENT_INCIDENT,54.85,CH_RETENTION_OUTBOUND,AGT_00111,false,false
RET_0000000072,CUST_00000462,POL_000000732,2023-12-04,2023-12-04T12:00:00+00:00,CALLBACK,RENEWAL_RISK,13.27,CH_RETENTION_OUTBOUND,AGT_00020,true,true
RET_0000000073,CUST_00000470,POL_000000748,2024-11-29,2024-11-29T19:00:00+00:00,PAYMENT_PLAN,LOW_ENGAGEMENT,56.19,CH_RETENTION_OUTBOUND,AGT_00146,false,false
RET_0000000074,CUST_00000473,POL_000000751,2025-03-01,2025-03-01T10:00:00+00:00,PAYMENT_PLAN,PREMIUM_INCREASE,19.26,CH_RETENTION_OUTBOUND,AGT_00048,false,false
RET_0000000075,CUST_00000476,POL_000000757,2024-09-30,2024-09-30T18:00:00+00:00,PAYMENT_PLAN,PREMIUM_INCREASE,27.53,CH_RETENTION_OUTBOUND,AGT_00132,true,true
RET_0000000076,CUST_00000477,POL_000000759,2025-09-15,2025-09-15T13:00:00+00:00,DISCOUNT,PAYMENT_INCIDENT,27.4,CH_RETENTION_OUTBOUND,AGT_00020,false,false
RET_0000000077,CUST_00000482,POL_000000770,2025-11-08,2025-11-08T10:00:00+00:00,LOYALTY_BONUS,PREMIUM_INCREASE,4.8,CH_RETENTION_OUTBOUND,AGT_00062,false,false
RET_0000000078,CUST_00000485,POL_000000776,2025-11-26,2025-11-26T13:00:00+00:00,DISCOUNT,PREMIUM_INCREASE,86.59,CH_RETENTION_OUTBOUND,AGT_00013,false,false
RET_0000000079,CUST_00000488,POL_000000779,2022-10-04,2022-10-04T14:00:00+00:00,CALLBACK,LOW_ENGAGEMENT,43.58,CH_RETENTION_OUTBOUND,AGT_00125,false,false
RET_0000000080,CUST_00000489,POL_000000780,2026-05-30,2026-05-30T14:00:00+00:00,DISCOUNT,RENEWAL_RISK,18.6,CH_RETENTION_OUTBOUND,AGT_00034,false,false
RET_0000000081,CUST_00000495,POL_000000789,2026-05-07,2026-05-07T15:00:00+00:00,CLAIM_REVIEW,LOW_ENGAGEMENT,63.79,CH_RETENTION_OUTBOUND,AGT_00167,true,true
RET_0000000082,CUST_00000498,POL_000000792,2024-12-12,2024-12-12T12:00:00+00:00,CALLBACK,COMPLAINT,34.76,CH_RETENTION_OUTBOUND,AGT_00104,true,true
RET_0000000083,CUST_00000505,POL_000000800,2025-08-06,2025-08-06T10:00:00+00:00,CALLBACK,COMPLAINT,79.31,CH_RETENTION_OUTBOUND,AGT_00013,false,false
RET_0000000084,CUST_00000506,POL_000000801,2026-04-25,2026-04-25T18:00:00+00:00,PAYMENT_PLAN,PREMIUM_INCREASE,20.93,CH_RETENTION_OUTBOUND,AGT_00048,false,false
RET_0000000085,CUST_00000508,POL_000000803,2025-11-17,2025-11-17T19:00:00+00:00,CALLBACK,LOW_ENGAGEMENT,167.07,CH_RETENTION_OUTBOUND,AGT_00055,false,false
RET_0000000086,CUST_00000511,POL_000000806,2025-10-30,2025-10-30T17:00:00+00:00,PAYMENT_PLAN,PREMIUM_INCREASE,20.73,CH_RETENTION_OUTBOUND,AGT_00027,false,false
RET_0000000087,CUST_00000522,POL_000000822,2025-09-14,2025-09-14T09:00:00+00:00,DISCOUNT,PAYMENT_INCIDENT,26.63,CH_RETENTION_OUTBOUND,AGT_00097,false,false
RET_0000000088,CUST_00000526,POL_000000829,2025-08-25,2025-08-25T15:00:00+00:00,DISCOUNT,PREMIUM_INCREASE,10.49,CH_RETENTION_OUTBOUND,AGT_00104,false,false
RET_0000000089,CUST_00000539,POL_000000852,2026-01-23,2026-01-23T18:00:00+00:00,CLAIM_REVIEW,PREMIUM_INCREASE,174.3,CH_RETENTION_OUTBOUND,AGT_00160,false,false
RET_0000000090,CUST_00000541,POL_000000855,2026-03-15,2026-03-15T12:00:00+00:00,DISCOUNT,PAYMENT_INCIDENT,33.5,CH_RETENTION_OUTBOUND,AGT_00125,true,false
RET_0000000091,CUST_00000544,POL_000000858,2026-04-08,2026-04-08T09:00:00+00:00,PAYMENT_PLAN,LOW_ENGAGEMENT,87.51,CH_RETENTION_OUTBOUND,AGT_00062,false,false
RET_0000000092,CUST_00000545,POL_000000860,2022-05-21,2022-05-21T12:00:00+00:00,DISCOUNT,HIGH_VALUE_SAVE,26.44,CH_RETENTION_OUTBOUND,AGT_00055,false,false
RET_0000000093,CUST_00000549,POL_000000867,2025-03-13,2025-03-13T13:00:00+00:00,CALLBACK,PREMIUM_INCREASE,39.83,CH_RETENTION_OUTBOUND,AGT_00090,true,true
RET_0000000094,CUST_00000554,POL_000000875,2026-04-19,2026-04-19T12:00:00+00:00,LOYALTY_BONUS,LOW_ENGAGEMENT,16.72,CH_RETENTION_OUTBOUND,AGT_00153,false,false
RET_0000000095,CUST_00000555,POL_000000877,2026-01-15,2026-01-15T18:00:00+00:00,CALLBACK,PAYMENT_INCIDENT,276.53,CH_RETENTION_OUTBOUND,AGT_00027,true,true
RET_0000000096,CUST_00000556,POL_000000879,2025-03-12,2025-03-12T11:00:00+00:00,PAYMENT_PLAN,PAYMENT_INCIDENT,42.72,CH_RETENTION_OUTBOUND,AGT_00111,true,true
RET_0000000097,CUST_00000558,POL_000000881,2026-03-19,2026-03-19T18:00:00+00:00,CALLBACK,PAYMENT_INCIDENT,27.67,CH_RETENTION_OUTBOUND,AGT_00083,true,true
RET_0000000098,CUST_00000561,POL_000000886,2026-02-24,2026-02-24T14:00:00+00:00,DISCOUNT,RENEWAL_RISK,49.77,CH_RETENTION_OUTBOUND,AGT_00076,false,false
RET_0000000099,CUST_00000565,POL_000000895,2025-09-28,2025-09-28T18:00:00+00:00,DISCOUNT,RENEWAL_RISK,21.61,CH_RETENTION_OUTBOUND,AGT_00146,false,false
RET_0000000100,CUST_00000567,POL_000000899,2024-10-29,2024-10-29T18:00:00+00:00,LOYALTY_BONUS,COMPLAINT,83.48,CH_RETENTION_OUTBOUND,AGT_00041,false,false
RET_0000000101,CUST_00000589,POL_000000929,2024-07-20,2024-07-20T09:00:00+00:00,LOYALTY_BONUS,LOW_ENGAGEMENT,34.34,CH_RETENTION_OUTBOUND,AGT_00125,false,false
RET_0000000102,CUST_00000591,POL_000000932,2023-03-30,2023-03-30T13:00:00+00:00,PAYMENT_PLAN,LOW_ENGAGEMENT,117.25,CH_RETENTION_OUTBOUND,AGT_00146,false,false
RET_0000000103,CUST_00000594,POL_000000937,2025-09-30,2025-09-30T15:00:00+00:00,PAYMENT_PLAN,HIGH_VALUE_SAVE,12.21,CH_RETENTION_OUTBOUND,AGT_00048,true,true
RET_0000000104,CUST_00000595,POL_000000938,2025-09-28,2025-09-28T15:00:00+00:00,CALLBACK,LOW_ENGAGEMENT,56.07,CH_RETENTION_OUTBOUND,AGT_00153,false,false
RET_0000000105,CUST_00000596,POL_000000939,2024-10-30,2024-10-30T15:00:00+00:00,PAYMENT_PLAN,RENEWAL_RISK,19.09,CH_RETENTION_OUTBOUND,AGT_00132,false,false
RET_0000000106,CUST_00000597,POL_000000940,2026-05-08,2026-05-08T14:00:00+00:00,CLAIM_REVIEW,HIGH_VALUE_SAVE,91.92,CH_RETENTION_OUTBOUND,AGT_00167,false,false
RET_0000000107,CUST_00000599,POL_000000944,2026-06-30,2026-06-30T08:00:00+00:00,CALLBACK,PREMIUM_INCREASE,86.06,CH_RETENTION_OUTBOUND,AGT_00069,false,false
RET_0000000108,CUST_00000600,POL_000000945,2024-04-25,2024-04-25T15:00:00+00:00,LOYALTY_BONUS,LOW_ENGAGEMENT,31.58,CH_RETENTION_OUTBOUND,AGT_00146,false,false
RET_0000000109,CUST_00000611,POL_000000957,2025-01-06,2025-01-06T14:00:00+00:00,CALLBACK,PREMIUM_INCREASE,5.14,CH_RETENTION_OUTBOUND,AGT_00153,false,false
RET_0000000110,CUST_00000613,POL_000000963,2025-11-14,2025-11-14T11:00:00+00:00,DISCOUNT,RENEWAL_RISK,66.99,CH_RETENTION_OUTBOUND,AGT_00132,false,false
RET_0000000111,CUST_00000623,POL_000000979,2025-04-07,2025-04-07T12:00:00+00:00,LOYALTY_BONUS,HIGH_VALUE_SAVE,44.78,CH_RETENTION_OUTBOUND,AGT_00132,true,true
RET_0000000112,CUST_00000628,POL_000000986,2025-10-17,2025-10-17T14:00:00+00:00,DISCOUNT,COMPLAINT,17.41,CH_RETENTION_OUTBOUND,AGT_00062,false,false
RET_0000000113,CUST_00000635,POL_000001001,2024-01-11,2024-01-11T11:00:00+00:00,CALLBACK,PAYMENT_INCIDENT,42.97,CH_RETENTION_OUTBOUND,AGT_00041,false,false
RET_0000000114,CUST_00000643,POL_000001020,2026-02-04,2026-02-04T15:00:00+00:00,LOYALTY_BONUS,COMPLAINT,123.19,CH_RETENTION_OUTBOUND,AGT_00006,false,false
RET_0000000115,CUST_00000644,POL_000001021,2026-06-10,2026-06-10T17:00:00+00:00,DISCOUNT,RENEWAL_RISK,38.83,CH_RETENTION_OUTBOUND,AGT_00020,false,false
RET_0000000116,CUST_00000657,POL_000001042,2025-06-01,2025-06-01T15:00:00+00:00,DISCOUNT,PREMIUM_INCREASE,23.63,CH_RETENTION_OUTBOUND,AGT_00041,false,false
RET_0000000117,CUST_00000670,POL_000001061,2024-03-10,2024-03-10T12:00:00+00:00,DISCOUNT,PREMIUM_INCREASE,27.84,CH_RETENTION_OUTBOUND,AGT_00139,false,false
RET_0000000118,CUST_00000674,POL_000001066,2026-02-23,2026-02-23T16:00:00+00:00,DISCOUNT,PAYMENT_INCIDENT,129.16,CH_RETENTION_OUTBOUND,AGT_00132,true,true
RET_0000000119,CUST_00000676,POL_000001070,2022-01-26,2022-01-26T12:00:00+00:00,PAYMENT_PLAN,PREMIUM_INCREASE,53.0,CH_RETENTION_OUTBOUND,AGT_00041,false,false
RET_0000000120,CUST_00000694,POL_000001096,2024-08-11,2024-08-11T08:00:00+00:00,DISCOUNT,COMPLAINT,46.87,CH_RETENTION_OUTBOUND,AGT_00118,false,false
RET_0000000121,CUST_00000695,POL_000001098,2024-11-10,2024-11-10T09:00:00+00:00,CALLBACK,PREMIUM_INCREASE,32.9,CH_RETENTION_OUTBOUND,AGT_00083,false,false
RET_0000000122,CUST_00000696,POL_000001099,2025-09-28,2025-09-28T10:00:00+00:00,CLAIM_REVIEW,RENEWAL_RISK,62.52,CH_RETENTION_OUTBOUND,AGT_00097,false,false
RET_0000000123,CUST_00000697,POL_000001100,2025-05-03,2025-05-03T13:00:00+00:00,LOYALTY_BONUS,COMPLAINT,18.1,CH_RETENTION_OUTBOUND,AGT_00153,false,false
RET_0000000124,CUST_00000702,POL_000001106,2025-10-15,2025-10-15T11:00:00+00:00,CALLBACK,HIGH_VALUE_SAVE,9.53,CH_RETENTION_OUTBOUND,AGT_00069,false,false
RET_0000000125,CUST_00000707,POL_000001113,2025-10-07,2025-10-07T14:00:00+00:00,LOYALTY_BONUS,PREMIUM_INCREASE,67.44,CH_RETENTION_OUTBOUND,AGT_00153,true,true
RET_0000000126,CUST_00000709,POL_000001118,2022-03-14,2022-03-14T17:00:00+00:00,LOYALTY_BONUS,PREMIUM_INCREASE,27.72,CH_RETENTION_OUTBOUND,AGT_00041,false,false
RET_0000000127,CUST_00000714,POL_000001126,2025-01-03,2025-01-03T18:00:00+00:00,DISCOUNT,PREMIUM_INCREASE,126.06,CH_RETENTION_OUTBOUND,AGT_00055,false,false
RET_0000000128,CUST_00000718,POL_000001133,2026-03-04,2026-03-04T12:00:00+00:00,CLAIM_REVIEW,LOW_ENGAGEMENT,64.85,CH_RETENTION_OUTBOUND,AGT_00111,false,false
RET_0000000129,CUST_00000723,POL_000001141,2025-04-01,2025-04-01T14:00:00+00:00,DISCOUNT,PREMIUM_INCREASE,66.92,CH_RETENTION_OUTBOUND,AGT_00041,true,true
RET_0000000130,CUST_00000724,POL_000001142,2023-06-04,2023-06-04T11:00:00+00:00,DISCOUNT,RENEWAL_RISK,8.42,CH_RETENTION_OUTBOUND,AGT_00097,true,true
RET_0000000131,CUST_00000727,POL_000001147,2026-06-04,2026-06-04T10:00:00+00:00,LOYALTY_BONUS,LOW_ENGAGEMENT,47.68,CH_RETENTION_OUTBOUND,AGT_00132,false,false
RET_0000000132,CUST_00000730,POL_000001150,2025-01-30,2025-01-30T15:00:00+00:00,DISCOUNT,PAYMENT_INCIDENT,27.36,CH_RETENTION_OUTBOUND,AGT_00167,false,false
RET_0000000133,CUST_00000732,POL_000001153,2022-02-20,2022-02-20T14:00:00+00:00,CALLBACK,LOW_ENGAGEMENT,51.38,CH_RETENTION_OUTBOUND,AGT_00020,false,false
RET_0000000134,CUST_00000743,POL_000001170,2026-03-18,2026-03-18T17:00:00+00:00,CLAIM_REVIEW,PREMIUM_INCREASE,117.22,CH_RETENTION_OUTBOUND,AGT_00104,false,false
RET_0000000135,CUST_00000748,POL_000001177,2025-06-07,2025-06-07T18:00:00+00:00,DISCOUNT,PREMIUM_INCREASE,39.66,CH_RETENTION_OUTBOUND,AGT_00027,true,true
RET_0000000136,CUST_00000761,POL_000001200,2024-06-21,2024-06-21T19:00:00+00:00,LOYALTY_BONUS,PAYMENT_INCIDENT,13.04,CH_RETENTION_OUTBOUND,AGT_00097,false,false
RET_0000000137,CUST_00000765,POL_000001206,2024-10-21,2024-10-21T09:00:00+00:00,DISCOUNT,LOW_ENGAGEMENT,56.04,CH_RETENTION_OUTBOUND,AGT_00111,false,false
RET_0000000138,CUST_00000770,POL_000001211,2023-04-03,2023-04-03T14:00:00+00:00,DISCOUNT,RENEWAL_RISK,31.23,CH_RETENTION_OUTBOUND,AGT_00097,false,false
RET_0000000139,CUST_00000780,POL_000001226,2026-01-10,2026-01-10T19:00:00+00:00,DISCOUNT,RENEWAL_RISK,12.79,CH_RETENTION_OUTBOUND,AGT_00132,false,false
RET_0000000140,CUST_00000784,POL_000001232,2025-05-30,2025-05-30T09:00:00+00:00,LOYALTY_BONUS,RENEWAL_RISK,12.25,CH_RETENTION_OUTBOUND,AGT_00034,false,false
RET_0000000141,CUST_00000786,POL_000001237,2026-04-22,2026-04-22T10:00:00+00:00,DISCOUNT,COMPLAINT,190.18,CH_RETENTION_OUTBOUND,AGT_00055,false,false
RET_0000000142,CUST_00000788,POL_000001242,2024-06-21,2024-06-21T11:00:00+00:00,CALLBACK,COMPLAINT,64.32,CH_RETENTION_OUTBOUND,AGT_00139,true,true
RET_0000000143,CUST_00000792,POL_000001247,2023-07-11,2023-07-11T17:00:00+00:00,PAYMENT_PLAN,PREMIUM_INCREASE,40.33,CH_RETENTION_OUTBOUND,AGT_00027,false,false
RET_0000000144,CUST_00000793,POL_000001250,2025-04-20,2025-04-20T11:00:00+00:00,LOYALTY_BONUS,PREMIUM_INCREASE,14.44,CH_RETENTION_OUTBOUND,AGT_00111,false,false
RET_0000000145,CUST_00000796,POL_000001256,2025-06-17,2025-06-17T13:00:00+00:00,PAYMENT_PLAN,RENEWAL_RISK,77.24,CH_RETENTION_OUTBOUND,AGT_00083,true,true
RET_0000000146,CUST_00000804,POL_000001266,2025-06-28,2025-06-28T11:00:00+00:00,PAYMENT_PLAN,PREMIUM_INCREASE,36.95,CH_RETENTION_OUTBOUND,AGT_00027,true,true
RET_0000000147,CUST_00000817,POL_000001283,2025-08-06,2025-08-06T18:00:00+00:00,DISCOUNT,HIGH_VALUE_SAVE,53.56,CH_RETENTION_OUTBOUND,AGT_00083,false,false
RET_0000000148,CUST_00000819,POL_000001287,2024-04-02,2024-04-02T19:00:00+00:00,DISCOUNT,COMPLAINT,84.98,CH_RETENTION_OUTBOUND,AGT_00020,false,false
RET_0000000149,CUST_00000820,POL_000001290,2025-07-23,2025-07-23T18:00:00+00:00,CLAIM_REVIEW,COMPLAINT,23.63,CH_RETENTION_OUTBOUND,AGT_00020,false,false
RET_0000000150,CUST_00000826,POL_000001300,2024-02-02,2024-02-02T13:00:00+00:00,LOYALTY_BONUS,COMPLAINT,40.27,CH_RETENTION_OUTBOUND,AGT_00118,false,false
RET_0000000151,CUST_00000831,POL_000001310,2025-02-14,2025-02-14T14:00:00+00:00,PAYMENT_PLAN,COMPLAINT,40.29,CH_RETENTION_OUTBOUND,AGT_00034,false,false
RET_0000000152,CUST_00000835,POL_000001317,2024-11-11,2024-11-11T17:00:00+00:00,CALLBACK,RENEWAL_RISK,27.06,CH_RETENTION_OUTBOUND,AGT_00069,true,true
RET_0000000153,CUST_00000838,POL_000001321,2026-01-25,2026-01-25T18:00:00+00:00,CALLBACK,PAYMENT_INCIDENT,50.01,CH_RETENTION_OUTBOUND,AGT_00118,false,false
RET_0000000154,CUST_00000844,POL_000001331,2024-09-20,2024-09-20T17:00:00+00:00,DISCOUNT,RENEWAL_RISK,31.06,CH_RETENTION_OUTBOUND,AGT_00125,true,true
RET_0000000155,CUST_00000850,POL_000001338,2025-12-04,2025-12-04T17:00:00+00:00,DISCOUNT,PREMIUM_INCREASE,29.53,CH_RETENTION_OUTBOUND,AGT_00160,true,true
RET_0000000156,CUST_00000854,POL_000001343,2025-10-10,2025-10-10T12:00:00+00:00,DISCOUNT,RENEWAL_RISK,35.7,CH_RETENTION_OUTBOUND,AGT_00020,true,true
RET_0000000157,CUST_00000861,POL_000001356,2025-09-26,2025-09-26T09:00:00+00:00,CALLBACK,COMPLAINT,58.71,CH_RETENTION_OUTBOUND,AGT_00027,false,false
RET_0000000158,CUST_00000864,POL_000001361,2025-04-26,2025-04-26T10:00:00+00:00,CLAIM_REVIEW,COMPLAINT,33.59,CH_RETENTION_OUTBOUND,AGT_00055,true,true
RET_0000000159,CUST_00000870,POL_000001372,2026-03-03,2026-03-03T17:00:00+00:00,CLAIM_REVIEW,PAYMENT_INCIDENT,12.94,CH_RETENTION_OUTBOUND,AGT_00062,false,false
RET_0000000160,CUST_00000886,POL_000001398,2025-09-04,2025-09-04T09:00:00+00:00,PAYMENT_PLAN,RENEWAL_RISK,151.96,CH_RETENTION_OUTBOUND,AGT_00062,true,true
RET_0000000161,CUST_00000888,POL_000001401,2025-01-29,2025-01-29T16:00:00+00:00,CALLBACK,RENEWAL_RISK,137.77,CH_RETENTION_OUTBOUND,AGT_00020,false,false
RET_0000000162,CUST_00000889,POL_000001402,2025-07-10,2025-07-10T09:00:00+00:00,DISCOUNT,HIGH_VALUE_SAVE,89.8,CH_RETENTION_OUTBOUND,AGT_00034,true,true
RET_0000000163,CUST_00000893,POL_000001412,2026-01-02,2026-01-02T16:00:00+00:00,DISCOUNT,PREMIUM_INCREASE,22.32,CH_RETENTION_OUTBOUND,AGT_00104,true,false
RET_0000000164,CUST_00000895,POL_000001416,2024-08-09,2024-08-09T15:00:00+00:00,CLAIM_REVIEW,PREMIUM_INCREASE,39.8,CH_RETENTION_OUTBOUND,AGT_00048,true,true
RET_0000000165,CUST_00000900,POL_000001427,2026-06-08,2026-06-08T15:00:00+00:00,DISCOUNT,LOW_ENGAGEMENT,50.46,CH_RETENTION_OUTBOUND,AGT_00041,true,true
RET_0000000166,CUST_00000909,POL_000001444,2026-03-03,2026-03-03T19:00:00+00:00,LOYALTY_BONUS,RENEWAL_RISK,109.33,CH_RETENTION_OUTBOUND,AGT_00083,true,true
RET_0000000167,CUST_00000913,POL_000001449,2025-05-01,2025-05-01T19:00:00+00:00,PAYMENT_PLAN,PAYMENT_INCIDENT,25.42,CH_RETENTION_OUTBOUND,AGT_00104,true,true
RET_0000000168,CUST_00000933,POL_000001479,2025-05-05,2025-05-05T08:00:00+00:00,CALLBACK,PREMIUM_INCREASE,111.53,CH_RETENTION_OUTBOUND,AGT_00146,false,false
RET_0000000169,CUST_00000934,POL_000001480,2023-02-24,2023-02-24T18:00:00+00:00,CALLBACK,LOW_ENGAGEMENT,28.02,CH_RETENTION_OUTBOUND,AGT_00076,false,false
RET_0000000170,CUST_00000958,POL_000001521,2026-01-30,2026-01-30T09:00:00+00:00,CALLBACK,PAYMENT_INCIDENT,28.19,CH_RETENTION_OUTBOUND,AGT_00111,true,true
RET_0000000171,CUST_00000964,POL_000001531,2022-03-11,2022-03-11T19:00:00+00:00,CALLBACK,COMPLAINT,142.28,CH_RETENTION_OUTBOUND,AGT_00069,true,false
RET_0000000172,CUST_00000968,POL_000001536,2025-03-25,2025-03-25T15:00:00+00:00,DISCOUNT,PREMIUM_INCREASE,118.86,CH_RETENTION_OUTBOUND,AGT_00006,false,false
RET_0000000173,CUST_00000990,POL_000001573,2025-09-13,2025-09-13T17:00:00+00:00,CLAIM_REVIEW,PREMIUM_INCREASE,206.92,CH_RETENTION_OUTBOUND,AGT_00013,false,false
RET_0000000174,CUST_00001000,POL_000001586,2025-07-31,2025-07-31T16:00:00+00:00,DISCOUNT,PAYMENT_INCIDENT,35.73,CH_RETENTION_OUTBOUND,AGT_00132,false,false
RET_0000000175,CUST_00001008,POL_000001601,2023-05-16,2023-05-16T18:00:00+00:00,CLAIM_REVIEW,LOW_ENGAGEMENT,56.76,CH_RETENTION_OUTBOUND,AGT_00041,false,false
RET_0000000176,CUST_00001011,POL_000001607,2025-05-15,2025-05-15T09:00:00+00:00,DISCOUNT,LOW_ENGAGEMENT,28.84,CH_RETENTION_OUTBOUND,AGT_00104,true,true
RET_0000000177,CUST_00001012,POL_000001609,2026-04-23,2026-04-23T19:00:00+00:00,CALLBACK,PREMIUM_INCREASE,106.87,CH_RETENTION_OUTBOUND,AGT_00069,false,false
RET_0000000178,CUST_00001014,POL_000001613,2025-12-02,2025-12-02T13:00:00+00:00,DISCOUNT,LOW_ENGAGEMENT,32.01,CH_RETENTION_OUTBOUND,AGT_00048,true,true
RET_0000000179,CUST_00001020,POL_000001622,2024-12-19,2024-12-19T10:00:00+00:00,DISCOUNT,PREMIUM_INCREASE,35.17,CH_RETENTION_OUTBOUND,AGT_00111,false,false
RET_0000000180,CUST_00001031,POL_000001638,2025-09-12,2025-09-12T17:00:00+00:00,PAYMENT_PLAN,HIGH_VALUE_SAVE,22.54,CH_RETENTION_OUTBOUND,AGT_00146,false,false
RET_0000000181,CUST_00001037,POL_000001649,2024-01-25,2024-01-25T11:00:00+00:00,CLAIM_REVIEW,PAYMENT_INCIDENT,45.66,CH_RETENTION_OUTBOUND,AGT_00160,false,false
RET_0000000182,CUST_00001051,POL_000001673,2024-03-11,2024-03-11T09:00:00+00:00,LOYALTY_BONUS,HIGH_VALUE_SAVE,66.62,CH_RETENTION_OUTBOUND,AGT_00118,false,false
RET_0000000183,CUST_00001053,POL_000001679,2025-10-05,2025-10-05T17:00:00+00:00,CLAIM_REVIEW,RENEWAL_RISK,7.41,CH_RETENTION_OUTBOUND,AGT_00083,false,false
RET_0000000184,CUST_00001060,POL_000001691,2026-04-05,2026-04-05T11:00:00+00:00,DISCOUNT,PREMIUM_INCREASE,125.79,CH_RETENTION_OUTBOUND,AGT_00125,false,false
RET_0000000185,CUST_00001083,POL_000001729,2025-10-30,2025-10-30T16:00:00+00:00,PAYMENT_PLAN,PREMIUM_INCREASE,29.12,CH_RETENTION_OUTBOUND,AGT_00104,false,false
RET_0000000186,CUST_00001084,POL_000001730,2025-11-18,2025-11-18T18:00:00+00:00,CALLBACK,COMPLAINT,22.16,CH_RETENTION_OUTBOUND,AGT_00118,false,false
RET_0000000187,CUST_00001094,POL_000001746,2024-09-06,2024-09-06T18:00:00+00:00,CALLBACK,PREMIUM_INCREASE,54.58,CH_RETENTION_OUTBOUND,AGT_00013,false,false
RET_0000000188,CUST_00001095,POL_000001747,2025-01-16,2025-01-16T16:00:00+00:00,DISCOUNT,HIGH_VALUE_SAVE,48.76,CH_RETENTION_OUTBOUND,AGT_00034,false,false
RET_0000000189,CUST_00001097,POL_000001750,2023-08-12,2023-08-12T15:00:00+00:00,PAYMENT_PLAN,PREMIUM_INCREASE,118.49,CH_RETENTION_OUTBOUND,AGT_00027,false,false
RET_0000000190,CUST_00001099,POL_000001752,2025-04-15,2025-04-15T10:00:00+00:00,CALLBACK,COMPLAINT,250.63,CH_RETENTION_OUTBOUND,AGT_00146,false,false
RET_0000000191,CUST_00001101,POL_000001754,2024-04-13,2024-04-13T08:00:00+00:00,DISCOUNT,PREMIUM_INCREASE,51.85,CH_RETENTION_OUTBOUND,AGT_00076,false,false
RET_0000000192,CUST_00001111,POL_000001772,2026-06-17,2026-06-17T16:00:00+00:00,LOYALTY_BONUS,PREMIUM_INCREASE,52.81,CH_RETENTION_OUTBOUND,AGT_00111,true,true
RET_0000000193,CUST_00001121,POL_000001786,2023-12-25,2023-12-25T19:00:00+00:00,CALLBACK,PREMIUM_INCREASE,73.98,CH_RETENTION_OUTBOUND,AGT_00013,false,false
RET_0000000194,CUST_00001125,POL_000001791,2026-01-30,2026-01-30T09:00:00+00:00,CALLBACK,RENEWAL_RISK,254.66,CH_RETENTION_OUTBOUND,AGT_00027,true,true
RET_0000000195,CUST_00001126,POL_000001792,2022-12-24,2022-12-24T15:00:00+00:00,CLAIM_REVIEW,RENEWAL_RISK,34.93,CH_RETENTION_OUTBOUND,AGT_00167,false,false
RET_0000000196,CUST_00001132,POL_000001800,2025-01-20,2025-01-20T18:00:00+00:00,DISCOUNT,RENEWAL_RISK,53.54,CH_RETENTION_OUTBOUND,AGT_00006,true,true
RET_0000000197,CUST_00001136,POL_000001807,2026-02-27,2026-02-27T17:00:00+00:00,LOYALTY_BONUS,PREMIUM_INCREASE,69.54,CH_RETENTION_OUTBOUND,AGT_00153,true,true
RET_0000000198,CUST_00001139,POL_000001811,2026-04-23,2026-04-23T15:00:00+00:00,CALLBACK,PREMIUM_INCREASE,45.85,CH_RETENTION_OUTBOUND,AGT_00083,false,false
RET_0000000199,CUST_00001142,POL_000001814,2026-06-24,2026-06-24T08:00:00+00:00,PAYMENT_PLAN,LOW_ENGAGEMENT,66.05,CH_RETENTION_OUTBOUND,AGT_00083,false,false
RET_0000000200,CUST_00001146,POL_000001820,2023-04-23,2023-04-23T08:00:00+00:00,CLAIM_REVIEW,COMPLAINT,36.9,CH_RETENTION_OUTBOUND,AGT_00118,false,false
RET_0000000201,CUST_00001147,POL_000001822,2024-06-25,2024-06-25T11:00:00+00:00,PAYMENT_PLAN,RENEWAL_RISK,256.32,CH_RETENTION_OUTBOUND,AGT_00069,true,true
RET_0000000202,CUST_00001160,POL_000001842,2026-01-03,2026-01-03T19:00:00+00:00,DISCOUNT,PREMIUM_INCREASE,48.93,CH_RETENTION_OUTBOUND,AGT_00132,true,true
RET_0000000203,CUST_00001163,POL_000001848,2026-06-26,2026-06-26T11:00:00+00:00,CLAIM_REVIEW,PREMIUM_INCREASE,91.98,CH_RETENTION_OUTBOUND,AGT_00055,false,false
RET_0000000204,CUST_00001179,POL_000001874,2025-10-09,2025-10-09T10:00:00+00:00,CALLBACK,PREMIUM_INCREASE,29.45,CH_RETENTION_OUTBOUND,AGT_00097,true,false
RET_0000000205,CUST_00001182,POL_000001882,2024-11-04,2024-11-04T14:00:00+00:00,DISCOUNT,LOW_ENGAGEMENT,160.49,CH_RETENTION_OUTBOUND,AGT_00055,true,true
RET_0000000206,CUST_00001183,POL_000001883,2023-04-11,2023-04-11T08:00:00+00:00,DISCOUNT,PAYMENT_INCIDENT,122.98,CH_RETENTION_OUTBOUND,AGT_00062,true,false
RET_0000000207,CUST_00001185,POL_000001886,2025-09-26,2025-09-26T14:00:00+00:00,CALLBACK,PAYMENT_INCIDENT,84.44,CH_RETENTION_OUTBOUND,AGT_00139,true,true
RET_0000000208,CUST_00001189,POL_000001890,2026-05-11,2026-05-11T17:00:00+00:00,CALLBACK,COMPLAINT,76.06,CH_RETENTION_OUTBOUND,AGT_00132,false,false
RET_0000000209,CUST_00001193,POL_000001897,2025-02-28,2025-02-28T17:00:00+00:00,DISCOUNT,COMPLAINT,80.82,CH_RETENTION_OUTBOUND,AGT_00090,true,false
RET_0000000210,CUST_00001215,POL_000001927,2025-04-21,2025-04-21T11:00:00+00:00,DISCOUNT,HIGH_VALUE_SAVE,72.91,CH_RETENTION_OUTBOUND,AGT_00034,true,true
RET_0000000211,CUST_00001219,POL_000001933,2025-06-09,2025-06-09T17:00:00+00:00,DISCOUNT,RENEWAL_RISK,33.84,CH_RETENTION_OUTBOUND,AGT_00132,false,false
RET_0000000212,CUST_00001232,POL_000001960,2025-05-24,2025-05-24T11:00:00+00:00,DISCOUNT,HIGH_VALUE_SAVE,30.64,CH_RETENTION_OUTBOUND,AGT_00132,false,false
RET_0000000213,CUST_00001233,POL_000001962,2026-06-27,2026-06-27T08:00:00+00:00,DISCOUNT,LOW_ENGAGEMENT,36.12,CH_RETENTION_OUTBOUND,AGT_00083,false,false
RET_0000000214,CUST_00001246,POL_000001984,2023-03-17,2023-03-17T13:00:00+00:00,DISCOUNT,RENEWAL_RISK,33.55,CH_RETENTION_OUTBOUND,AGT_00090,true,true
RET_0000000215,CUST_00001247,POL_000001986,2026-06-30,2026-06-30T16:00:00+00:00,DISCOUNT,COMPLAINT,20.13,CH_RETENTION_OUTBOUND,AGT_00125,false,false
RET_0000000216,CUST_00001258,POL_000002004,2023-06-12,2023-06-12T19:00:00+00:00,LOYALTY_BONUS,COMPLAINT,23.11,CH_RETENTION_OUTBOUND,AGT_00020,true,true
RET_0000000217,CUST_00001266,POL_000002015,2025-12-11,2025-12-11T14:00:00+00:00,CALLBACK,RENEWAL_RISK,24.17,CH_RETENTION_OUTBOUND,AGT_00006,true,false
RET_0000000218,CUST_00001276,POL_000002031,2025-11-04,2025-11-04T15:00:00+00:00,DISCOUNT,PAYMENT_INCIDENT,218.83,CH_RETENTION_OUTBOUND,AGT_00062,false,false
RET_0000000219,CUST_00001285,POL_000002045,2024-07-10,2024-07-10T11:00:00+00:00,CALLBACK,PREMIUM_INCREASE,53.87,CH_RETENTION_OUTBOUND,AGT_00041,false,false
RET_0000000220,CUST_00001294,POL_000002057,2025-05-04,2025-05-04T14:00:00+00:00,LOYALTY_BONUS,PREMIUM_INCREASE,48.3,CH_RETENTION_OUTBOUND,AGT_00104,false,false
RET_0000000221,CUST_00001296,POL_000002059,2024-07-21,2024-07-21T12:00:00+00:00,LOYALTY_BONUS,PAYMENT_INCIDENT,120.06,CH_RETENTION_OUTBOUND,AGT_00006,false,false
RET_0000000222,CUST_00001299,POL_000002062,2026-06-27,2026-06-27T19:00:00+00:00,CLAIM_REVIEW,PAYMENT_INCIDENT,60.36,CH_RETENTION_OUTBOUND,AGT_00083,true,false
RET_0000000223,CUST_00001305,POL_000002075,2026-04-29,2026-04-29T15:00:00+00:00,LOYALTY_BONUS,LOW_ENGAGEMENT,43.19,CH_RETENTION_OUTBOUND,AGT_00167,false,false
RET_0000000224,CUST_00001313,POL_000002085,2026-03-16,2026-03-16T13:00:00+00:00,DISCOUNT,PREMIUM_INCREASE,31.87,CH_RETENTION_OUTBOUND,AGT_00111,true,true
RET_0000000225,CUST_00001320,POL_000002097,2023-11-27,2023-11-27T09:00:00+00:00,CALLBACK,PREMIUM_INCREASE,12.96,CH_RETENTION_OUTBOUND,AGT_00055,true,true
RET_0000000226,CUST_00001323,POL_000002101,2023-11-26,2023-11-26T13:00:00+00:00,PAYMENT_PLAN,PREMIUM_INCREASE,20.21,CH_RETENTION_OUTBOUND,AGT_00069,false,false
RET_0000000227,CUST_00001324,POL_000002102,2023-12-17,2023-12-17T16:00:00+00:00,DISCOUNT,PREMIUM_INCREASE,94.01,CH_RETENTION_OUTBOUND,AGT_00055,true,true
RET_0000000228,CUST_00001327,POL_000002105,2023-07-06,2023-07-06T18:00:00+00:00,PAYMENT_PLAN,PREMIUM_INCREASE,52.74,CH_RETENTION_OUTBOUND,AGT_00146,true,true
RET_0000000229,CUST_00001330,POL_000002108,2025-06-02,2025-06-02T09:00:00+00:00,LOYALTY_BONUS,LOW_ENGAGEMENT,16.71,CH_RETENTION_OUTBOUND,AGT_00069,false,false
RET_0000000230,CUST_00001331,POL_000002109,2024-12-29,2024-12-29T14:00:00+00:00,DISCOUNT,COMPLAINT,22.2,CH_RETENTION_OUTBOUND,AGT_00055,true,false
RET_0000000231,CUST_00001332,POL_000002110,2025-10-07,2025-10-07T16:00:00+00:00,CALLBACK,LOW_ENGAGEMENT,41.37,CH_RETENTION_OUTBOUND,AGT_00006,true,true
RET_0000000232,CUST_00001335,POL_000002117,2024-11-02,2024-11-02T17:00:00+00:00,DISCOUNT,RENEWAL_RISK,47.17,CH_RETENTION_OUTBOUND,AGT_00027,true,true
RET_0000000233,CUST_00001342,POL_000002130,2023-01-17,2023-01-17T19:00:00+00:00,CLAIM_REVIEW,HIGH_VALUE_SAVE,53.97,CH_RETENTION_OUTBOUND,AGT_00034,true,true
RET_0000000234,CUST_00001344,POL_000002133,2026-01-10,2026-01-10T17:00:00+00:00,LOYALTY_BONUS,COMPLAINT,168.29,CH_RETENTION_OUTBOUND,AGT_00069,false,false
RET_0000000235,CUST_00001356,POL_000002156,2024-03-19,2024-03-19T18:00:00+00:00,DISCOUNT,RENEWAL_RISK,32.19,CH_RETENTION_OUTBOUND,AGT_00069,true,false
RET_0000000236,CUST_00001358,POL_000002158,2024-09-01,2024-09-01T17:00:00+00:00,DISCOUNT,PAYMENT_INCIDENT,145.39,CH_RETENTION_OUTBOUND,AGT_00104,false,false
RET_0000000237,CUST_00001359,POL_000002160,2022-08-07,2022-08-07T19:00:00+00:00,PAYMENT_PLAN,PREMIUM_INCREASE,17.14,CH_RETENTION_OUTBOUND,AGT_00055,true,true
RET_0000000238,CUST_00001361,POL_000002162,2024-10-31,2024-10-31T11:00:00+00:00,DISCOUNT,COMPLAINT,88.08,CH_RETENTION_OUTBOUND,AGT_00069,true,true
RET_0000000239,CUST_00001365,POL_000002166,2024-07-27,2024-07-27T18:00:00+00:00,LOYALTY_BONUS,RENEWAL_RISK,60.19,CH_RETENTION_OUTBOUND,AGT_00111,false,false
RET_0000000240,CUST_00001366,POL_000002167,2026-02-16,2026-02-16T11:00:00+00:00,DISCOUNT,PREMIUM_INCREASE,27.8,CH_RETENTION_OUTBOUND,AGT_00027,false,false
RET_0000000241,CUST_00001372,POL_000002174,2024-09-26,2024-09-26T12:00:00+00:00,CALLBACK,COMPLAINT,82.71,CH_RETENTION_OUTBOUND,AGT_00048,true,true
RET_0000000242,CUST_00001373,POL_000002176,2024-12-16,2024-12-16T11:00:00+00:00,CALLBACK,PAYMENT_INCIDENT,58.28,CH_RETENTION_OUTBOUND,AGT_00041,false,false
RET_0000000243,CUST_00001376,POL_000002179,2026-02-21,2026-02-21T16:00:00+00:00,LOYALTY_BONUS,PREMIUM_INCREASE,87.22,CH_RETENTION_OUTBOUND,AGT_00034,false,false
RET_0000000244,CUST_00001397,POL_000002211,2025-02-18,2025-02-18T12:00:00+00:00,PAYMENT_PLAN,PAYMENT_INCIDENT,218.33,CH_RETENTION_OUTBOUND,AGT_00097,false,false
RET_0000000245,CUST_00001398,POL_000002215,2025-04-26,2025-04-26T10:00:00+00:00,CALLBACK,HIGH_VALUE_SAVE,45.72,CH_RETENTION_OUTBOUND,AGT_00020,true,true
RET_0000000246,CUST_00001403,POL_000002225,2025-03-30,2025-03-30T10:00:00+00:00,CALLBACK,COMPLAINT,36.66,CH_RETENTION_OUTBOUND,AGT_00132,true,true
RET_0000000247,CUST_00001406,POL_000002228,2025-03-09,2025-03-09T15:00:00+00:00,PAYMENT_PLAN,COMPLAINT,59.61,CH_RETENTION_OUTBOUND,AGT_00027,false,false
RET_0000000248,CUST_00001415,POL_000002241,2025-11-11,2025-11-11T10:00:00+00:00,CALLBACK,PAYMENT_INCIDENT,182.65,CH_RETENTION_OUTBOUND,AGT_00076,true,true
RET_0000000249,CUST_00001423,POL_000002253,2022-08-21,2022-08-21T16:00:00+00:00,CALLBACK,HIGH_VALUE_SAVE,33.83,CH_RETENTION_OUTBOUND,AGT_00013,true,false
RET_0000000250,CUST_00001426,POL_000002257,2023-04-09,2023-04-09T12:00:00+00:00,DISCOUNT,RENEWAL_RISK,64.06,CH_RETENTION_OUTBOUND,AGT_00027,false,false
RET_0000000251,CUST_00001432,POL_000002265,2026-05-12,2026-05-12T14:00:00+00:00,CALLBACK,PREMIUM_INCREASE,112.87,CH_RETENTION_OUTBOUND,AGT_00090,true,false
RET_0000000252,CUST_00001435,POL_000002273,2023-05-12,2023-05-12T19:00:00+00:00,DISCOUNT,RENEWAL_RISK,22.63,CH_RETENTION_OUTBOUND,AGT_00027,false,false
RET_0000000253,CUST_00001436,POL_000002274,2026-03-06,2026-03-06T15:00:00+00:00,LOYALTY_BONUS,PREMIUM_INCREASE,37.44,CH_RETENTION_OUTBOUND,AGT_00090,false,false
RET_0000000254,CUST_00001443,POL_000002287,2025-04-20,2025-04-20T10:00:00+00:00,LOYALTY_BONUS,PREMIUM_INCREASE,32.22,CH_RETENTION_OUTBOUND,AGT_00104,false,false
RET_0000000255,CUST_00001452,POL_000002299,2025-12-05,2025-12-05T09:00:00+00:00,DISCOUNT,RENEWAL_RISK,18.5,CH_RETENTION_OUTBOUND,AGT_00160,false,false
RET_0000000256,CUST_00001459,POL_000002313,2025-07-28,2025-07-28T11:00:00+00:00,CALLBACK,RENEWAL_RISK,81.82,CH_RETENTION_OUTBOUND,AGT_00048,false,false
RET_0000000257,CUST_00001465,POL_000002323,2026-02-06,2026-02-06T16:00:00+00:00,PAYMENT_PLAN,PREMIUM_INCREASE,38.06,CH_RETENTION_OUTBOUND,AGT_00020,true,true
RET_0000000258,CUST_00001474,POL_000002340,2026-02-19,2026-02-19T12:00:00+00:00,DISCOUNT,HIGH_VALUE_SAVE,24.3,CH_RETENTION_OUTBOUND,AGT_00048,false,false
RET_0000000259,CUST_00001475,POL_000002341,2025-06-24,2025-06-24T17:00:00+00:00,DISCOUNT,PREMIUM_INCREASE,138.97,CH_RETENTION_OUTBOUND,AGT_00006,true,true
RET_0000000260,CUST_00001477,POL_000002343,2023-02-08,2023-02-08T12:00:00+00:00,DISCOUNT,PAYMENT_INCIDENT,11.19,CH_RETENTION_OUTBOUND,AGT_00013,true,true
RET_0000000261,CUST_00001481,POL_000002348,2026-01-18,2026-01-18T09:00:00+00:00,CALLBACK,PREMIUM_INCREASE,151.06,CH_RETENTION_OUTBOUND,AGT_00013,false,false
RET_0000000262,CUST_00001486,POL_000002356,2022-05-23,2022-05-23T10:00:00+00:00,CLAIM_REVIEW,PREMIUM_INCREASE,38.27,CH_RETENTION_OUTBOUND,AGT_00013,false,false
RET_0000000263,CUST_00001495,POL_000002373,2025-10-11,2025-10-11T10:00:00+00:00,CLAIM_REVIEW,PREMIUM_INCREASE,189.88,CH_RETENTION_OUTBOUND,AGT_00013,false,false
RET_0000000264,CUST_00001506,POL_000002387,2024-01-22,2024-01-22T10:00:00+00:00,PAYMENT_PLAN,COMPLAINT,29.71,CH_RETENTION_OUTBOUND,AGT_00083,false,false
RET_0000000265,CUST_00001510,POL_000002393,2024-07-20,2024-07-20T13:00:00+00:00,CALLBACK,RENEWAL_RISK,35.74,CH_RETENTION_OUTBOUND,AGT_00069,true,true
RET_0000000266,CUST_00001518,POL_000002403,2025-05-21,2025-05-21T11:00:00+00:00,DISCOUNT,RENEWAL_RISK,47.83,CH_RETENTION_OUTBOUND,AGT_00041,false,false
RET_0000000267,CUST_00001519,POL_000002404,2025-06-26,2025-06-26T15:00:00+00:00,CLAIM_REVIEW,LOW_ENGAGEMENT,155.12,CH_RETENTION_OUTBOUND,AGT_00076,false,false
RET_0000000268,CUST_00001520,POL_000002405,2025-09-28,2025-09-28T13:00:00+00:00,CALLBACK,PAYMENT_INCIDENT,13.28,CH_RETENTION_OUTBOUND,AGT_00013,false,false
RET_0000000269,CUST_00001535,POL_000002431,2023-07-12,2023-07-12T18:00:00+00:00,CLAIM_REVIEW,LOW_ENGAGEMENT,212.64,CH_RETENTION_OUTBOUND,AGT_00125,true,true
RET_0000000270,CUST_00001552,POL_000002456,2023-01-19,2023-01-19T08:00:00+00:00,DISCOUNT,RENEWAL_RISK,92.17,CH_RETENTION_OUTBOUND,AGT_00020,false,false
RET_0000000271,CUST_00001553,POL_000002458,2024-11-23,2024-11-23T10:00:00+00:00,DISCOUNT,HIGH_VALUE_SAVE,12.12,CH_RETENTION_OUTBOUND,AGT_00132,false,false
RET_0000000272,CUST_00001557,POL_000002463,2023-12-19,2023-12-19T17:00:00+00:00,PAYMENT_PLAN,PREMIUM_INCREASE,92.47,CH_RETENTION_OUTBOUND,AGT_00013,false,false
RET_0000000273,CUST_00001562,POL_000002476,2025-12-28,2025-12-28T17:00:00+00:00,DISCOUNT,RENEWAL_RISK,90.97,CH_RETENTION_OUTBOUND,AGT_00062,true,true
RET_0000000274,CUST_00001574,POL_000002496,2026-02-28,2026-02-28T16:00:00+00:00,DISCOUNT,PAYMENT_INCIDENT,78.1,CH_RETENTION_OUTBOUND,AGT_00104,true,true
RET_0000000275,CUST_00001576,POL_000002499,2026-05-06,2026-05-06T16:00:00+00:00,LOYALTY_BONUS,PAYMENT_INCIDENT,56.48,CH_RETENTION_OUTBOUND,AGT_00006,false,false
RET_0000000276,CUST_00001578,POL_000002502,2025-09-22,2025-09-22T17:00:00+00:00,CLAIM_REVIEW,HIGH_VALUE_SAVE,107.67,CH_RETENTION_OUTBOUND,AGT_00013,false,false
RET_0000000277,CUST_00001582,POL_000002508,2026-05-05,2026-05-05T10:00:00+00:00,PAYMENT_PLAN,PAYMENT_INCIDENT,9.9,CH_RETENTION_OUTBOUND,AGT_00076,false,false
RET_0000000278,CUST_00001594,POL_000002531,2025-10-04,2025-10-04T16:00:00+00:00,CALLBACK,LOW_ENGAGEMENT,36.43,CH_RETENTION_OUTBOUND,AGT_00139,false,false
RET_0000000279,CUST_00001596,POL_000002533,2023-02-05,2023-02-05T16:00:00+00:00,LOYALTY_BONUS,PREMIUM_INCREASE,76.64,CH_RETENTION_OUTBOUND,AGT_00097,false,false
RET_0000000280,CUST_00001598,POL_000002538,2026-03-08,2026-03-08T09:00:00+00:00,DISCOUNT,LOW_ENGAGEMENT,95.47,CH_RETENTION_OUTBOUND,AGT_00132,false,false
RET_0000000281,CUST_00001606,POL_000002552,2023-07-19,2023-07-19T09:00:00+00:00,CLAIM_REVIEW,RENEWAL_RISK,25.83,CH_RETENTION_OUTBOUND,AGT_00118,true,true
RET_0000000282,CUST_00001610,POL_000002560,2024-05-03,2024-05-03T18:00:00+00:00,CALLBACK,PREMIUM_INCREASE,183.08,CH_RETENTION_OUTBOUND,AGT_00146,false,false
RET_0000000283,CUST_00001612,POL_000002562,2025-07-13,2025-07-13T08:00:00+00:00,DISCOUNT,PREMIUM_INCREASE,49.16,CH_RETENTION_OUTBOUND,AGT_00139,true,true
RET_0000000284,CUST_00001618,POL_000002572,2025-09-21,2025-09-21T09:00:00+00:00,CALLBACK,RENEWAL_RISK,12.95,CH_RETENTION_OUTBOUND,AGT_00034,false,false
RET_0000000285,CUST_00001630,POL_000002591,2025-09-10,2025-09-10T14:00:00+00:00,CLAIM_REVIEW,LOW_ENGAGEMENT,90.41,CH_RETENTION_OUTBOUND,AGT_00006,false,false
RET_0000000286,CUST_00001635,POL_000002599,2024-09-26,2024-09-26T18:00:00+00:00,PAYMENT_PLAN,PREMIUM_INCREASE,9.02,CH_RETENTION_OUTBOUND,AGT_00132,false,false
RET_0000000287,CUST_00001639,POL_000002604,2025-07-13,2025-07-13T15:00:00+00:00,LOYALTY_BONUS,LOW_ENGAGEMENT,19.56,CH_RETENTION_OUTBOUND,AGT_00069,false,false
RET_0000000288,CUST_00001643,POL_000002608,2025-07-05,2025-07-05T18:00:00+00:00,DISCOUNT,PREMIUM_INCREASE,23.18,CH_RETENTION_OUTBOUND,AGT_00132,false,false
RET_0000000289,CUST_00001651,POL_000002622,2025-08-25,2025-08-25T15:00:00+00:00,LOYALTY_BONUS,RENEWAL_RISK,61.96,CH_RETENTION_OUTBOUND,AGT_00097,false,false
RET_0000000290,CUST_00001653,POL_000002627,2025-09-07,2025-09-07T08:00:00+00:00,DISCOUNT,LOW_ENGAGEMENT,235.65,CH_RETENTION_OUTBOUND,AGT_00020,false,false
RET_0000000291,CUST_00001654,POL_000002628,2025-07-09,2025-07-09T18:00:00+00:00,LOYALTY_BONUS,COMPLAINT,14.11,CH_RETENTION_OUTBOUND,AGT_00048,false,false
RET_0000000292,CUST_00001674,POL_000002661,2025-12-08,2025-12-08T08:00:00+00:00,DISCOUNT,RENEWAL_RISK,81.84,CH_RETENTION_OUTBOUND,AGT_00013,true,true
RET_0000000293,CUST_00001683,POL_000002675,2026-06-13,2026-06-13T15:00:00+00:00,LOYALTY_BONUS,PREMIUM_INCREASE,85.2,CH_RETENTION_OUTBOUND,AGT_00104,true,true
RET_0000000294,CUST_00001691,POL_000002688,2023-04-11,2023-04-11T10:00:00+00:00,LOYALTY_BONUS,PREMIUM_INCREASE,75.86,CH_RETENTION_OUTBOUND,AGT_00006,false,false
RET_0000000295,CUST_00001701,POL_000002704,2025-11-24,2025-11-24T18:00:00+00:00,PAYMENT_PLAN,RENEWAL_RISK,32.45,CH_RETENTION_OUTBOUND,AGT_00118,true,true
RET_0000000296,CUST_00001710,POL_000002723,2025-10-23,2025-10-23T08:00:00+00:00,LOYALTY_BONUS,LOW_ENGAGEMENT,31.3,CH_RETENTION_OUTBOUND,AGT_00013,true,false
RET_0000000297,CUST_00001716,POL_000002734,2024-05-01,2024-05-01T10:00:00+00:00,DISCOUNT,RENEWAL_RISK,42.62,CH_RETENTION_OUTBOUND,AGT_00097,false,false
RET_0000000298,CUST_00001740,POL_000002786,2026-06-29,2026-06-29T12:00:00+00:00,CLAIM_REVIEW,PREMIUM_INCREASE,111.81,CH_RETENTION_OUTBOUND,AGT_00153,false,false
RET_0000000299,CUST_00001753,POL_000002807,2025-05-29,2025-05-29T12:00:00+00:00,CALLBACK,COMPLAINT,9.97,CH_RETENTION_OUTBOUND,AGT_00125,true,false
RET_0000000300,CUST_00001760,POL_000002817,2023-10-14,2023-10-14T17:00:00+00:00,LOYALTY_BONUS,COMPLAINT,112.56,CH_RETENTION_OUTBOUND,AGT_00069,true,false
RET_0000000301,CUST_00001770,POL_000002835,2026-03-12,2026-03-12T13:00:00+00:00,LOYALTY_BONUS,PREMIUM_INCREASE,8.98,CH_RETENTION_OUTBOUND,AGT_00069,false,false
RET_0000000302,CUST_00001777,POL_000002846,2026-01-30,2026-01-30T12:00:00+00:00,LOYALTY_BONUS,RENEWAL_RISK,24.68,CH_RETENTION_OUTBOUND,AGT_00153,false,false
RET_0000000303,CUST_00001785,POL_000002858,2026-04-03,2026-04-03T19:00:00+00:00,DISCOUNT,PAYMENT_INCIDENT,8.56,CH_RETENTION_OUTBOUND,AGT_00076,true,true
RET_0000000304,CUST_00001792,POL_000002871,2025-06-02,2025-06-02T13:00:00+00:00,PAYMENT_PLAN,PREMIUM_INCREASE,24.65,CH_RETENTION_OUTBOUND,AGT_00083,true,false
RET_0000000305,CUST_00001809,POL_000002901,2026-01-02,2026-01-02T11:00:00+00:00,PAYMENT_PLAN,LOW_ENGAGEMENT,32.26,CH_RETENTION_OUTBOUND,AGT_00020,true,true
RET_0000000306,CUST_00001813,POL_000002908,2026-03-03,2026-03-03T13:00:00+00:00,DISCOUNT,PAYMENT_INCIDENT,65.99,CH_RETENTION_OUTBOUND,AGT_00027,true,true
RET_0000000307,CUST_00001827,POL_000002931,2025-07-31,2025-07-31T15:00:00+00:00,CALLBACK,PREMIUM_INCREASE,38.67,CH_RETENTION_OUTBOUND,AGT_00146,true,false
RET_0000000308,CUST_00001829,POL_000002934,2025-11-09,2025-11-09T19:00:00+00:00,LOYALTY_BONUS,COMPLAINT,118.76,CH_RETENTION_OUTBOUND,AGT_00083,false,false
RET_0000000309,CUST_00001836,POL_000002946,2026-06-28,2026-06-28T19:00:00+00:00,CLAIM_REVIEW,LOW_ENGAGEMENT,60.16,CH_RETENTION_OUTBOUND,AGT_00132,false,false
RET_0000000310,CUST_00001841,POL_000002953,2025-04-25,2025-04-25T18:00:00+00:00,CALLBACK,PAYMENT_INCIDENT,53.94,CH_RETENTION_OUTBOUND,AGT_00118,false,false
RET_0000000311,CUST_00001848,POL_000002966,2025-01-26,2025-01-26T12:00:00+00:00,DISCOUNT,COMPLAINT,73.42,CH_RETENTION_OUTBOUND,AGT_00104,true,true
RET_0000000312,CUST_00001896,POL_000003042,2025-09-28,2025-09-28T12:00:00+00:00,DISCOUNT,LOW_ENGAGEMENT,38.43,CH_RETENTION_OUTBOUND,AGT_00160,true,true
RET_0000000313,CUST_00001905,POL_000003057,2025-02-19,2025-02-19T19:00:00+00:00,DISCOUNT,RENEWAL_RISK,78.56,CH_RETENTION_OUTBOUND,AGT_00118,false,false
RET_0000000314,CUST_00001906,POL_000003061,2023-09-08,2023-09-08T16:00:00+00:00,DISCOUNT,PREMIUM_INCREASE,236.23,CH_RETENTION_OUTBOUND,AGT_00006,false,false
RET_0000000315,CUST_00001911,POL_000003071,2025-03-29,2025-03-29T14:00:00+00:00,CLAIM_REVIEW,PAYMENT_INCIDENT,4.48,CH_RETENTION_OUTBOUND,AGT_00041,false,false
RET_0000000316,CUST_00001913,POL_000003075,2023-03-19,2023-03-19T17:00:00+00:00,DISCOUNT,PREMIUM_INCREASE,71.49,CH_RETENTION_OUTBOUND,AGT_00034,true,true
RET_0000000317,CUST_00001914,POL_000003077,2026-05-30,2026-05-30T10:00:00+00:00,DISCOUNT,PREMIUM_INCREASE,16.7,CH_RETENTION_OUTBOUND,AGT_00076,false,false
RET_0000000318,CUST_00001920,POL_000003086,2025-01-23,2025-01-23T09:00:00+00:00,DISCOUNT,COMPLAINT,45.39,CH_RETENTION_OUTBOUND,AGT_00013,false,false
RET_0000000319,CUST_00001925,POL_000003096,2025-02-06,2025-02-06T08:00:00+00:00,CALLBACK,RENEWAL_RISK,7.77,CH_RETENTION_OUTBOUND,AGT_00125,false,false
RET_0000000320,CUST_00001932,POL_000003106,2026-03-25,2026-03-25T18:00:00+00:00,CALLBACK,LOW_ENGAGEMENT,50.9,CH_RETENTION_OUTBOUND,AGT_00139,false,false
RET_0000000321,CUST_00001943,POL_000003125,2023-08-30,2023-08-30T17:00:00+00:00,PAYMENT_PLAN,RENEWAL_RISK,58.44,CH_RETENTION_OUTBOUND,AGT_00013,false,false
RET_0000000322,CUST_00001962,POL_000003157,2025-11-15,2025-11-15T17:00:00+00:00,CLAIM_REVIEW,PAYMENT_INCIDENT,35.43,CH_RETENTION_OUTBOUND,AGT_00139,false,false
RET_0000000323,CUST_00001974,POL_000003171,2024-04-18,2024-04-18T13:00:00+00:00,CALLBACK,PREMIUM_INCREASE,30.13,CH_RETENTION_OUTBOUND,AGT_00006,true,true
RET_0000000324,CUST_00001978,POL_000003178,2024-10-15,2024-10-15T15:00:00+00:00,LOYALTY_BONUS,PAYMENT_INCIDENT,18.55,CH_RETENTION_OUTBOUND,AGT_00027,false,false
RET_0000000325,CUST_00001981,POL_000003181,2026-02-27,2026-02-27T09:00:00+00:00,DISCOUNT,PREMIUM_INCREASE,157.51,CH_RETENTION_OUTBOUND,AGT_00013,false,false
RET_0000000326,CUST_00001984,POL_000003185,2026-05-09,2026-05-09T09:00:00+00:00,DISCOUNT,LOW_ENGAGEMENT,26.68,CH_RETENTION_OUTBOUND,AGT_00034,false,false
RET_0000000327,CUST_00001985,POL_000003188,2024-03-08,2024-03-08T08:00:00+00:00,DISCOUNT,PAYMENT_INCIDENT,85.65,CH_RETENTION_OUTBOUND,AGT_00069,false,false
RET_0000000328,CUST_00001989,POL_000003194,2023-03-16,2023-03-16T18:00:00+00:00,LOYALTY_BONUS,RENEWAL_RISK,46.86,CH_RETENTION_OUTBOUND,AGT_00132,false,false
RET_0000000329,CUST_00001990,POL_000003195,2025-08-12,2025-08-12T17:00:00+00:00,DISCOUNT,LOW_ENGAGEMENT,109.57,CH_RETENTION_OUTBOUND,AGT_00006,true,true
RET_0000000330,CUST_00001997,POL_000003208,2024-11-28,2024-11-28T18:00:00+00:00,CALLBACK,PREMIUM_INCREASE,31.01,CH_RETENTION_OUTBOUND,AGT_00069,false,false
RET_0000000331,CUST_00002001,POL_000003214,2026-01-12,2026-01-12T19:00:00+00:00,CALLBACK,LOW_ENGAGEMENT,184.33,CH_RETENTION_OUTBOUND,AGT_00132,true,true
RET_0000000332,CUST_00002003,POL_000003216,2025-02-13,2025-02-13T13:00:00+00:00,LOYALTY_BONUS,HIGH_VALUE_SAVE,33.3,CH_RETENTION_OUTBOUND,AGT_00006,true,true
RET_0000000333,CUST_00002007,POL_000003222,2025-12-07,2025-12-07T12:00:00+00:00,DISCOUNT,LOW_ENGAGEMENT,206.27,CH_RETENTION_OUTBOUND,AGT_00083,false,false
RET_0000000334,CUST_00002009,POL_000003224,2025-10-15,2025-10-15T14:00:00+00:00,CALLBACK,COMPLAINT,21.06,CH_RETENTION_OUTBOUND,AGT_00132,true,true
RET_0000000335,CUST_00002016,POL_000003237,2026-06-15,2026-06-15T11:00:00+00:00,CALLBACK,PAYMENT_INCIDENT,226.44,CH_RETENTION_OUTBOUND,AGT_00048,true,false
RET_0000000336,CUST_00002024,POL_000003250,2026-01-22,2026-01-22T09:00:00+00:00,LOYALTY_BONUS,PREMIUM_INCREASE,15.57,CH_RETENTION_OUTBOUND,AGT_00132,false,false
RET_0000000337,CUST_00002034,POL_000003271,2025-10-22,2025-10-22T12:00:00+00:00,CALLBACK,PAYMENT_INCIDENT,35.79,CH_RETENTION_OUTBOUND,AGT_00020,true,false
RET_0000000338,CUST_00002035,POL_000003272,2025-03-24,2025-03-24T09:00:00+00:00,DISCOUNT,PREMIUM_INCREASE,27.33,CH_RETENTION_OUTBOUND,AGT_00055,true,true
RET_0000000339,CUST_00002043,POL_000003284,2025-01-08,2025-01-08T15:00:00+00:00,PAYMENT_PLAN,PREMIUM_INCREASE,37.59,CH_RETENTION_OUTBOUND,AGT_00020,false,false
RET_0000000340,CUST_00002045,POL_000003288,2025-08-14,2025-08-14T10:00:00+00:00,CLAIM_REVIEW,PREMIUM_INCREASE,38.09,CH_RETENTION_OUTBOUND,AGT_00062,false,false
RET_0000000341,CUST_00002048,POL_000003291,2026-04-09,2026-04-09T09:00:00+00:00,DISCOUNT,PAYMENT_INCIDENT,7.21,CH_RETENTION_OUTBOUND,AGT_00097,true,true
RET_0000000342,CUST_00002064,POL_000003314,2024-10-14,2024-10-14T08:00:00+00:00,CALLBACK,PAYMENT_INCIDENT,232.02,CH_RETENTION_OUTBOUND,AGT_00034,true,true
RET_0000000343,CUST_00002073,POL_000003329,2025-09-30,2025-09-30T11:00:00+00:00,LOYALTY_BONUS,RENEWAL_RISK,42.98,CH_RETENTION_OUTBOUND,AGT_00090,false,false
RET_0000000344,CUST_00002074,POL_000003335,2024-09-01,2024-09-01T11:00:00+00:00,CALLBACK,RENEWAL_RISK,30.63,CH_RETENTION_OUTBOUND,AGT_00090,false,false
RET_0000000345,CUST_00002098,POL_000003370,2022-10-14,2022-10-14T13:00:00+00:00,LOYALTY_BONUS,RENEWAL_RISK,22.24,CH_RETENTION_OUTBOUND,AGT_00069,true,true
RET_0000000346,CUST_00002100,POL_000003376,2025-02-13,2025-02-13T16:00:00+00:00,DISCOUNT,PREMIUM_INCREASE,99.86,CH_RETENTION_OUTBOUND,AGT_00132,false,false
RET_0000000347,CUST_00002103,POL_000003382,2026-05-28,2026-05-28T13:00:00+00:00,CALLBACK,PREMIUM_INCREASE,20.56,CH_RETENTION_OUTBOUND,AGT_00027,false,false
RET_0000000348,CUST_00002110,POL_000003392,2025-01-05,2025-01-05T11:00:00+00:00,DISCOUNT,RENEWAL_RISK,22.57,CH_RETENTION_OUTBOUND,AGT_00125,false,false
RET_0000000349,CUST_00002117,POL_000003402,2023-04-22,2023-04-22T16:00:00+00:00,CLAIM_REVIEW,COMPLAINT,13.4,CH_RETENTION_OUTBOUND,AGT_00006,false,false
RET_0000000350,CUST_00002118,POL_000003404,2026-04-26,2026-04-26T13:00:00+00:00,LOYALTY_BONUS,RENEWAL_RISK,91.37,CH_RETENTION_OUTBOUND,AGT_00062,true,true
RET_0000000351,CUST_00002119,POL_000003405,2026-04-11,2026-04-11T19:00:00+00:00,DISCOUNT,COMPLAINT,104.91,CH_RETENTION_OUTBOUND,AGT_00069,false,false
RET_0000000352,CUST_00002120,POL_000003408,2026-04-06,2026-04-06T19:00:00+00:00,DISCOUNT,PREMIUM_INCREASE,24.18,CH_RETENTION_OUTBOUND,AGT_00097,false,false
RET_0000000353,CUST_00002123,POL_000003411,2022-11-06,2022-11-06T15:00:00+00:00,DISCOUNT,COMPLAINT,11.82,CH_RETENTION_OUTBOUND,AGT_00048,true,true
RET_0000000354,CUST_00002134,POL_000003430,2024-03-10,2024-03-10T18:00:00+00:00,CLAIM_REVIEW,COMPLAINT,61.96,CH_RETENTION_OUTBOUND,AGT_00076,false,false
RET_0000000355,CUST_00002137,POL_000003437,2024-12-04,2024-12-04T14:00:00+00:00,CALLBACK,PREMIUM_INCREASE,55.2,CH_RETENTION_OUTBOUND,AGT_00020,false,false
RET_0000000356,CUST_00002152,POL_000003457,2024-12-04,2024-12-04T15:00:00+00:00,DISCOUNT,PREMIUM_INCREASE,114.21,CH_RETENTION_OUTBOUND,AGT_00055,false,false
RET_0000000357,CUST_00002159,POL_000003467,2026-01-19,2026-01-19T11:00:00+00:00,PAYMENT_PLAN,PREMIUM_INCREASE,27.74,CH_RETENTION_OUTBOUND,AGT_00146,false,false
RET_0000000358,CUST_00002160,POL_000003469,2024-08-11,2024-08-11T08:00:00+00:00,LOYALTY_BONUS,COMPLAINT,26.47,CH_RETENTION_OUTBOUND,AGT_00048,false,false
RET_0000000359,CUST_00002172,POL_000003489,2025-11-21,2025-11-21T09:00:00+00:00,CALLBACK,HIGH_VALUE_SAVE,22.12,CH_RETENTION_OUTBOUND,AGT_00083,false,false
RET_0000000360,CUST_00002174,POL_000003491,2023-08-11,2023-08-11T08:00:00+00:00,LOYALTY_BONUS,LOW_ENGAGEMENT,77.34,CH_RETENTION_OUTBOUND,AGT_00041,false,false
RET_0000000361,CUST_00002176,POL_000003494,2025-05-26,2025-05-26T17:00:00+00:00,LOYALTY_BONUS,PAYMENT_INCIDENT,113.39,CH_RETENTION_OUTBOUND,AGT_00013,false,false
RET_0000000362,CUST_00002178,POL_000003497,2024-05-16,2024-05-16T14:00:00+00:00,CALLBACK,COMPLAINT,132.04,CH_RETENTION_OUTBOUND,AGT_00132,false,false
RET_0000000363,CUST_00002179,POL_000003498,2024-06-24,2024-06-24T09:00:00+00:00,DISCOUNT,COMPLAINT,14.15,CH_RETENTION_OUTBOUND,AGT_00132,true,false
RET_0000000364,CUST_00002184,POL_000003505,2024-06-09,2024-06-09T19:00:00+00:00,CALLBACK,PREMIUM_INCREASE,40.81,CH_RETENTION_OUTBOUND,AGT_00048,true,true
RET_0000000365,CUST_00002194,POL_000003521,2024-05-06,2024-05-06T19:00:00+00:00,PAYMENT_PLAN,RENEWAL_RISK,113.27,CH_RETENTION_OUTBOUND,AGT_00118,false,false
RET_0000000366,CUST_00002206,POL_000003543,2026-01-27,2026-01-27T14:00:00+00:00,CLAIM_REVIEW,PREMIUM_INCREASE,54.18,CH_RETENTION_OUTBOUND,AGT_00020,true,true
RET_0000000367,CUST_00002225,POL_000003575,2026-05-14,2026-05-14T17:00:00+00:00,DISCOUNT,PREMIUM_INCREASE,119.04,CH_RETENTION_OUTBOUND,AGT_00076,false,false
RET_0000000368,CUST_00002226,POL_000003580,2025-07-20,2025-07-20T19:00:00+00:00,LOYALTY_BONUS,PREMIUM_INCREASE,78.16,CH_RETENTION_OUTBOUND,AGT_00027,true,true
RET_0000000369,CUST_00002229,POL_000003583,2025-09-29,2025-09-29T10:00:00+00:00,CALLBACK,COMPLAINT,105.41,CH_RETENTION_OUTBOUND,AGT_00020,true,true
RET_0000000370,CUST_00002231,POL_000003587,2025-12-07,2025-12-07T09:00:00+00:00,CLAIM_REVIEW,PAYMENT_INCIDENT,44.01,CH_RETENTION_OUTBOUND,AGT_00006,false,false
RET_0000000371,CUST_00002232,POL_000003589,2022-10-07,2022-10-07T10:00:00+00:00,DISCOUNT,PREMIUM_INCREASE,7.63,CH_RETENTION_OUTBOUND,AGT_00055,false,false
RET_0000000372,CUST_00002238,POL_000003596,2026-02-23,2026-02-23T12:00:00+00:00,LOYALTY_BONUS,PREMIUM_INCREASE,71.36,CH_RETENTION_OUTBOUND,AGT_00132,false,false
RET_0000000373,CUST_00002240,POL_000003598,2026-01-17,2026-01-17T09:00:00+00:00,PAYMENT_PLAN,COMPLAINT,81.17,CH_RETENTION_OUTBOUND,AGT_00069,true,true
RET_0000000374,CUST_00002247,POL_000003605,2025-04-28,2025-04-28T15:00:00+00:00,DISCOUNT,COMPLAINT,35.98,CH_RETENTION_OUTBOUND,AGT_00020,false,false
RET_0000000375,CUST_00002254,POL_000003619,2025-05-27,2025-05-27T08:00:00+00:00,DISCOUNT,RENEWAL_RISK,7.53,CH_RETENTION_OUTBOUND,AGT_00083,true,true
RET_0000000376,CUST_00002255,POL_000003621,2026-03-29,2026-03-29T17:00:00+00:00,LOYALTY_BONUS,COMPLAINT,16.06,CH_RETENTION_OUTBOUND,AGT_00062,true,false
RET_0000000377,CUST_00002263,POL_000003632,2024-04-27,2024-04-27T15:00:00+00:00,CALLBACK,COMPLAINT,11.69,CH_RETENTION_OUTBOUND,AGT_00041,false,false
RET_0000000378,CUST_00002265,POL_000003635,2024-12-30,2024-12-30T16:00:00+00:00,PAYMENT_PLAN,PREMIUM_INCREASE,75.0,CH_RETENTION_OUTBOUND,AGT_00167,false,false
RET_0000000379,CUST_00002274,POL_000003650,2024-12-13,2024-12-13T18:00:00+00:00,CALLBACK,COMPLAINT,56.5,CH_RETENTION_OUTBOUND,AGT_00048,true,false
RET_0000000380,CUST_00002303,POL_000003700,2026-03-22,2026-03-22T19:00:00+00:00,CALLBACK,PREMIUM_INCREASE,139.96,CH_RETENTION_OUTBOUND,AGT_00027,true,true
RET_0000000381,CUST_00002306,POL_000003704,2026-03-05,2026-03-05T08:00:00+00:00,DISCOUNT,PREMIUM_INCREASE,78.66,CH_RETENTION_OUTBOUND,AGT_00069,false,false
RET_0000000382,CUST_00002310,POL_000003708,2025-10-19,2025-10-19T11:00:00+00:00,LOYALTY_BONUS,PAYMENT_INCIDENT,20.11,CH_RETENTION_OUTBOUND,AGT_00006,false,false
RET_0000000383,CUST_00002343,POL_000003750,2026-05-03,2026-05-03T12:00:00+00:00,CLAIM_REVIEW,COMPLAINT,46.68,CH_RETENTION_OUTBOUND,AGT_00020,false,false
RET_0000000384,CUST_00002345,POL_000003754,2025-12-26,2025-12-26T17:00:00+00:00,CALLBACK,LOW_ENGAGEMENT,26.82,CH_RETENTION_OUTBOUND,AGT_00160,false,false
RET_0000000385,CUST_00002347,POL_000003758,2022-03-06,2022-03-06T13:00:00+00:00,DISCOUNT,HIGH_VALUE_SAVE,12.57,CH_RETENTION_OUTBOUND,AGT_00146,true,false
RET_0000000386,CUST_00002348,POL_000003761,2023-08-30,2023-08-30T18:00:00+00:00,CALLBACK,PREMIUM_INCREASE,22.01,CH_RETENTION_OUTBOUND,AGT_00062,true,true
RET_0000000387,CUST_00002351,POL_000003765,2026-04-08,2026-04-08T16:00:00+00:00,CALLBACK,LOW_ENGAGEMENT,83.65,CH_RETENTION_OUTBOUND,AGT_00062,false,false
RET_0000000388,CUST_00002353,POL_000003768,2023-10-21,2023-10-21T19:00:00+00:00,DISCOUNT,LOW_ENGAGEMENT,32.51,CH_RETENTION_OUTBOUND,AGT_00118,true,true
RET_0000000389,CUST_00002368,POL_000003789,2026-02-19,2026-02-19T11:00:00+00:00,CALLBACK,PAYMENT_INCIDENT,110.37,CH_RETENTION_OUTBOUND,AGT_00090,false,false
RET_0000000390,CUST_00002369,POL_000003790,2025-02-16,2025-02-16T12:00:00+00:00,DISCOUNT,PREMIUM_INCREASE,100.5,CH_RETENTION_OUTBOUND,AGT_00041,false,false
RET_0000000391,CUST_00002374,POL_000003798,2026-01-31,2026-01-31T18:00:00+00:00,DISCOUNT,COMPLAINT,92.93,CH_RETENTION_OUTBOUND,AGT_00083,false,false
RET_0000000392,CUST_00002378,POL_000003804,2023-06-15,2023-06-15T08:00:00+00:00,PAYMENT_PLAN,LOW_ENGAGEMENT,106.92,CH_RETENTION_OUTBOUND,AGT_00076,true,true
RET_0000000393,CUST_00002386,POL_000003821,2026-02-24,2026-02-24T18:00:00+00:00,DISCOUNT,PAYMENT_INCIDENT,45.16,CH_RETENTION_OUTBOUND,AGT_00146,true,true
RET_0000000394,CUST_00002387,POL_000003822,2024-07-28,2024-07-28T09:00:00+00:00,CALLBACK,RENEWAL_RISK,85.7,CH_RETENTION_OUTBOUND,AGT_00132,false,false
RET_0000000395,CUST_00002391,POL_000003830,2025-01-07,2025-01-07T08:00:00+00:00,PAYMENT_PLAN,HIGH_VALUE_SAVE,144.77,CH_RETENTION_OUTBOUND,AGT_00083,true,true
RET_0000000396,CUST_00002393,POL_000003833,2022-01-15,2022-01-15T15:00:00+00:00,CALLBACK,PREMIUM_INCREASE,100.06,CH_RETENTION_OUTBOUND,AGT_00083,false,false
RET_0000000397,CUST_00002401,POL_000003843,2025-12-17,2025-12-17T14:00:00+00:00,PAYMENT_PLAN,PAYMENT_INCIDENT,61.6,CH_RETENTION_OUTBOUND,AGT_00104,false,false
RET_0000000398,CUST_00002402,POL_000003845,2025-08-27,2025-08-27T18:00:00+00:00,CALLBACK,PAYMENT_INCIDENT,90.14,CH_RETENTION_OUTBOUND,AGT_00132,false,false
RET_0000000399,CUST_00002405,POL_000003850,2025-06-29,2025-06-29T10:00:00+00:00,PAYMENT_PLAN,LOW_ENGAGEMENT,27.03,CH_RETENTION_OUTBOUND,AGT_00076,true,false
RET_0000000400,CUST_00002406,POL_000003851,2022-02-12,2022-02-12T13:00:00+00:00,DISCOUNT,PREMIUM_INCREASE,21.71,CH_RETENTION_OUTBOUND,AGT_00104,true,false
RET_0000000401,CUST_00002410,POL_000003856,2025-11-25,2025-11-25T14:00:00+00:00,CALLBACK,LOW_ENGAGEMENT,40.36,CH_RETENTION_OUTBOUND,AGT_00048,true,true
RET_0000000402,CUST_00002416,POL_000003865,2024-06-06,2024-06-06T14:00:00+00:00,PAYMENT_PLAN,PAYMENT_INCIDENT,45.2,CH_RETENTION_OUTBOUND,AGT_00069,false,false
RET_0000000403,CUST_00002418,POL_000003867,2024-12-02,2024-12-02T14:00:00+00:00,CALLBACK,PREMIUM_INCREASE,3.88,CH_RETENTION_OUTBOUND,AGT_00146,false,false
RET_0000000404,CUST_00002420,POL_000003869,2026-05-02,2026-05-02T18:00:00+00:00,CLAIM_REVIEW,COMPLAINT,72.67,CH_RETENTION_OUTBOUND,AGT_00139,false,false
RET_0000000405,CUST_00002421,POL_000003870,2025-01-16,2025-01-16T18:00:00+00:00,CLAIM_REVIEW,RENEWAL_RISK,29.32,CH_RETENTION_OUTBOUND,AGT_00132,false,false
RET_0000000406,CUST_00002429,POL_000003879,2026-06-28,2026-06-28T12:00:00+00:00,DISCOUNT,RENEWAL_RISK,95.2,CH_RETENTION_OUTBOUND,AGT_00055,false,false
RET_0000000407,CUST_00002450,POL_000003911,2025-12-01,2025-12-01T09:00:00+00:00,CALLBACK,PAYMENT_INCIDENT,52.57,CH_RETENTION_OUTBOUND,AGT_00118,true,true
RET_0000000408,CUST_00002462,POL_000003934,2026-01-09,2026-01-09T11:00:00+00:00,CALLBACK,HIGH_VALUE_SAVE,128.97,CH_RETENTION_OUTBOUND,AGT_00013,true,true
RET_0000000409,CUST_00002466,POL_000003943,2024-10-20,2024-10-20T15:00:00+00:00,LOYALTY_BONUS,LOW_ENGAGEMENT,14.03,CH_RETENTION_OUTBOUND,AGT_00097,false,false
RET_0000000410,CUST_00002469,POL_000003950,2025-12-08,2025-12-08T18:00:00+00:00,DISCOUNT,LOW_ENGAGEMENT,32.8,CH_RETENTION_OUTBOUND,AGT_00118,false,false
RET_0000000411,CUST_00002474,POL_000003958,2025-05-22,2025-05-22T19:00:00+00:00,CALLBACK,RENEWAL_RISK,122.08,CH_RETENTION_OUTBOUND,AGT_00104,true,false
RET_0000000412,CUST_00002483,POL_000003972,2026-04-21,2026-04-21T11:00:00+00:00,CLAIM_REVIEW,COMPLAINT,25.27,CH_RETENTION_OUTBOUND,AGT_00090,false,false
RET_0000000413,CUST_00002485,POL_000003975,2025-10-28,2025-10-28T15:00:00+00:00,LOYALTY_BONUS,RENEWAL_RISK,78.13,CH_RETENTION_OUTBOUND,AGT_00111,true,true
RET_0000000414,CUST_00002492,POL_000003985,2025-10-24,2025-10-24T17:00:00+00:00,CALLBACK,LOW_ENGAGEMENT,67.59,CH_RETENTION_OUTBOUND,AGT_00013,true,true
RET_0000000415,CUST_00002520,POL_000004037,2024-03-09,2024-03-09T11:00:00+00:00,CALLBACK,PAYMENT_INCIDENT,78.42,CH_RETENTION_OUTBOUND,AGT_00027,true,true
RET_0000000416,CUST_00002522,POL_000004041,2026-06-19,2026-06-19T18:00:00+00:00,CALLBACK,PREMIUM_INCREASE,127.34,CH_RETENTION_OUTBOUND,AGT_00048,false,false
RET_0000000417,CUST_00002528,POL_000004049,2025-08-19,2025-08-19T13:00:00+00:00,PAYMENT_PLAN,HIGH_VALUE_SAVE,74.88,CH_RETENTION_OUTBOUND,AGT_00041,true,true
RET_0000000418,CUST_00002537,POL_000004064,2025-03-20,2025-03-20T11:00:00+00:00,CALLBACK,HIGH_VALUE_SAVE,105.49,CH_RETENTION_OUTBOUND,AGT_00083,true,true
RET_0000000419,CUST_00002539,POL_000004067,2024-12-16,2024-12-16T10:00:00+00:00,DISCOUNT,HIGH_VALUE_SAVE,30.96,CH_RETENTION_OUTBOUND,AGT_00006,true,true
RET_0000000420,CUST_00002542,POL_000004073,2024-03-26,2024-03-26T13:00:00+00:00,CALLBACK,LOW_ENGAGEMENT,67.37,CH_RETENTION_OUTBOUND,AGT_00041,true,true
RET_0000000421,CUST_00002551,POL_000004089,2026-01-17,2026-01-17T14:00:00+00:00,CLAIM_REVIEW,COMPLAINT,36.12,CH_RETENTION_OUTBOUND,AGT_00048,false,false
RET_0000000422,CUST_00002552,POL_000004090,2026-02-11,2026-02-11T19:00:00+00:00,CALLBACK,RENEWAL_RISK,171.04,CH_RETENTION_OUTBOUND,AGT_00048,true,true
RET_0000000423,CUST_00002557,POL_000004098,2024-05-20,2024-05-20T18:00:00+00:00,LOYALTY_BONUS,PREMIUM_INCREASE,39.05,CH_RETENTION_OUTBOUND,AGT_00111,true,true
RET_0000000424,CUST_00002558,POL_000004099,2024-04-03,2024-04-03T12:00:00+00:00,DISCOUNT,RENEWAL_RISK,26.93,CH_RETENTION_OUTBOUND,AGT_00118,true,false
RET_0000000425,CUST_00002577,POL_000004129,2022-01-01,2022-01-01T10:00:00+00:00,DISCOUNT,COMPLAINT,75.68,CH_RETENTION_OUTBOUND,AGT_00062,true,true
RET_0000000426,CUST_00002584,POL_000004141,2023-01-30,2023-01-30T18:00:00+00:00,DISCOUNT,COMPLAINT,39.64,CH_RETENTION_OUTBOUND,AGT_00132,true,true
RET_0000000427,CUST_00002586,POL_000004143,2024-08-22,2024-08-22T18:00:00+00:00,LOYALTY_BONUS,LOW_ENGAGEMENT,48.71,CH_RETENTION_OUTBOUND,AGT_00013,true,true
RET_0000000428,CUST_00002589,POL_000004147,2026-02-05,2026-02-05T19:00:00+00:00,LOYALTY_BONUS,PAYMENT_INCIDENT,171.58,CH_RETENTION_OUTBOUND,AGT_00139,false,false
RET_0000000429,CUST_00002598,POL_000004161,2025-07-26,2025-07-26T11:00:00+00:00,LOYALTY_BONUS,RENEWAL_RISK,34.84,CH_RETENTION_OUTBOUND,AGT_00083,true,true
RET_0000000430,CUST_00002616,POL_000004195,2025-10-24,2025-10-24T13:00:00+00:00,PAYMENT_PLAN,LOW_ENGAGEMENT,109.84,CH_RETENTION_OUTBOUND,AGT_00104,true,true
RET_0000000431,CUST_00002635,POL_000004223,2025-09-01,2025-09-01T14:00:00+00:00,DISCOUNT,RENEWAL_RISK,36.21,CH_RETENTION_OUTBOUND,AGT_00041,false,false
RET_0000000432,CUST_00002639,POL_000004229,2026-02-24,2026-02-24T10:00:00+00:00,CALLBACK,PAYMENT_INCIDENT,116.7,CH_RETENTION_OUTBOUND,AGT_00097,true,true
RET_0000000433,CUST_00002644,POL_000004237,2026-03-29,2026-03-29T18:00:00+00:00,DISCOUNT,PREMIUM_INCREASE,37.9,CH_RETENTION_OUTBOUND,AGT_00048,false,false
RET_0000000434,CUST_00002647,POL_000004242,2025-04-15,2025-04-15T15:00:00+00:00,LOYALTY_BONUS,RENEWAL_RISK,37.7,CH_RETENTION_OUTBOUND,AGT_00132,false,false
RET_0000000435,CUST_00002648,POL_000004243,2026-01-02,2026-01-02T19:00:00+00:00,LOYALTY_BONUS,PREMIUM_INCREASE,14.84,CH_RETENTION_OUTBOUND,AGT_00139,true,false
RET_0000000436,CUST_00002649,POL_000004246,2026-02-13,2026-02-13T09:00:00+00:00,CLAIM_REVIEW,PREMIUM_INCREASE,154.19,CH_RETENTION_OUTBOUND,AGT_00139,false,false
RET_0000000437,CUST_00002651,POL_000004250,2022-04-03,2022-04-03T12:00:00+00:00,CLAIM_REVIEW,COMPLAINT,32.85,CH_RETENTION_OUTBOUND,AGT_00125,true,true
RET_0000000438,CUST_00002653,POL_000004256,2022-03-07,2022-03-07T19:00:00+00:00,CALLBACK,PREMIUM_INCREASE,169.07,CH_RETENTION_OUTBOUND,AGT_00006,false,false
RET_0000000439,CUST_00002655,POL_000004258,2025-10-28,2025-10-28T13:00:00+00:00,PAYMENT_PLAN,PREMIUM_INCREASE,61.1,CH_RETENTION_OUTBOUND,AGT_00027,false,false
RET_0000000440,CUST_00002660,POL_000004263,2026-05-25,2026-05-25T09:00:00+00:00,CLAIM_REVIEW,PREMIUM_INCREASE,12.25,CH_RETENTION_OUTBOUND,AGT_00006,true,false
RET_0000000441,CUST_00002664,POL_000004268,2026-06-26,2026-06-26T16:00:00+00:00,LOYALTY_BONUS,RENEWAL_RISK,116.36,CH_RETENTION_OUTBOUND,AGT_00062,false,false
RET_0000000442,CUST_00002665,POL_000004269,2024-04-21,2024-04-21T09:00:00+00:00,PAYMENT_PLAN,PAYMENT_INCIDENT,26.02,CH_RETENTION_OUTBOUND,AGT_00034,true,true
RET_0000000443,CUST_00002677,POL_000004291,2025-10-05,2025-10-05T15:00:00+00:00,DISCOUNT,HIGH_VALUE_SAVE,56.96,CH_RETENTION_OUTBOUND,AGT_00132,false,false
RET_0000000444,CUST_00002685,POL_000004304,2026-04-18,2026-04-18T09:00:00+00:00,DISCOUNT,PREMIUM_INCREASE,14.52,CH_RETENTION_OUTBOUND,AGT_00069,false,false
RET_0000000445,CUST_00002700,POL_000004335,2024-10-26,2024-10-26T18:00:00+00:00,CALLBACK,PREMIUM_INCREASE,27.69,CH_RETENTION_OUTBOUND,AGT_00048,true,false
RET_0000000446,CUST_00002707,POL_000004345,2025-03-05,2025-03-05T15:00:00+00:00,DISCOUNT,COMPLAINT,33.49,CH_RETENTION_OUTBOUND,AGT_00062,false,false
RET_0000000447,CUST_00002708,POL_000004348,2025-08-07,2025-08-07T14:00:00+00:00,CALLBACK,PAYMENT_INCIDENT,123.65,CH_RETENTION_OUTBOUND,AGT_00048,false,false
RET_0000000448,CUST_00002710,POL_000004350,2026-06-14,2026-06-14T13:00:00+00:00,PAYMENT_PLAN,PAYMENT_INCIDENT,56.36,CH_RETENTION_OUTBOUND,AGT_00111,false,false
RET_0000000449,CUST_00002714,POL_000004355,2023-10-06,2023-10-06T18:00:00+00:00,LOYALTY_BONUS,HIGH_VALUE_SAVE,10.83,CH_RETENTION_OUTBOUND,AGT_00034,false,false
RET_0000000450,CUST_00002719,POL_000004361,2025-08-06,2025-08-06T18:00:00+00:00,CALLBACK,PREMIUM_INCREASE,15.84,CH_RETENTION_OUTBOUND,AGT_00013,true,true
RET_0000000451,CUST_00002737,POL_000004392,2022-04-19,2022-04-19T13:00:00+00:00,CALLBACK,COMPLAINT,136.54,CH_RETENTION_OUTBOUND,AGT_00111,false,false
RET_0000000452,CUST_00002740,POL_000004396,2024-06-01,2024-06-01T08:00:00+00:00,DISCOUNT,COMPLAINT,14.34,CH_RETENTION_OUTBOUND,AGT_00083,true,true
RET_0000000453,CUST_00002756,POL_000004422,2026-04-17,2026-04-17T16:00:00+00:00,CLAIM_REVIEW,RENEWAL_RISK,26.1,CH_RETENTION_OUTBOUND,AGT_00132,true,true
RET_0000000454,CUST_00002763,POL_000004434,2026-05-13,2026-05-13T08:00:00+00:00,DISCOUNT,RENEWAL_RISK,192.59,CH_RETENTION_OUTBOUND,AGT_00027,false,false
RET_0000000455,CUST_00002769,POL_000004441,2024-11-12,2024-11-12T15:00:00+00:00,DISCOUNT,PAYMENT_INCIDENT,35.99,CH_RETENTION_OUTBOUND,AGT_00132,false,false
RET_0000000456,CUST_00002779,POL_000004459,2026-04-04,2026-04-04T12:00:00+00:00,DISCOUNT,PREMIUM_INCREASE,170.21,CH_RETENTION_OUTBOUND,AGT_00097,false,false
RET_0000000457,CUST_00002799,POL_000004497,2023-11-01,2023-11-01T15:00:00+00:00,LOYALTY_BONUS,PAYMENT_INCIDENT,66.12,CH_RETENTION_OUTBOUND,AGT_00069,true,true
RET_0000000458,CUST_00002800,POL_000004498,2025-01-25,2025-01-25T19:00:00+00:00,LOYALTY_BONUS,PREMIUM_INCREASE,84.47,CH_RETENTION_OUTBOUND,AGT_00055,false,false
RET_0000000459,CUST_00002802,POL_000004502,2024-01-14,2024-01-14T18:00:00+00:00,PAYMENT_PLAN,RENEWAL_RISK,53.12,CH_RETENTION_OUTBOUND,AGT_00034,false,false
RET_0000000460,CUST_00002807,POL_000004508,2026-03-12,2026-03-12T11:00:00+00:00,DISCOUNT,PREMIUM_INCREASE,235.85,CH_RETENTION_OUTBOUND,AGT_00111,true,false
RET_0000000461,CUST_00002819,POL_000004526,2026-03-24,2026-03-24T09:00:00+00:00,DISCOUNT,PREMIUM_INCREASE,24.03,CH_RETENTION_OUTBOUND,AGT_00083,false,false
RET_0000000462,CUST_00002829,POL_000004541,2023-07-11,2023-07-11T13:00:00+00:00,DISCOUNT,COMPLAINT,156.57,CH_RETENTION_OUTBOUND,AGT_00055,false,false
RET_0000000463,CUST_00002833,POL_000004546,2023-01-07,2023-01-07T12:00:00+00:00,PAYMENT_PLAN,PAYMENT_INCIDENT,48.73,CH_RETENTION_OUTBOUND,AGT_00069,true,true
RET_0000000464,CUST_00002834,POL_000004547,2025-01-26,2025-01-26T08:00:00+00:00,DISCOUNT,LOW_ENGAGEMENT,27.2,CH_RETENTION_OUTBOUND,AGT_00013,false,false
RET_0000000465,CUST_00002835,POL_000004548,2026-03-07,2026-03-07T19:00:00+00:00,CALLBACK,RENEWAL_RISK,78.53,CH_RETENTION_OUTBOUND,AGT_00062,false,false
RET_0000000466,CUST_00002839,POL_000004558,2026-01-03,2026-01-03T19:00:00+00:00,CALLBACK,PAYMENT_INCIDENT,31.91,CH_RETENTION_OUTBOUND,AGT_00020,false,false
RET_0000000467,CUST_00002855,POL_000004583,2022-09-12,2022-09-12T18:00:00+00:00,CALLBACK,RENEWAL_RISK,78.18,CH_RETENTION_OUTBOUND,AGT_00048,false,false
RET_0000000468,CUST_00002857,POL_000004586,2023-04-19,2023-04-19T18:00:00+00:00,DISCOUNT,PREMIUM_INCREASE,67.67,CH_RETENTION_OUTBOUND,AGT_00153,true,false
RET_0000000469,CUST_00002865,POL_000004596,2025-06-14,2025-06-14T14:00:00+00:00,DISCOUNT,PREMIUM_INCREASE,33.83,CH_RETENTION_OUTBOUND,AGT_00006,true,true
RET_0000000470,CUST_00002866,POL_000004597,2025-05-11,2025-05-11T19:00:00+00:00,LOYALTY_BONUS,COMPLAINT,153.37,CH_RETENTION_OUTBOUND,AGT_00020,false,false
RET_0000000471,CUST_00002868,POL_000004599,2025-08-28,2025-08-28T14:00:00+00:00,LOYALTY_BONUS,PREMIUM_INCREASE,122.51,CH_RETENTION_OUTBOUND,AGT_00097,false,false
RET_0000000472,CUST_00002879,POL_000004618,2025-10-14,2025-10-14T18:00:00+00:00,CALLBACK,PREMIUM_INCREASE,35.05,CH_RETENTION_OUTBOUND,AGT_00139,true,true
RET_0000000473,CUST_00002880,POL_000004620,2025-09-26,2025-09-26T18:00:00+00:00,CALLBACK,PREMIUM_INCREASE,174.42,CH_RETENTION_OUTBOUND,AGT_00041,true,false
RET_0000000474,CUST_00002884,POL_000004628,2026-02-08,2026-02-08T09:00:00+00:00,CALLBACK,LOW_ENGAGEMENT,99.06,CH_RETENTION_OUTBOUND,AGT_00139,true,true
RET_0000000475,CUST_00002898,POL_000004649,2026-02-12,2026-02-12T17:00:00+00:00,CLAIM_REVIEW,PREMIUM_INCREASE,26.48,CH_RETENTION_OUTBOUND,AGT_00146,false,false
RET_0000000476,CUST_00002907,POL_000004662,2024-11-10,2024-11-10T19:00:00+00:00,PAYMENT_PLAN,PREMIUM_INCREASE,24.93,CH_RETENTION_OUTBOUND,AGT_00055,false,false
RET_0000000477,CUST_00002916,POL_000004676,2024-04-12,2024-04-12T14:00:00+00:00,PAYMENT_PLAN,COMPLAINT,102.88,CH_RETENTION_OUTBOUND,AGT_00020,false,false
RET_0000000478,CUST_00002919,POL_000004681,2023-11-11,2023-11-11T11:00:00+00:00,CALLBACK,PREMIUM_INCREASE,4.47,CH_RETENTION_OUTBOUND,AGT_00132,true,true
RET_0000000479,CUST_00002920,POL_000004683,2025-05-18,2025-05-18T08:00:00+00:00,CLAIM_REVIEW,PREMIUM_INCREASE,25.2,CH_RETENTION_OUTBOUND,AGT_00153,true,true
RET_0000000480,CUST_00002923,POL_000004689,2025-11-21,2025-11-21T10:00:00+00:00,DISCOUNT,RENEWAL_RISK,25.08,CH_RETENTION_OUTBOUND,AGT_00069,true,true
RET_0000000481,CUST_00002931,POL_000004701,2025-12-28,2025-12-28T12:00:00+00:00,PAYMENT_PLAN,PAYMENT_INCIDENT,34.68,CH_RETENTION_OUTBOUND,AGT_00006,false,false
RET_0000000482,CUST_00002946,POL_000004723,2025-11-13,2025-11-13T10:00:00+00:00,DISCOUNT,RENEWAL_RISK,39.23,CH_RETENTION_OUTBOUND,AGT_00076,false,false
RET_0000000483,CUST_00002968,POL_000004763,2025-02-24,2025-02-24T10:00:00+00:00,LOYALTY_BONUS,PAYMENT_INCIDENT,96.48,CH_RETENTION_OUTBOUND,AGT_00097,false,false
RET_0000000484,CUST_00002978,POL_000004776,2024-09-05,2024-09-05T16:00:00+00:00,PAYMENT_PLAN,COMPLAINT,105.51,CH_RETENTION_OUTBOUND,AGT_00097,false,false
RET_0000000485,CUST_00002998,POL_000004804,2025-08-27,2025-08-27T08:00:00+00:00,PAYMENT_PLAN,RENEWAL_RISK,23.89,CH_RETENTION_OUTBOUND,AGT_00034,true,false
RET_0000000486,CUST_00003008,POL_000004818,2026-01-28,2026-01-28T13:00:00+00:00,DISCOUNT,PREMIUM_INCREASE,20.3,CH_RETENTION_OUTBOUND,AGT_00034,true,false
RET_0000000487,CUST_00003010,POL_000004820,2025-09-15,2025-09-15T08:00:00+00:00,DISCOUNT,COMPLAINT,45.43,CH_RETENTION_OUTBOUND,AGT_00111,true,true
RET_0000000488,CUST_00003011,POL_000004821,2025-10-01,2025-10-01T19:00:00+00:00,PAYMENT_PLAN,RENEWAL_RISK,125.92,CH_RETENTION_OUTBOUND,AGT_00132,false,false
RET_0000000489,CUST_00003012,POL_000004824,2024-11-22,2024-11-22T08:00:00+00:00,LOYALTY_BONUS,PREMIUM_INCREASE,33.58,CH_RETENTION_OUTBOUND,AGT_00132,true,true
RET_0000000490,CUST_00003028,POL_000004848,2025-06-12,2025-06-12T12:00:00+00:00,DISCOUNT,HIGH_VALUE_SAVE,24.58,CH_RETENTION_OUTBOUND,AGT_00083,true,true
RET_0000000491,CUST_00003030,POL_000004852,2026-04-28,2026-04-28T17:00:00+00:00,DISCOUNT,PREMIUM_INCREASE,46.99,CH_RETENTION_OUTBOUND,AGT_00076,true,true
RET_0000000492,CUST_00003033,POL_000004860,2025-12-13,2025-12-13T14:00:00+00:00,CALLBACK,PREMIUM_INCREASE,142.37,CH_RETENTION_OUTBOUND,AGT_00118,false,false
RET_0000000493,CUST_00003057,POL_000004899,2025-12-03,2025-12-03T12:00:00+00:00,PAYMENT_PLAN,PAYMENT_INCIDENT,60.94,CH_RETENTION_OUTBOUND,AGT_00027,true,true
RET_0000000494,CUST_00003058,POL_000004902,2023-05-29,2023-05-29T10:00:00+00:00,PAYMENT_PLAN,PAYMENT_INCIDENT,80.69,CH_RETENTION_OUTBOUND,AGT_00104,true,true
RET_0000000495,CUST_00003068,POL_000004917,2026-06-01,2026-06-01T17:00:00+00:00,CALLBACK,RENEWAL_RISK,123.74,CH_RETENTION_OUTBOUND,AGT_00090,false,false
RET_0000000496,CUST_00003079,POL_000004937,2025-12-20,2025-12-20T16:00:00+00:00,CALLBACK,HIGH_VALUE_SAVE,90.43,CH_RETENTION_OUTBOUND,AGT_00111,true,true
RET_0000000497,CUST_00003080,POL_000004939,2024-10-01,2024-10-01T09:00:00+00:00,DISCOUNT,PREMIUM_INCREASE,84.04,CH_RETENTION_OUTBOUND,AGT_00125,false,false
RET_0000000498,CUST_00003086,POL_000004946,2025-10-31,2025-10-31T10:00:00+00:00,CALLBACK,LOW_ENGAGEMENT,53.39,CH_RETENTION_OUTBOUND,AGT_00048,true,true
RET_0000000499,CUST_00003091,POL_000004951,2025-10-04,2025-10-04T15:00:00+00:00,DISCOUNT,PREMIUM_INCREASE,47.11,CH_RETENTION_OUTBOUND,AGT_00160,false,false
RET_0000000500,CUST_00003096,POL_000004958,2026-05-08,2026-05-08T15:00:00+00:00,DISCOUNT,RENEWAL_RISK,47.51,CH_RETENTION_OUTBOUND,AGT_00111,true,true
RET_0000000501,CUST_00003104,POL_000004969,2026-05-10,2026-05-10T09:00:00+00:00,CLAIM_REVIEW,PREMIUM_INCREASE,162.63,CH_RETENTION_OUTBOUND,AGT_00034,false,false
RET_0000000502,CUST_00003112,POL_000004984,2025-09-17,2025-09-17T18:00:00+00:00,CALLBACK,PREMIUM_INCREASE,21.64,CH_RETENTION_OUTBOUND,AGT_00041,true,true
RET_0000000503,CUST_00003114,POL_000004987,2025-09-03,2025-09-03T18:00:00+00:00,CALLBACK,RENEWAL_RISK,101.25,CH_RETENTION_OUTBOUND,AGT_00076,true,true
RET_0000000504,CUST_00003126,POL_000005004,2025-03-18,2025-03-18T19:00:00+00:00,PAYMENT_PLAN,LOW_ENGAGEMENT,41.63,CH_RETENTION_OUTBOUND,AGT_00097,false,false
RET_0000000505,CUST_00003128,POL_000005008,2026-06-08,2026-06-08T14:00:00+00:00,DISCOUNT,COMPLAINT,80.01,CH_RETENTION_OUTBOUND,AGT_00062,true,true
RET_0000000506,CUST_00003134,POL_000005018,2024-09-04,2024-09-04T16:00:00+00:00,CALLBACK,PREMIUM_INCREASE,121.16,CH_RETENTION_OUTBOUND,AGT_00104,false,false
RET_0000000507,CUST_00003138,POL_000005024,2025-11-20,2025-11-20T08:00:00+00:00,DISCOUNT,HIGH_VALUE_SAVE,22.42,CH_RETENTION_OUTBOUND,AGT_00097,false,false
RET_0000000508,CUST_00003139,POL_000005025,2025-02-08,2025-02-08T13:00:00+00:00,DISCOUNT,PREMIUM_INCREASE,140.01,CH_RETENTION_OUTBOUND,AGT_00111,true,false
RET_0000000509,CUST_00003141,POL_000005028,2025-10-21,2025-10-21T12:00:00+00:00,CALLBACK,HIGH_VALUE_SAVE,30.29,CH_RETENTION_OUTBOUND,AGT_00104,false,false
RET_0000000510,CUST_00003143,POL_000005031,2025-05-31,2025-05-31T10:00:00+00:00,CALLBACK,RENEWAL_RISK,26.11,CH_RETENTION_OUTBOUND,AGT_00006,false,false
RET_0000000511,CUST_00003148,POL_000005037,2022-08-20,2022-08-20T10:00:00+00:00,DISCOUNT,COMPLAINT,56.76,CH_RETENTION_OUTBOUND,AGT_00083,true,true
RET_0000000512,CUST_00003151,POL_000005043,2026-01-17,2026-01-17T12:00:00+00:00,CLAIM_REVIEW,PREMIUM_INCREASE,107.81,CH_RETENTION_OUTBOUND,AGT_00048,true,true
RET_0000000513,CUST_00003157,POL_000005055,2026-03-25,2026-03-25T16:00:00+00:00,CALLBACK,PREMIUM_INCREASE,37.63,CH_RETENTION_OUTBOUND,AGT_00125,false,false
RET_0000000514,CUST_00003160,POL_000005059,2025-11-22,2025-11-22T16:00:00+00:00,DISCOUNT,HIGH_VALUE_SAVE,122.18,CH_RETENTION_OUTBOUND,AGT_00111,true,false
RET_0000000515,CUST_00003162,POL_000005062,2026-03-30,2026-03-30T09:00:00+00:00,CLAIM_REVIEW,HIGH_VALUE_SAVE,178.71,CH_RETENTION_OUTBOUND,AGT_00104,true,true
RET_0000000516,CUST_00003168,POL_000005071,2025-06-18,2025-06-18T09:00:00+00:00,CLAIM_REVIEW,PREMIUM_INCREASE,16.88,CH_RETENTION_OUTBOUND,AGT_00118,true,false
RET_0000000517,CUST_00003169,POL_000005072,2026-05-13,2026-05-13T16:00:00+00:00,CLAIM_REVIEW,PREMIUM_INCREASE,90.67,CH_RETENTION_OUTBOUND,AGT_00041,false,false
RET_0000000518,CUST_00003170,POL_000005077,2025-03-28,2025-03-28T14:00:00+00:00,DISCOUNT,PREMIUM_INCREASE,15.86,CH_RETENTION_OUTBOUND,AGT_00027,false,false
RET_0000000519,CUST_00003174,POL_000005082,2024-04-21,2024-04-21T13:00:00+00:00,CLAIM_REVIEW,PREMIUM_INCREASE,36.75,CH_RETENTION_OUTBOUND,AGT_00062,false,false
RET_0000000520,CUST_00003181,POL_000005095,2025-04-15,2025-04-15T18:00:00+00:00,LOYALTY_BONUS,PAYMENT_INCIDENT,51.48,CH_RETENTION_OUTBOUND,AGT_00104,true,true
RET_0000000521,CUST_00003189,POL_000005110,2023-11-30,2023-11-30T08:00:00+00:00,DISCOUNT,HIGH_VALUE_SAVE,12.94,CH_RETENTION_OUTBOUND,AGT_00111,false,false
RET_0000000522,CUST_00003202,POL_000005137,2025-01-01,2025-01-01T13:00:00+00:00,CALLBACK,COMPLAINT,96.83,CH_RETENTION_OUTBOUND,AGT_00153,false,false
RET_0000000523,CUST_00003219,POL_000005163,2025-10-26,2025-10-26T19:00:00+00:00,CALLBACK,PAYMENT_INCIDENT,6.05,CH_RETENTION_OUTBOUND,AGT_00006,false,false
RET_0000000524,CUST_00003220,POL_000005164,2024-04-15,2024-04-15T12:00:00+00:00,DISCOUNT,LOW_ENGAGEMENT,119.59,CH_RETENTION_OUTBOUND,AGT_00048,false,false
RET_0000000525,CUST_00003228,POL_000005177,2023-11-13,2023-11-13T08:00:00+00:00,CALLBACK,PREMIUM_INCREASE,56.82,CH_RETENTION_OUTBOUND,AGT_00034,false,false
RET_0000000526,CUST_00003229,POL_000005179,2024-06-03,2024-06-03T17:00:00+00:00,DISCOUNT,COMPLAINT,131.95,CH_RETENTION_OUTBOUND,AGT_00076,false,false
RET_0000000527,CUST_00003232,POL_000005183,2025-01-25,2025-01-25T17:00:00+00:00,CALLBACK,PAYMENT_INCIDENT,160.48,CH_RETENTION_OUTBOUND,AGT_00069,false,false
RET_0000000528,CUST_00003233,POL_000005184,2023-01-17,2023-01-17T12:00:00+00:00,DISCOUNT,COMPLAINT,9.81,CH_RETENTION_OUTBOUND,AGT_00118,true,true
RET_0000000529,CUST_00003236,POL_000005187,2023-12-28,2023-12-28T11:00:00+00:00,DISCOUNT,RENEWAL_RISK,87.52,CH_RETENTION_OUTBOUND,AGT_00104,true,true
RET_0000000530,CUST_00003245,POL_000005205,2024-11-13,2024-11-13T11:00:00+00:00,DISCOUNT,PREMIUM_INCREASE,15.73,CH_RETENTION_OUTBOUND,AGT_00083,false,false
RET_0000000531,CUST_00003246,POL_000005206,2024-06-28,2024-06-28T16:00:00+00:00,DISCOUNT,COMPLAINT,244.06,CH_RETENTION_OUTBOUND,AGT_00146,false,false
RET_0000000532,CUST_00003260,POL_000005229,2026-01-18,2026-01-18T14:00:00+00:00,CALLBACK,PREMIUM_INCREASE,138.23,CH_RETENTION_OUTBOUND,AGT_00139,false,false
RET_0000000533,CUST_00003261,POL_000005230,2024-10-07,2024-10-07T17:00:00+00:00,PAYMENT_PLAN,RENEWAL_RISK,34.73,CH_RETENTION_OUTBOUND,AGT_00146,false,false
RET_0000000534,CUST_00003270,POL_000005246,2022-01-01,2022-01-01T16:00:00+00:00,DISCOUNT,PREMIUM_INCREASE,58.66,CH_RETENTION_OUTBOUND,AGT_00097,true,true
RET_0000000535,CUST_00003271,POL_000005248,2025-07-24,2025-07-24T13:00:00+00:00,DISCOUNT,RENEWAL_RISK,157.69,CH_RETENTION_OUTBOUND,AGT_00118,true,true
RET_0000000536,CUST_00003276,POL_000005257,2025-12-16,2025-12-16T11:00:00+00:00,CLAIM_REVIEW,LOW_ENGAGEMENT,65.59,CH_RETENTION_OUTBOUND,AGT_00118,false,false
RET_0000000537,CUST_00003277,POL_000005258,2024-02-26,2024-02-26T15:00:00+00:00,DISCOUNT,PREMIUM_INCREASE,131.8,CH_RETENTION_OUTBOUND,AGT_00048,false,false
RET_0000000538,CUST_00003279,POL_000005260,2024-12-27,2024-12-27T18:00:00+00:00,DISCOUNT,PREMIUM_INCREASE,14.2,CH_RETENTION_OUTBOUND,AGT_00132,false,false
RET_0000000539,CUST_00003283,POL_000005264,2026-05-15,2026-05-15T14:00:00+00:00,CALLBACK,LOW_ENGAGEMENT,38.33,CH_RETENTION_OUTBOUND,AGT_00055,false,false
RET_0000000540,CUST_00003285,POL_000005267,2024-05-05,2024-05-05T15:00:00+00:00,PAYMENT_PLAN,LOW_ENGAGEMENT,15.01,CH_RETENTION_OUTBOUND,AGT_00132,true,true
RET_0000000541,CUST_00003286,POL_000005268,2024-11-05,2024-11-05T11:00:00+00:00,DISCOUNT,RENEWAL_RISK,39.31,CH_RETENTION_OUTBOUND,AGT_00062,false,false
RET_0000000542,CUST_00003287,POL_000005270,2026-05-15,2026-05-15T15:00:00+00:00,LOYALTY_BONUS,RENEWAL_RISK,38.37,CH_RETENTION_OUTBOUND,AGT_00076,false,false
RET_0000000543,CUST_00003294,POL_000005283,2026-01-23,2026-01-23T19:00:00+00:00,CALLBACK,HIGH_VALUE_SAVE,34.88,CH_RETENTION_OUTBOUND,AGT_00160,false,false
RET_0000000544,CUST_00003312,POL_000005309,2026-06-03,2026-06-03T08:00:00+00:00,LOYALTY_BONUS,PAYMENT_INCIDENT,33.38,CH_RETENTION_OUTBOUND,AGT_00111,false,false
RET_0000000545,CUST_00003323,POL_000005326,2024-02-14,2024-02-14T11:00:00+00:00,DISCOUNT,PAYMENT_INCIDENT,83.26,CH_RETENTION_OUTBOUND,AGT_00048,true,true
RET_0000000546,CUST_00003333,POL_000005345,2024-05-26,2024-05-26T14:00:00+00:00,DISCOUNT,PAYMENT_INCIDENT,63.21,CH_RETENTION_OUTBOUND,AGT_00097,false,false
RET_0000000547,CUST_00003340,POL_000005356,2022-12-17,2022-12-17T11:00:00+00:00,CALLBACK,HIGH_VALUE_SAVE,92.03,CH_RETENTION_OUTBOUND,AGT_00111,true,false
RET_0000000548,CUST_00003342,POL_000005359,2024-09-29,2024-09-29T08:00:00+00:00,LOYALTY_BONUS,COMPLAINT,78.56,CH_RETENTION_OUTBOUND,AGT_00041,true,true
RET_0000000549,CUST_00003345,POL_000005364,2022-12-30,2022-12-30T17:00:00+00:00,DISCOUNT,COMPLAINT,36.69,CH_RETENTION_OUTBOUND,AGT_00083,false,false
RET_0000000550,CUST_00003346,POL_000005365,2026-04-02,2026-04-02T11:00:00+00:00,DISCOUNT,PREMIUM_INCREASE,37.25,CH_RETENTION_OUTBOUND,AGT_00062,false,false
RET_0000000551,CUST_00003347,POL_000005366,2025-07-11,2025-07-11T15:00:00+00:00,CALLBACK,PREMIUM_INCREASE,24.88,CH_RETENTION_OUTBOUND,AGT_00139,true,true
RET_0000000552,CUST_00003356,POL_000005379,2026-04-18,2026-04-18T10:00:00+00:00,DISCOUNT,LOW_ENGAGEMENT,31.22,CH_RETENTION_OUTBOUND,AGT_00104,false,false
RET_0000000553,CUST_00003373,POL_000005410,2024-12-05,2024-12-05T11:00:00+00:00,LOYALTY_BONUS,PREMIUM_INCREASE,40.94,CH_RETENTION_OUTBOUND,AGT_00132,true,true
RET_0000000554,CUST_00003374,POL_000005412,2026-05-13,2026-05-13T08:00:00+00:00,CLAIM_REVIEW,LOW_ENGAGEMENT,194.75,CH_RETENTION_OUTBOUND,AGT_00006,true,false
RET_0000000555,CUST_00003379,POL_000005421,2025-02-16,2025-02-16T13:00:00+00:00,DISCOUNT,PAYMENT_INCIDENT,28.72,CH_RETENTION_OUTBOUND,AGT_00034,true,false
RET_0000000556,CUST_00003397,POL_000005451,2025-03-17,2025-03-17T15:00:00+00:00,DISCOUNT,PREMIUM_INCREASE,76.02,CH_RETENTION_OUTBOUND,AGT_00097,true,true
RET_0000000557,CUST_00003400,POL_000005456,2026-01-03,2026-01-03T17:00:00+00:00,DISCOUNT,RENEWAL_RISK,88.52,CH_RETENTION_OUTBOUND,AGT_00034,false,false
RET_0000000558,CUST_00003411,POL_000005477,2023-08-20,2023-08-20T15:00:00+00:00,CALLBACK,COMPLAINT,55.04,CH_RETENTION_OUTBOUND,AGT_00118,false,false
RET_0000000559,CUST_00003415,POL_000005485,2024-10-30,2024-10-30T18:00:00+00:00,DISCOUNT,COMPLAINT,23.43,CH_RETENTION_OUTBOUND,AGT_00069,false,false
RET_0000000560,CUST_00003416,POL_000005486,2025-01-31,2025-01-31T11:00:00+00:00,PAYMENT_PLAN,HIGH_VALUE_SAVE,18.72,CH_RETENTION_OUTBOUND,AGT_00083,false,false
RET_0000000561,CUST_00003423,POL_000005496,2022-10-11,2022-10-11T18:00:00+00:00,CALLBACK,COMPLAINT,140.82,CH_RETENTION_OUTBOUND,AGT_00069,true,true
RET_0000000562,CUST_00003426,POL_000005502,2025-10-26,2025-10-26T12:00:00+00:00,DISCOUNT,COMPLAINT,44.72,CH_RETENTION_OUTBOUND,AGT_00104,true,true
RET_0000000563,CUST_00003429,POL_000005509,2023-12-12,2023-12-12T13:00:00+00:00,CALLBACK,HIGH_VALUE_SAVE,17.02,CH_RETENTION_OUTBOUND,AGT_00048,false,false
RET_0000000564,CUST_00003435,POL_000005517,2026-02-13,2026-02-13T12:00:00+00:00,LOYALTY_BONUS,COMPLAINT,93.01,CH_RETENTION_OUTBOUND,AGT_00020,false,false
RET_0000000565,CUST_00003438,POL_000005521,2026-02-08,2026-02-08T09:00:00+00:00,DISCOUNT,LOW_ENGAGEMENT,30.85,CH_RETENTION_OUTBOUND,AGT_00034,false,false
RET_0000000566,CUST_00003441,POL_000005525,2025-06-12,2025-06-12T15:00:00+00:00,LOYALTY_BONUS,PAYMENT_INCIDENT,101.03,CH_RETENTION_OUTBOUND,AGT_00062,false,false
RET_0000000567,CUST_00003444,POL_000005528,2025-06-29,2025-06-29T15:00:00+00:00,PAYMENT_PLAN,PAYMENT_INCIDENT,176.52,CH_RETENTION_OUTBOUND,AGT_00069,true,true
RET_0000000568,CUST_00003448,POL_000005535,2025-11-30,2025-11-30T08:00:00+00:00,CLAIM_REVIEW,PREMIUM_INCREASE,41.42,CH_RETENTION_OUTBOUND,AGT_00146,false,false
RET_0000000569,CUST_00003449,POL_000005537,2026-06-01,2026-06-01T18:00:00+00:00,DISCOUNT,LOW_ENGAGEMENT,60.17,CH_RETENTION_OUTBOUND,AGT_00104,true,true
RET_0000000570,CUST_00003455,POL_000005545,2025-12-26,2025-12-26T14:00:00+00:00,PAYMENT_PLAN,PREMIUM_INCREASE,45.53,CH_RETENTION_OUTBOUND,AGT_00055,false,false
RET_0000000571,CUST_00003459,POL_000005552,2024-03-20,2024-03-20T12:00:00+00:00,DISCOUNT,PREMIUM_INCREASE,97.42,CH_RETENTION_OUTBOUND,AGT_00055,false,false
RET_0000000572,CUST_00003470,POL_000005567,2024-08-16,2024-08-16T10:00:00+00:00,PAYMENT_PLAN,RENEWAL_RISK,25.61,CH_RETENTION_OUTBOUND,AGT_00097,false,false
RET_0000000573,CUST_00003477,POL_000005580,2026-06-15,2026-06-15T11:00:00+00:00,CALLBACK,PAYMENT_INCIDENT,41.74,CH_RETENTION_OUTBOUND,AGT_00020,false,false
RET_0000000574,CUST_00003478,POL_000005581,2024-01-03,2024-01-03T11:00:00+00:00,CALLBACK,HIGH_VALUE_SAVE,32.04,CH_RETENTION_OUTBOUND,AGT_00090,false,false
RET_0000000575,CUST_00003487,POL_000005595,2026-01-12,2026-01-12T19:00:00+00:00,CALLBACK,PAYMENT_INCIDENT,27.69,CH_RETENTION_OUTBOUND,AGT_00034,false,false
RET_0000000576,CUST_00003496,POL_000005608,2026-05-19,2026-05-19T15:00:00+00:00,CALLBACK,PREMIUM_INCREASE,39.26,CH_RETENTION_OUTBOUND,AGT_00006,true,true
RET_0000000577,CUST_00003561,POL_000005712,2026-02-06,2026-02-06T13:00:00+00:00,PAYMENT_PLAN,RENEWAL_RISK,38.32,CH_RETENTION_OUTBOUND,AGT_00125,true,true
RET_0000000578,CUST_00003568,POL_000005720,2025-09-27,2025-09-27T14:00:00+00:00,DISCOUNT,PREMIUM_INCREASE,9.57,CH_RETENTION_OUTBOUND,AGT_00041,true,true
RET_0000000579,CUST_00003570,POL_000005725,2025-08-05,2025-08-05T08:00:00+00:00,PAYMENT_PLAN,RENEWAL_RISK,22.52,CH_RETENTION_OUTBOUND,AGT_00167,false,false
RET_0000000580,CUST_00003573,POL_000005728,2023-03-17,2023-03-17T18:00:00+00:00,DISCOUNT,PREMIUM_INCREASE,31.25,CH_RETENTION_OUTBOUND,AGT_00111,false,false
RET_0000000581,CUST_00003575,POL_000005732,2026-06-09,2026-06-09T15:00:00+00:00,CLAIM_REVIEW,LOW_ENGAGEMENT,23.48,CH_RETENTION_OUTBOUND,AGT_00055,false,false
RET_0000000582,CUST_00003589,POL_000005751,2022-03-06,2022-03-06T09:00:00+00:00,CALLBACK,COMPLAINT,57.24,CH_RETENTION_OUTBOUND,AGT_00041,false,false
RET_0000000583,CUST_00003594,POL_000005759,2024-09-04,2024-09-04T09:00:00+00:00,CALLBACK,PREMIUM_INCREASE,31.46,CH_RETENTION_OUTBOUND,AGT_00076,false,false
RET_0000000584,CUST_00003599,POL_000005767,2025-06-17,2025-06-17T08:00:00+00:00,DISCOUNT,COMPLAINT,30.49,CH_RETENTION_OUTBOUND,AGT_00132,false,false
RET_0000000585,CUST_00003604,POL_000005773,2024-08-21,2024-08-21T16:00:00+00:00,LOYALTY_BONUS,RENEWAL_RISK,108.0,CH_RETENTION_OUTBOUND,AGT_00076,false,false
RET_0000000586,CUST_00003605,POL_000005776,2024-12-21,2024-12-21T12:00:00+00:00,CALLBACK,PREMIUM_INCREASE,104.14,CH_RETENTION_OUTBOUND,AGT_00076,false,false
RET_0000000587,CUST_00003608,POL_000005780,2024-07-06,2024-07-06T10:00:00+00:00,CALLBACK,HIGH_VALUE_SAVE,14.04,CH_RETENTION_OUTBOUND,AGT_00132,false,false
RET_0000000588,CUST_00003616,POL_000005794,2023-05-29,2023-05-29T08:00:00+00:00,CALLBACK,PAYMENT_INCIDENT,93.42,CH_RETENTION_OUTBOUND,AGT_00146,false,false
RET_0000000589,CUST_00003617,POL_000005797,2024-05-02,2024-05-02T09:00:00+00:00,DISCOUNT,PAYMENT_INCIDENT,9.34,CH_RETENTION_OUTBOUND,AGT_00055,false,false
RET_0000000590,CUST_00003618,POL_000005798,2024-04-11,2024-04-11T19:00:00+00:00,CLAIM_REVIEW,COMPLAINT,67.13,CH_RETENTION_OUTBOUND,AGT_00111,false,false
RET_0000000591,CUST_00003620,POL_000005803,2022-01-31,2022-01-31T17:00:00+00:00,CALLBACK,PREMIUM_INCREASE,99.25,CH_RETENTION_OUTBOUND,AGT_00020,false,false
RET_0000000592,CUST_00003624,POL_000005808,2026-01-17,2026-01-17T14:00:00+00:00,LOYALTY_BONUS,PAYMENT_INCIDENT,203.06,CH_RETENTION_OUTBOUND,AGT_00139,false,false
RET_0000000593,CUST_00003633,POL_000005824,2023-11-10,2023-11-10T15:00:00+00:00,DISCOUNT,RENEWAL_RISK,28.84,CH_RETENTION_OUTBOUND,AGT_00118,false,false
RET_0000000594,CUST_00003637,POL_000005831,2024-07-03,2024-07-03T12:00:00+00:00,PAYMENT_PLAN,RENEWAL_RISK,20.31,CH_RETENTION_OUTBOUND,AGT_00048,false,false
RET_0000000595,CUST_00003638,POL_000005832,2025-10-04,2025-10-04T11:00:00+00:00,CALLBACK,HIGH_VALUE_SAVE,25.46,CH_RETENTION_OUTBOUND,AGT_00055,true,true
RET_0000000596,CUST_00003643,POL_000005843,2023-05-15,2023-05-15T09:00:00+00:00,DISCOUNT,LOW_ENGAGEMENT,102.02,CH_RETENTION_OUTBOUND,AGT_00027,false,false
RET_0000000597,CUST_00003654,POL_000005861,2025-02-05,2025-02-05T08:00:00+00:00,DISCOUNT,PREMIUM_INCREASE,12.36,CH_RETENTION_OUTBOUND,AGT_00139,false,false
RET_0000000598,CUST_00003665,POL_000005876,2026-04-22,2026-04-22T15:00:00+00:00,CLAIM_REVIEW,LOW_ENGAGEMENT,72.25,CH_RETENTION_OUTBOUND,AGT_00076,true,false
RET_0000000599,CUST_00003667,POL_000005878,2026-03-30,2026-03-30T19:00:00+00:00,LOYALTY_BONUS,RENEWAL_RISK,26.78,CH_RETENTION_OUTBOUND,AGT_00097,true,true
RET_0000000600,CUST_00003680,POL_000005898,2024-11-13,2024-11-13T10:00:00+00:00,CLAIM_REVIEW,COMPLAINT,71.99,CH_RETENTION_OUTBOUND,AGT_00104,true,true
RET_0000000601,CUST_00003685,POL_000005905,2025-09-02,2025-09-02T19:00:00+00:00,DISCOUNT,LOW_ENGAGEMENT,51.96,CH_RETENTION_OUTBOUND,AGT_00111,false,false
RET_0000000602,CUST_00003726,POL_000005965,2026-02-12,2026-02-12T10:00:00+00:00,CALLBACK,LOW_ENGAGEMENT,32.08,CH_RETENTION_OUTBOUND,AGT_00104,true,true
RET_0000000603,CUST_00003731,POL_000005973,2025-04-20,2025-04-20T12:00:00+00:00,PAYMENT_PLAN,PREMIUM_INCREASE,122.55,CH_RETENTION_OUTBOUND,AGT_00055,false,false
RET_0000000604,CUST_00003744,POL_000005994,2024-04-30,2024-04-30T13:00:00+00:00,LOYALTY_BONUS,PREMIUM_INCREASE,15.9,CH_RETENTION_OUTBOUND,AGT_00048,false,false
RET_0000000605,CUST_00003753,POL_000006010,2026-04-14,2026-04-14T11:00:00+00:00,DISCOUNT,COMPLAINT,18.48,CH_RETENTION_OUTBOUND,AGT_00069,true,true
RET_0000000606,CUST_00003763,POL_000006023,2025-11-30,2025-11-30T15:00:00+00:00,LOYALTY_BONUS,PAYMENT_INCIDENT,14.03,CH_RETENTION_OUTBOUND,AGT_00125,true,true
RET_0000000607,CUST_00003792,POL_000006072,2026-04-14,2026-04-14T08:00:00+00:00,PAYMENT_PLAN,PAYMENT_INCIDENT,19.11,CH_RETENTION_OUTBOUND,AGT_00146,true,true
RET_0000000608,CUST_00003796,POL_000006077,2026-03-03,2026-03-03T10:00:00+00:00,DISCOUNT,PREMIUM_INCREASE,28.04,CH_RETENTION_OUTBOUND,AGT_00013,false,false
RET_0000000609,CUST_00003802,POL_000006086,2026-04-25,2026-04-25T18:00:00+00:00,LOYALTY_BONUS,HIGH_VALUE_SAVE,48.78,CH_RETENTION_OUTBOUND,AGT_00118,false,false
RET_0000000610,CUST_00003811,POL_000006100,2024-11-18,2024-11-18T17:00:00+00:00,DISCOUNT,RENEWAL_RISK,16.38,CH_RETENTION_OUTBOUND,AGT_00076,false,false
RET_0000000611,CUST_00003813,POL_000006105,2025-12-09,2025-12-09T12:00:00+00:00,CALLBACK,PAYMENT_INCIDENT,53.09,CH_RETENTION_OUTBOUND,AGT_00041,false,false
RET_0000000612,CUST_00003819,POL_000006118,2022-01-01,2022-01-01T19:00:00+00:00,CALLBACK,PREMIUM_INCREASE,59.58,CH_RETENTION_OUTBOUND,AGT_00013,false,false
RET_0000000613,CUST_00003832,POL_000006138,2024-10-09,2024-10-09T13:00:00+00:00,CALLBACK,PREMIUM_INCREASE,54.34,CH_RETENTION_OUTBOUND,AGT_00118,true,true
RET_0000000614,CUST_00003835,POL_000006141,2026-06-26,2026-06-26T08:00:00+00:00,CLAIM_REVIEW,PAYMENT_INCIDENT,73.98,CH_RETENTION_OUTBOUND,AGT_00034,false,false
RET_0000000615,CUST_00003843,POL_000006152,2025-03-16,2025-03-16T11:00:00+00:00,DISCOUNT,PREMIUM_INCREASE,57.06,CH_RETENTION_OUTBOUND,AGT_00055,false,false
RET_0000000616,CUST_00003848,POL_000006159,2026-02-25,2026-02-25T11:00:00+00:00,LOYALTY_BONUS,PREMIUM_INCREASE,26.62,CH_RETENTION_OUTBOUND,AGT_00118,false,false
RET_0000000617,CUST_00003854,POL_000006169,2025-08-28,2025-08-28T18:00:00+00:00,LOYALTY_BONUS,RENEWAL_RISK,16.36,CH_RETENTION_OUTBOUND,AGT_00083,true,false
RET_0000000618,CUST_00003859,POL_000006177,2023-07-08,2023-07-08T18:00:00+00:00,DISCOUNT,PREMIUM_INCREASE,16.46,CH_RETENTION_OUTBOUND,AGT_00139,true,true
RET_0000000619,CUST_00003860,POL_000006179,2026-03-22,2026-03-22T08:00:00+00:00,DISCOUNT,PREMIUM_INCREASE,36.7,CH_RETENTION_OUTBOUND,AGT_00104,false,false
RET_0000000620,CUST_00003865,POL_000006186,2025-12-13,2025-12-13T12:00:00+00:00,DISCOUNT,PREMIUM_INCREASE,44.18,CH_RETENTION_OUTBOUND,AGT_00153,false,false
RET_0000000621,CUST_00003871,POL_000006196,2024-01-05,2024-01-05T10:00:00+00:00,CLAIM_REVIEW,HIGH_VALUE_SAVE,74.07,CH_RETENTION_OUTBOUND,AGT_00125,false,false
RET_0000000622,CUST_00003881,POL_000006213,2026-06-17,2026-06-17T13:00:00+00:00,CALLBACK,PREMIUM_INCREASE,75.47,CH_RETENTION_OUTBOUND,AGT_00055,true,true
RET_0000000623,CUST_00003883,POL_000006216,2023-05-08,2023-05-08T13:00:00+00:00,CLAIM_REVIEW,RENEWAL_RISK,86.62,CH_RETENTION_OUTBOUND,AGT_00111,true,true
RET_0000000624,CUST_00003891,POL_000006228,2025-10-18,2025-10-18T09:00:00+00:00,PAYMENT_PLAN,PREMIUM_INCREASE,35.27,CH_RETENTION_OUTBOUND,AGT_00111,true,true
RET_0000000625,CUST_00003903,POL_000006251,2025-07-21,2025-07-21T15:00:00+00:00,DISCOUNT,RENEWAL_RISK,11.66,CH_RETENTION_OUTBOUND,AGT_00013,false,false
RET_0000000626,CUST_00003907,POL_000006256,2023-04-19,2023-04-19T18:00:00+00:00,DISCOUNT,LOW_ENGAGEMENT,25.85,CH_RETENTION_OUTBOUND,AGT_00146,true,true
RET_0000000627,CUST_00003927,POL_000006284,2024-01-10,2024-01-10T13:00:00+00:00,CALLBACK,PREMIUM_INCREASE,49.03,CH_RETENTION_OUTBOUND,AGT_00048,true,true
RET_0000000628,CUST_00003929,POL_000006289,2023-08-19,2023-08-19T10:00:00+00:00,CALLBACK,COMPLAINT,64.93,CH_RETENTION_OUTBOUND,AGT_00118,false,false
RET_0000000629,CUST_00003933,POL_000006296,2025-10-29,2025-10-29T08:00:00+00:00,CLAIM_REVIEW,PAYMENT_INCIDENT,121.18,CH_RETENTION_OUTBOUND,AGT_00153,true,false
RET_0000000630,CUST_00003940,POL_000006308,2025-10-18,2025-10-18T17:00:00+00:00,DISCOUNT,PAYMENT_INCIDENT,102.74,CH_RETENTION_OUTBOUND,AGT_00034,true,true
RET_0000000631,CUST_00003944,POL_000006313,2025-03-10,2025-03-10T14:00:00+00:00,DISCOUNT,PAYMENT_INCIDENT,67.74,CH_RETENTION_OUTBOUND,AGT_00083,true,true
RET_0000000632,CUST_00003954,POL_000006325,2024-11-19,2024-11-19T15:00:00+00:00,CALLBACK,COMPLAINT,152.53,CH_RETENTION_OUTBOUND,AGT_00097,true,true
RET_0000000633,CUST_00003957,POL_000006330,2025-08-25,2025-08-25T19:00:00+00:00,LOYALTY_BONUS,HIGH_VALUE_SAVE,114.1,CH_RETENTION_OUTBOUND,AGT_00048,true,false
RET_0000000634,CUST_00003961,POL_000006339,2024-08-13,2024-08-13T11:00:00+00:00,CALLBACK,RENEWAL_RISK,30.37,CH_RETENTION_OUTBOUND,AGT_00083,false,false
RET_0000000635,CUST_00003965,POL_000006345,2026-02-05,2026-02-05T19:00:00+00:00,CALLBACK,PAYMENT_INCIDENT,14.43,CH_RETENTION_OUTBOUND,AGT_00118,false,false
RET_0000000636,CUST_00003981,POL_000006368,2025-07-28,2025-07-28T17:00:00+00:00,DISCOUNT,PREMIUM_INCREASE,117.63,CH_RETENTION_OUTBOUND,AGT_00062,false,false
RET_0000000637,CUST_00003983,POL_000006373,2024-01-18,2024-01-18T11:00:00+00:00,LOYALTY_BONUS,LOW_ENGAGEMENT,34.59,CH_RETENTION_OUTBOUND,AGT_00111,false,false
RET_0000000638,CUST_00003996,POL_000006389,2024-02-25,2024-02-25T09:00:00+00:00,DISCOUNT,LOW_ENGAGEMENT,22.48,CH_RETENTION_OUTBOUND,AGT_00041,false,false
RET_0000000639,CUST_00003997,POL_000006390,2025-01-12,2025-01-12T15:00:00+00:00,CALLBACK,PREMIUM_INCREASE,44.41,CH_RETENTION_OUTBOUND,AGT_00069,true,false
RET_0000000640,CUST_00004016,POL_000006418,2026-01-24,2026-01-24T15:00:00+00:00,DISCOUNT,HIGH_VALUE_SAVE,208.53,CH_RETENTION_OUTBOUND,AGT_00139,false,false
RET_0000000641,CUST_00004036,POL_000006452,2025-11-06,2025-11-06T18:00:00+00:00,LOYALTY_BONUS,PREMIUM_INCREASE,84.57,CH_RETENTION_OUTBOUND,AGT_00041,false,false
RET_0000000642,CUST_00004037,POL_000006453,2026-01-10,2026-01-10T18:00:00+00:00,LOYALTY_BONUS,PREMIUM_INCREASE,53.37,CH_RETENTION_OUTBOUND,AGT_00055,false,false
RET_0000000643,CUST_00004041,POL_000006459,2026-02-07,2026-02-07T17:00:00+00:00,CALLBACK,PREMIUM_INCREASE,21.97,CH_RETENTION_OUTBOUND,AGT_00013,false,false
RET_0000000644,CUST_00004046,POL_000006466,2026-02-14,2026-02-14T18:00:00+00:00,CLAIM_REVIEW,PREMIUM_INCREASE,23.06,CH_RETENTION_OUTBOUND,AGT_00020,false,false
RET_0000000645,CUST_00004062,POL_000006498,2026-01-30,2026-01-30T08:00:00+00:00,DISCOUNT,PREMIUM_INCREASE,41.33,CH_RETENTION_OUTBOUND,AGT_00055,true,true
RET_0000000646,CUST_00004069,POL_000006509,2025-12-10,2025-12-10T11:00:00+00:00,DISCOUNT,COMPLAINT,36.69,CH_RETENTION_OUTBOUND,AGT_00027,true,true
RET_0000000647,CUST_00004082,POL_000006532,2026-03-25,2026-03-25T11:00:00+00:00,DISCOUNT,PAYMENT_INCIDENT,38.57,CH_RETENTION_OUTBOUND,AGT_00069,true,true
RET_0000000648,CUST_00004100,POL_000006569,2025-07-06,2025-07-06T10:00:00+00:00,DISCOUNT,RENEWAL_RISK,62.04,CH_RETENTION_OUTBOUND,AGT_00104,false,false
RET_0000000649,CUST_00004108,POL_000006580,2026-04-06,2026-04-06T08:00:00+00:00,LOYALTY_BONUS,RENEWAL_RISK,59.33,CH_RETENTION_OUTBOUND,AGT_00118,true,true
RET_0000000650,CUST_00004124,POL_000006604,2025-09-06,2025-09-06T12:00:00+00:00,CALLBACK,PREMIUM_INCREASE,126.2,CH_RETENTION_OUTBOUND,AGT_00006,false,false
RET_0000000651,CUST_00004126,POL_000006606,2025-12-05,2025-12-05T17:00:00+00:00,CLAIM_REVIEW,HIGH_VALUE_SAVE,193.22,CH_RETENTION_OUTBOUND,AGT_00132,false,false
RET_0000000652,CUST_00004152,POL_000006649,2025-12-13,2025-12-13T14:00:00+00:00,LOYALTY_BONUS,PREMIUM_INCREASE,22.24,CH_RETENTION_OUTBOUND,AGT_00027,false,false
RET_0000000653,CUST_00004153,POL_000006650,2025-05-19,2025-05-19T12:00:00+00:00,PAYMENT_PLAN,PREMIUM_INCREASE,52.71,CH_RETENTION_OUTBOUND,AGT_00062,false,false
RET_0000000654,CUST_00004154,POL_000006651,2025-07-12,2025-07-12T16:00:00+00:00,DISCOUNT,RENEWAL_RISK,23.54,CH_RETENTION_OUTBOUND,AGT_00062,true,true
RET_0000000655,CUST_00004155,POL_000006653,2024-09-03,2024-09-03T08:00:00+00:00,LOYALTY_BONUS,LOW_ENGAGEMENT,118.54,CH_RETENTION_OUTBOUND,AGT_00034,false,false
RET_0000000656,CUST_00004158,POL_000006658,2026-02-25,2026-02-25T19:00:00+00:00,CLAIM_REVIEW,COMPLAINT,94.57,CH_RETENTION_OUTBOUND,AGT_00020,true,false
RET_0000000657,CUST_00004159,POL_000006659,2026-06-14,2026-06-14T16:00:00+00:00,CALLBACK,LOW_ENGAGEMENT,70.58,CH_RETENTION_OUTBOUND,AGT_00090,false,false
RET_0000000658,CUST_00004164,POL_000006666,2022-03-04,2022-03-04T15:00:00+00:00,CALLBACK,LOW_ENGAGEMENT,21.68,CH_RETENTION_OUTBOUND,AGT_00013,false,false
RET_0000000659,CUST_00004167,POL_000006669,2023-09-09,2023-09-09T16:00:00+00:00,DISCOUNT,COMPLAINT,26.96,CH_RETENTION_OUTBOUND,AGT_00006,false,false
RET_0000000660,CUST_00004180,POL_000006686,2022-01-26,2022-01-26T16:00:00+00:00,CALLBACK,PREMIUM_INCREASE,26.64,CH_RETENTION_OUTBOUND,AGT_00062,false,false
RET_0000000661,CUST_00004181,POL_000006687,2022-05-24,2022-05-24T16:00:00+00:00,DISCOUNT,PAYMENT_INCIDENT,21.2,CH_RETENTION_OUTBOUND,AGT_00013,true,true
RET_0000000662,CUST_00004182,POL_000006688,2023-09-13,2023-09-13T11:00:00+00:00,CLAIM_REVIEW,LOW_ENGAGEMENT,25.33,CH_RETENTION_OUTBOUND,AGT_00132,true,true
RET_0000000663,CUST_00004202,POL_000006723,2026-05-13,2026-05-13T18:00:00+00:00,DISCOUNT,COMPLAINT,90.07,CH_RETENTION_OUTBOUND,AGT_00027,false,false
RET_0000000664,CUST_00004203,POL_000006724,2025-05-19,2025-05-19T16:00:00+00:00,DISCOUNT,COMPLAINT,103.85,CH_RETENTION_OUTBOUND,AGT_00097,false,false
RET_0000000665,CUST_00004205,POL_000006728,2023-05-30,2023-05-30T15:00:00+00:00,PAYMENT_PLAN,LOW_ENGAGEMENT,26.3,CH_RETENTION_OUTBOUND,AGT_00027,true,false
RET_0000000666,CUST_00004215,POL_000006744,2023-02-12,2023-02-12T09:00:00+00:00,DISCOUNT,PAYMENT_INCIDENT,101.45,CH_RETENTION_OUTBOUND,AGT_00013,false,false
RET_0000000667,CUST_00004226,POL_000006768,2024-02-25,2024-02-25T18:00:00+00:00,DISCOUNT,COMPLAINT,35.49,CH_RETENTION_OUTBOUND,AGT_00041,false,false
RET_0000000668,CUST_00004230,POL_000006777,2024-09-25,2024-09-25T16:00:00+00:00,DISCOUNT,RENEWAL_RISK,25.81,CH_RETENTION_OUTBOUND,AGT_00027,true,false
RET_0000000669,CUST_00004237,POL_000006789,2025-06-11,2025-06-11T14:00:00+00:00,CLAIM_REVIEW,RENEWAL_RISK,82.67,CH_RETENTION_OUTBOUND,AGT_00076,false,false
RET_0000000670,CUST_00004242,POL_000006799,2026-06-24,2026-06-24T12:00:00+00:00,DISCOUNT,PREMIUM_INCREASE,7.55,CH_RETENTION_OUTBOUND,AGT_00153,false,false
RET_0000000671,CUST_00004249,POL_000006807,2025-11-14,2025-11-14T12:00:00+00:00,CALLBACK,PREMIUM_INCREASE,41.88,CH_RETENTION_OUTBOUND,AGT_00055,false,false
RET_0000000672,CUST_00004254,POL_000006815,2026-02-01,2026-02-01T14:00:00+00:00,PAYMENT_PLAN,PREMIUM_INCREASE,83.91,CH_RETENTION_OUTBOUND,AGT_00076,true,true
RET_0000000673,CUST_00004258,POL_000006822,2025-03-08,2025-03-08T19:00:00+00:00,CALLBACK,PREMIUM_INCREASE,66.92,CH_RETENTION_OUTBOUND,AGT_00132,true,true
RET_0000000674,CUST_00004269,POL_000006844,2026-06-12,2026-06-12T13:00:00+00:00,CLAIM_REVIEW,PREMIUM_INCREASE,156.66,CH_RETENTION_OUTBOUND,AGT_00027,false,false
RET_0000000675,CUST_00004270,POL_000006847,2026-01-22,2026-01-22T19:00:00+00:00,DISCOUNT,COMPLAINT,64.22,CH_RETENTION_OUTBOUND,AGT_00118,false,false
RET_0000000676,CUST_00004272,POL_000006849,2025-08-20,2025-08-20T09:00:00+00:00,LOYALTY_BONUS,COMPLAINT,4.4,CH_RETENTION_OUTBOUND,AGT_00104,true,false
RET_0000000677,CUST_00004275,POL_000006854,2025-12-05,2025-12-05T19:00:00+00:00,DISCOUNT,RENEWAL_RISK,122.77,CH_RETENTION_OUTBOUND,AGT_00013,true,true
RET_0000000678,CUST_00004291,POL_000006883,2022-08-25,2022-08-25T11:00:00+00:00,CALLBACK,COMPLAINT,42.24,CH_RETENTION_OUTBOUND,AGT_00006,false,false
RET_0000000679,CUST_00004294,POL_000006888,2024-12-18,2024-12-18T17:00:00+00:00,PAYMENT_PLAN,LOW_ENGAGEMENT,40.36,CH_RETENTION_OUTBOUND,AGT_00069,true,true
RET_0000000680,CUST_00004297,POL_000006895,2024-08-22,2024-08-22T13:00:00+00:00,DISCOUNT,RENEWAL_RISK,18.19,CH_RETENTION_OUTBOUND,AGT_00027,false,false
RET_0000000681,CUST_00004298,POL_000006896,2026-04-16,2026-04-16T18:00:00+00:00,DISCOUNT,PAYMENT_INCIDENT,39.24,CH_RETENTION_OUTBOUND,AGT_00034,false,false
RET_0000000682,CUST_00004308,POL_000006913,2022-07-07,2022-07-07T18:00:00+00:00,CALLBACK,PREMIUM_INCREASE,107.48,CH_RETENTION_OUTBOUND,AGT_00062,false,false
RET_0000000683,CUST_00004335,POL_000006955,2025-02-18,2025-02-18T19:00:00+00:00,CALLBACK,PAYMENT_INCIDENT,19.3,CH_RETENTION_OUTBOUND,AGT_00062,true,true
RET_0000000684,CUST_00004354,POL_000006980,2024-03-14,2024-03-14T19:00:00+00:00,DISCOUNT,LOW_ENGAGEMENT,48.45,CH_RETENTION_OUTBOUND,AGT_00097,true,true
RET_0000000685,CUST_00004363,POL_000006995,2025-03-15,2025-03-15T10:00:00+00:00,PAYMENT_PLAN,RENEWAL_RISK,49.14,CH_RETENTION_OUTBOUND,AGT_00034,true,true
RET_0000000686,CUST_00004366,POL_000007000,2024-04-01,2024-04-01T18:00:00+00:00,DISCOUNT,LOW_ENGAGEMENT,25.87,CH_RETENTION_OUTBOUND,AGT_00139,true,false
RET_0000000687,CUST_00004370,POL_000007006,2025-09-26,2025-09-26T09:00:00+00:00,DISCOUNT,PAYMENT_INCIDENT,82.19,CH_RETENTION_OUTBOUND,AGT_00069,false,false
RET_0000000688,CUST_00004379,POL_000007024,2025-11-08,2025-11-08T18:00:00+00:00,PAYMENT_PLAN,PREMIUM_INCREASE,7.39,CH_RETENTION_OUTBOUND,AGT_00062,true,true
RET_0000000689,CUST_00004388,POL_000007044,2026-01-03,2026-01-03T12:00:00+00:00,CLAIM_REVIEW,LOW_ENGAGEMENT,106.28,CH_RETENTION_OUTBOUND,AGT_00118,false,false
RET_0000000690,CUST_00004391,POL_000007050,2024-06-20,2024-06-20T15:00:00+00:00,DISCOUNT,PREMIUM_INCREASE,12.6,CH_RETENTION_OUTBOUND,AGT_00006,true,false
RET_0000000691,CUST_00004392,POL_000007051,2024-06-17,2024-06-17T15:00:00+00:00,PAYMENT_PLAN,PREMIUM_INCREASE,26.14,CH_RETENTION_OUTBOUND,AGT_00041,false,false
RET_0000000692,CUST_00004400,POL_000007061,2026-03-17,2026-03-17T10:00:00+00:00,PAYMENT_PLAN,RENEWAL_RISK,104.45,CH_RETENTION_OUTBOUND,AGT_00132,false,false
RET_0000000693,CUST_00004416,POL_000007086,2024-07-01,2024-07-01T17:00:00+00:00,DISCOUNT,PREMIUM_INCREASE,59.76,CH_RETENTION_OUTBOUND,AGT_00146,true,true
RET_0000000694,CUST_00004418,POL_000007090,2024-12-25,2024-12-25T18:00:00+00:00,DISCOUNT,RENEWAL_RISK,40.22,CH_RETENTION_OUTBOUND,AGT_00020,true,true
RET_0000000695,CUST_00004422,POL_000007098,2024-04-17,2024-04-17T14:00:00+00:00,CALLBACK,LOW_ENGAGEMENT,112.92,CH_RETENTION_OUTBOUND,AGT_00097,false,false
RET_0000000696,CUST_00004426,POL_000007106,2025-08-11,2025-08-11T08:00:00+00:00,CALLBACK,PREMIUM_INCREASE,38.5,CH_RETENTION_OUTBOUND,AGT_00062,false,false
RET_0000000697,CUST_00004428,POL_000007112,2025-12-18,2025-12-18T19:00:00+00:00,CALLBACK,COMPLAINT,90.1,CH_RETENTION_OUTBOUND,AGT_00020,false,false
RET_0000000698,CUST_00004456,POL_000007156,2026-06-05,2026-06-05T19:00:00+00:00,CALLBACK,PREMIUM_INCREASE,37.05,CH_RETENTION_OUTBOUND,AGT_00020,false,false
RET_0000000699,CUST_00004458,POL_000007159,2025-11-11,2025-11-11T19:00:00+00:00,CALLBACK,COMPLAINT,13.44,CH_RETENTION_OUTBOUND,AGT_00006,false,false
RET_0000000700,CUST_00004463,POL_000007166,2025-09-08,2025-09-08T08:00:00+00:00,DISCOUNT,PREMIUM_INCREASE,34.56,CH_RETENTION_OUTBOUND,AGT_00020,false,false
RET_0000000701,CUST_00004466,POL_000007170,2026-05-03,2026-05-03T17:00:00+00:00,DISCOUNT,PAYMENT_INCIDENT,93.03,CH_RETENTION_OUTBOUND,AGT_00062,false,false
RET_0000000702,CUST_00004482,POL_000007196,2026-06-21,2026-06-21T10:00:00+00:00,CALLBACK,PREMIUM_INCREASE,192.57,CH_RETENTION_OUTBOUND,AGT_00132,false,false
RET_0000000703,CUST_00004486,POL_000007200,2024-06-04,2024-06-04T16:00:00+00:00,PAYMENT_PLAN,PREMIUM_INCREASE,9.32,CH_RETENTION_OUTBOUND,AGT_00041,false,false
RET_0000000704,CUST_00004489,POL_000007204,2026-06-10,2026-06-10T12:00:00+00:00,CALLBACK,PREMIUM_INCREASE,17.38,CH_RETENTION_OUTBOUND,AGT_00097,false,false
RET_0000000705,CUST_00004494,POL_000007210,2026-06-20,2026-06-20T16:00:00+00:00,CALLBACK,PREMIUM_INCREASE,41.4,CH_RETENTION_OUTBOUND,AGT_00132,false,false
RET_0000000706,CUST_00004495,POL_000007211,2025-07-26,2025-07-26T10:00:00+00:00,CALLBACK,PREMIUM_INCREASE,35.99,CH_RETENTION_OUTBOUND,AGT_00062,false,false
RET_0000000707,CUST_00004496,POL_000007212,2025-06-13,2025-06-13T08:00:00+00:00,PAYMENT_PLAN,HIGH_VALUE_SAVE,13.75,CH_RETENTION_OUTBOUND,AGT_00083,true,true
RET_0000000708,CUST_00004500,POL_000007221,2025-12-03,2025-12-03T11:00:00+00:00,CLAIM_REVIEW,PREMIUM_INCREASE,123.43,CH_RETENTION_OUTBOUND,AGT_00153,true,true
RET_0000000709,CUST_00004526,POL_000007265,2024-11-23,2024-11-23T15:00:00+00:00,PAYMENT_PLAN,RENEWAL_RISK,45.28,CH_RETENTION_OUTBOUND,AGT_00104,false,false
RET_0000000710,CUST_00004527,POL_000007266,2026-05-21,2026-05-21T17:00:00+00:00,DISCOUNT,PREMIUM_INCREASE,18.41,CH_RETENTION_OUTBOUND,AGT_00048,false,false
RET_0000000711,CUST_00004528,POL_000007268,2025-01-04,2025-01-04T12:00:00+00:00,CALLBACK,PREMIUM_INCREASE,60.97,CH_RETENTION_OUTBOUND,AGT_00160,false,false
RET_0000000712,CUST_00004531,POL_000007271,2026-01-30,2026-01-30T09:00:00+00:00,DISCOUNT,PAYMENT_INCIDENT,37.23,CH_RETENTION_OUTBOUND,AGT_00076,false,false
RET_0000000713,CUST_00004537,POL_000007283,2023-07-23,2023-07-23T11:00:00+00:00,DISCOUNT,LOW_ENGAGEMENT,64.23,CH_RETENTION_OUTBOUND,AGT_00083,true,true
RET_0000000714,CUST_00004539,POL_000007288,2024-04-03,2024-04-03T09:00:00+00:00,LOYALTY_BONUS,HIGH_VALUE_SAVE,17.83,CH_RETENTION_OUTBOUND,AGT_00027,true,true
RET_0000000715,CUST_00004546,POL_000007302,2025-06-02,2025-06-02T15:00:00+00:00,PAYMENT_PLAN,PAYMENT_INCIDENT,34.39,CH_RETENTION_OUTBOUND,AGT_00034,true,false
RET_0000000716,CUST_00004553,POL_000007313,2022-08-31,2022-08-31T10:00:00+00:00,DISCOUNT,PAYMENT_INCIDENT,118.65,CH_RETENTION_OUTBOUND,AGT_00132,false,false
RET_0000000717,CUST_00004561,POL_000007328,2025-12-20,2025-12-20T13:00:00+00:00,DISCOUNT,PREMIUM_INCREASE,45.15,CH_RETENTION_OUTBOUND,AGT_00013,true,true
RET_0000000718,CUST_00004571,POL_000007342,2025-09-16,2025-09-16T15:00:00+00:00,CLAIM_REVIEW,RENEWAL_RISK,28.55,CH_RETENTION_OUTBOUND,AGT_00062,false,false
RET_0000000719,CUST_00004582,POL_000007359,2025-08-02,2025-08-02T12:00:00+00:00,LOYALTY_BONUS,PAYMENT_INCIDENT,137.02,CH_RETENTION_OUTBOUND,AGT_00013,true,true
RET_0000000720,CUST_00004592,POL_000007372,2025-09-09,2025-09-09T13:00:00+00:00,DISCOUNT,PREMIUM_INCREASE,138.16,CH_RETENTION_OUTBOUND,AGT_00083,false,false
RET_0000000721,CUST_00004603,POL_000007390,2026-06-06,2026-06-06T17:00:00+00:00,CLAIM_REVIEW,PREMIUM_INCREASE,195.51,CH_RETENTION_OUTBOUND,AGT_00055,true,true
RET_0000000722,CUST_00004606,POL_000007393,2023-05-21,2023-05-21T19:00:00+00:00,LOYALTY_BONUS,PREMIUM_INCREASE,64.31,CH_RETENTION_OUTBOUND,AGT_00069,false,false
RET_0000000723,CUST_00004615,POL_000007406,2022-05-07,2022-05-07T17:00:00+00:00,DISCOUNT,LOW_ENGAGEMENT,55.78,CH_RETENTION_OUTBOUND,AGT_00076,false,false
RET_0000000724,CUST_00004624,POL_000007418,2024-04-17,2024-04-17T15:00:00+00:00,PAYMENT_PLAN,COMPLAINT,19.24,CH_RETENTION_OUTBOUND,AGT_00013,false,false
RET_0000000725,CUST_00004627,POL_000007422,2026-04-27,2026-04-27T08:00:00+00:00,LOYALTY_BONUS,RENEWAL_RISK,23.53,CH_RETENTION_OUTBOUND,AGT_00083,false,false
RET_0000000726,CUST_00004630,POL_000007425,2026-05-27,2026-05-27T14:00:00+00:00,LOYALTY_BONUS,RENEWAL_RISK,50.36,CH_RETENTION_OUTBOUND,AGT_00027,false,false
RET_0000000727,CUST_00004646,POL_000007449,2026-01-04,2026-01-04T18:00:00+00:00,DISCOUNT,HIGH_VALUE_SAVE,12.0,CH_RETENTION_OUTBOUND,AGT_00111,false,false
RET_0000000728,CUST_00004648,POL_000007452,2025-12-03,2025-12-03T16:00:00+00:00,CALLBACK,COMPLAINT,61.63,CH_RETENTION_OUTBOUND,AGT_00055,false,false
RET_0000000729,CUST_00004657,POL_000007463,2023-02-13,2023-02-13T13:00:00+00:00,DISCOUNT,PREMIUM_INCREASE,18.39,CH_RETENTION_OUTBOUND,AGT_00041,true,true
RET_0000000730,CUST_00004659,POL_000007465,2026-06-23,2026-06-23T15:00:00+00:00,CALLBACK,RENEWAL_RISK,74.78,CH_RETENTION_OUTBOUND,AGT_00139,false,false
RET_0000000731,CUST_00004661,POL_000007468,2024-09-02,2024-09-02T16:00:00+00:00,LOYALTY_BONUS,HIGH_VALUE_SAVE,22.79,CH_RETENTION_OUTBOUND,AGT_00125,true,true
RET_0000000732,CUST_00004663,POL_000007471,2025-12-15,2025-12-15T16:00:00+00:00,PAYMENT_PLAN,LOW_ENGAGEMENT,112.59,CH_RETENTION_OUTBOUND,AGT_00139,true,true
RET_0000000733,CUST_00004671,POL_000007488,2026-01-19,2026-01-19T11:00:00+00:00,DISCOUNT,HIGH_VALUE_SAVE,127.21,CH_RETENTION_OUTBOUND,AGT_00062,true,true
RET_0000000734,CUST_00004672,POL_000007489,2025-10-05,2025-10-05T14:00:00+00:00,CALLBACK,PREMIUM_INCREASE,42.7,CH_RETENTION_OUTBOUND,AGT_00146,false,false
RET_0000000735,CUST_00004675,POL_000007494,2025-04-13,2025-04-13T19:00:00+00:00,CLAIM_REVIEW,PREMIUM_INCREASE,42.01,CH_RETENTION_OUTBOUND,AGT_00055,false,false
RET_0000000736,CUST_00004682,POL_000007505,2022-03-01,2022-03-01T14:00:00+00:00,CALLBACK,COMPLAINT,151.35,CH_RETENTION_OUTBOUND,AGT_00055,false,false
RET_0000000737,CUST_00004692,POL_000007518,2024-12-31,2024-12-31T18:00:00+00:00,DISCOUNT,LOW_ENGAGEMENT,69.18,CH_RETENTION_OUTBOUND,AGT_00111,false,false
RET_0000000738,CUST_00004703,POL_000007536,2025-12-21,2025-12-21T16:00:00+00:00,DISCOUNT,RENEWAL_RISK,35.69,CH_RETENTION_OUTBOUND,AGT_00034,false,false
RET_0000000739,CUST_00004704,POL_000007537,2025-09-18,2025-09-18T14:00:00+00:00,CLAIM_REVIEW,PAYMENT_INCIDENT,89.99,CH_RETENTION_OUTBOUND,AGT_00020,false,false
RET_0000000740,CUST_00004713,POL_000007552,2024-03-05,2024-03-05T16:00:00+00:00,CALLBACK,COMPLAINT,50.25,CH_RETENTION_OUTBOUND,AGT_00111,false,false
RET_0000000741,CUST_00004716,POL_000007556,2024-08-26,2024-08-26T11:00:00+00:00,PAYMENT_PLAN,HIGH_VALUE_SAVE,48.29,CH_RETENTION_OUTBOUND,AGT_00062,false,false
RET_0000000742,CUST_00004724,POL_000007574,2025-12-23,2025-12-23T17:00:00+00:00,CALLBACK,COMPLAINT,32.27,CH_RETENTION_OUTBOUND,AGT_00125,false,false
RET_0000000743,CUST_00004730,POL_000007586,2025-09-27,2025-09-27T09:00:00+00:00,DISCOUNT,LOW_ENGAGEMENT,28.68,CH_RETENTION_OUTBOUND,AGT_00118,false,false
RET_0000000744,CUST_00004735,POL_000007595,2026-04-08,2026-04-08T14:00:00+00:00,PAYMENT_PLAN,PREMIUM_INCREASE,59.08,CH_RETENTION_OUTBOUND,AGT_00048,true,true
RET_0000000745,CUST_00004736,POL_000007596,2025-12-23,2025-12-23T12:00:00+00:00,CALLBACK,LOW_ENGAGEMENT,34.7,CH_RETENTION_OUTBOUND,AGT_00069,true,true
RET_0000000746,CUST_00004741,POL_000007604,2025-07-27,2025-07-27T16:00:00+00:00,CALLBACK,COMPLAINT,41.13,CH_RETENTION_OUTBOUND,AGT_00069,false,false
RET_0000000747,CUST_00004744,POL_000007609,2025-01-06,2025-01-06T08:00:00+00:00,LOYALTY_BONUS,RENEWAL_RISK,18.23,CH_RETENTION_OUTBOUND,AGT_00034,true,true
RET_0000000748,CUST_00004750,POL_000007615,2025-06-23,2025-06-23T13:00:00+00:00,CALLBACK,COMPLAINT,22.98,CH_RETENTION_OUTBOUND,AGT_00020,false,false
RET_0000000749,CUST_00004751,POL_000007618,2022-10-15,2022-10-15T19:00:00+00:00,CLAIM_REVIEW,PREMIUM_INCREASE,22.39,CH_RETENTION_OUTBOUND,AGT_00013,false,false
RET_0000000750,CUST_00004767,POL_000007644,2025-03-18,2025-03-18T12:00:00+00:00,LOYALTY_BONUS,HIGH_VALUE_SAVE,45.36,CH_RETENTION_OUTBOUND,AGT_00020,true,true
RET_0000000751,CUST_00004775,POL_000007655,2026-01-09,2026-01-09T13:00:00+00:00,DISCOUNT,LOW_ENGAGEMENT,42.91,CH_RETENTION_OUTBOUND,AGT_00055,false,false
RET_0000000752,CUST_00004790,POL_000007686,2022-07-03,2022-07-03T19:00:00+00:00,CALLBACK,PREMIUM_INCREASE,52.11,CH_RETENTION_OUTBOUND,AGT_00090,false,false
RET_0000000753,CUST_00004800,POL_000007705,2025-09-26,2025-09-26T19:00:00+00:00,CALLBACK,PREMIUM_INCREASE,37.45,CH_RETENTION_OUTBOUND,AGT_00083,false,false
RET_0000000754,CUST_00004802,POL_000007710,2025-12-30,2025-12-30T09:00:00+00:00,DISCOUNT,PREMIUM_INCREASE,79.03,CH_RETENTION_OUTBOUND,AGT_00048,false,false
RET_0000000755,CUST_00004804,POL_000007712,2024-09-16,2024-09-16T16:00:00+00:00,DISCOUNT,PAYMENT_INCIDENT,15.49,CH_RETENTION_OUTBOUND,AGT_00111,false,false
RET_0000000756,CUST_00004808,POL_000007720,2026-05-13,2026-05-13T09:00:00+00:00,DISCOUNT,RENEWAL_RISK,41.94,CH_RETENTION_OUTBOUND,AGT_00139,false,false
RET_0000000757,CUST_00004823,POL_000007742,2026-06-08,2026-06-08T15:00:00+00:00,DISCOUNT,RENEWAL_RISK,52.38,CH_RETENTION_OUTBOUND,AGT_00027,true,true
RET_0000000758,CUST_00004832,POL_000007756,2025-05-18,2025-05-18T15:00:00+00:00,DISCOUNT,COMPLAINT,74.27,CH_RETENTION_OUTBOUND,AGT_00069,false,false
RET_0000000759,CUST_00004839,POL_000007769,2025-04-29,2025-04-29T12:00:00+00:00,CALLBACK,RENEWAL_RISK,7.65,CH_RETENTION_OUTBOUND,AGT_00146,false,false
RET_0000000760,CUST_00004846,POL_000007780,2023-09-28,2023-09-28T09:00:00+00:00,PAYMENT_PLAN,LOW_ENGAGEMENT,17.04,CH_RETENTION_OUTBOUND,AGT_00013,false,false
RET_0000000761,CUST_00004854,POL_000007792,2026-04-28,2026-04-28T09:00:00+00:00,LOYALTY_BONUS,RENEWAL_RISK,105.96,CH_RETENTION_OUTBOUND,AGT_00111,false,false
RET_0000000762,CUST_00004863,POL_000007804,2025-10-07,2025-10-07T18:00:00+00:00,LOYALTY_BONUS,RENEWAL_RISK,54.27,CH_RETENTION_OUTBOUND,AGT_00020,true,true
RET_0000000763,CUST_00004877,POL_000007825,2024-11-11,2024-11-11T09:00:00+00:00,CALLBACK,PREMIUM_INCREASE,77.48,CH_RETENTION_OUTBOUND,AGT_00069,true,false
RET_0000000764,CUST_00004882,POL_000007833,2024-10-20,2024-10-20T08:00:00+00:00,DISCOUNT,PREMIUM_INCREASE,16.07,CH_RETENTION_OUTBOUND,AGT_00153,true,true
RET_0000000765,CUST_00004885,POL_000007838,2026-03-09,2026-03-09T10:00:00+00:00,LOYALTY_BONUS,LOW_ENGAGEMENT,12.59,CH_RETENTION_OUTBOUND,AGT_00090,true,true
RET_0000000766,CUST_00004895,POL_000007850,2026-06-14,2026-06-14T11:00:00+00:00,DISCOUNT,PREMIUM_INCREASE,98.77,CH_RETENTION_OUTBOUND,AGT_00153,false,false
RET_0000000767,CUST_00004901,POL_000007860,2026-04-24,2026-04-24T14:00:00+00:00,DISCOUNT,HIGH_VALUE_SAVE,151.47,CH_RETENTION_OUTBOUND,AGT_00097,false,false
RET_0000000768,CUST_00004904,POL_000007864,2025-04-26,2025-04-26T15:00:00+00:00,PAYMENT_PLAN,PREMIUM_INCREASE,82.24,CH_RETENTION_OUTBOUND,AGT_00111,true,false
RET_0000000769,CUST_00004905,POL_000007865,2025-04-08,2025-04-08T12:00:00+00:00,LOYALTY_BONUS,PAYMENT_INCIDENT,40.5,CH_RETENTION_OUTBOUND,AGT_00048,true,true
RET_0000000770,CUST_00004908,POL_000007868,2024-05-21,2024-05-21T18:00:00+00:00,DISCOUNT,RENEWAL_RISK,46.35,CH_RETENTION_OUTBOUND,AGT_00055,false,false
RET_0000000771,CUST_00004910,POL_000007870,2023-07-15,2023-07-15T19:00:00+00:00,LOYALTY_BONUS,PREMIUM_INCREASE,23.28,CH_RETENTION_OUTBOUND,AGT_00132,true,true
RET_0000000772,CUST_00004918,POL_000007883,2025-09-26,2025-09-26T08:00:00+00:00,CALLBACK,RENEWAL_RISK,53.99,CH_RETENTION_OUTBOUND,AGT_00055,true,true
RET_0000000773,CUST_00004919,POL_000007884,2024-06-05,2024-06-05T16:00:00+00:00,DISCOUNT,COMPLAINT,240.42,CH_RETENTION_OUTBOUND,AGT_00104,true,true
RET_0000000774,CUST_00004938,POL_000007917,2024-10-28,2024-10-28T10:00:00+00:00,DISCOUNT,RENEWAL_RISK,128.33,CH_RETENTION_OUTBOUND,AGT_00111,false,false
RET_0000000775,CUST_00004943,POL_000007926,2026-03-27,2026-03-27T15:00:00+00:00,LOYALTY_BONUS,RENEWAL_RISK,115.15,CH_RETENTION_OUTBOUND,AGT_00097,true,false
RET_0000000776,CUST_00004952,POL_000007943,2025-05-18,2025-05-18T12:00:00+00:00,DISCOUNT,COMPLAINT,12.2,CH_RETENTION_OUTBOUND,AGT_00013,true,true
RET_0000000777,CUST_00004954,POL_000007947,2023-08-22,2023-08-22T08:00:00+00:00,CALLBACK,RENEWAL_RISK,37.03,CH_RETENTION_OUTBOUND,AGT_00006,true,true
RET_0000000778,CUST_00004958,POL_000007952,2026-02-16,2026-02-16T19:00:00+00:00,DISCOUNT,HIGH_VALUE_SAVE,83.24,CH_RETENTION_OUTBOUND,AGT_00083,false,false
RET_0000000779,CUST_00004966,POL_000007965,2026-05-07,2026-05-07T16:00:00+00:00,CALLBACK,PAYMENT_INCIDENT,18.3,CH_RETENTION_OUTBOUND,AGT_00097,false,false
RET_0000000780,CUST_00004972,POL_000007973,2025-12-19,2025-12-19T18:00:00+00:00,CALLBACK,PREMIUM_INCREASE,75.09,CH_RETENTION_OUTBOUND,AGT_00160,false,false
RET_0000000781,CUST_00004990,POL_000007995,2026-01-13,2026-01-13T12:00:00+00:00,DISCOUNT,RENEWAL_RISK,157.77,CH_RETENTION_OUTBOUND,AGT_00020,false,false
RET_0000000782,CUST_00004995,POL_000008004,2025-09-10,2025-09-10T14:00:00+00:00,PAYMENT_PLAN,COMPLAINT,40.18,CH_RETENTION_OUTBOUND,AGT_00083,true,false
RET_0000000783,CUST_00005002,POL_000008014,2024-12-13,2024-12-13T08:00:00+00:00,LOYALTY_BONUS,COMPLAINT,50.12,CH_RETENTION_OUTBOUND,AGT_00153,true,true
RET_0000000784,CUST_00005009,POL_000008024,2024-08-10,2024-08-10T17:00:00+00:00,DISCOUNT,COMPLAINT,99.13,CH_RETENTION_OUTBOUND,AGT_00097,true,true
RET_0000000785,CUST_00005039,POL_000008071,2024-01-26,2024-01-26T13:00:00+00:00,CALLBACK,PREMIUM_INCREASE,18.75,CH_RETENTION_OUTBOUND,AGT_00132,false,false
RET_0000000786,CUST_00005040,POL_000008072,2025-09-14,2025-09-14T13:00:00+00:00,LOYALTY_BONUS,COMPLAINT,43.16,CH_RETENTION_OUTBOUND,AGT_00006,false,false
RET_0000000787,CUST_00005044,POL_000008078,2025-01-28,2025-01-28T12:00:00+00:00,CALLBACK,COMPLAINT,83.61,CH_RETENTION_OUTBOUND,AGT_00160,false,false
RET_0000000788,CUST_00005047,POL_000008083,2025-04-05,2025-04-05T16:00:00+00:00,CALLBACK,RENEWAL_RISK,66.67,CH_RETENTION_OUTBOUND,AGT_00090,false,false
RET_0000000789,CUST_00005056,POL_000008100,2024-08-04,2024-08-04T12:00:00+00:00,CLAIM_REVIEW,LOW_ENGAGEMENT,61.88,CH_RETENTION_OUTBOUND,AGT_00069,true,false
RET_0000000790,CUST_00005057,POL_000008101,2024-05-12,2024-05-12T14:00:00+00:00,CLAIM_REVIEW,PAYMENT_INCIDENT,31.95,CH_RETENTION_OUTBOUND,AGT_00132,false,false
RET_0000000791,CUST_00005060,POL_000008106,2026-05-20,2026-05-20T16:00:00+00:00,DISCOUNT,PREMIUM_INCREASE,36.51,CH_RETENTION_OUTBOUND,AGT_00027,false,false
RET_0000000792,CUST_00005064,POL_000008110,2024-02-25,2024-02-25T09:00:00+00:00,CALLBACK,RENEWAL_RISK,218.73,CH_RETENTION_OUTBOUND,AGT_00062,false,false
RET_0000000793,CUST_00005065,POL_000008114,2023-12-10,2023-12-10T09:00:00+00:00,LOYALTY_BONUS,PAYMENT_INCIDENT,88.17,CH_RETENTION_OUTBOUND,AGT_00083,true,true
RET_0000000794,CUST_00005066,POL_000008115,2025-07-23,2025-07-23T11:00:00+00:00,PAYMENT_PLAN,COMPLAINT,48.26,CH_RETENTION_OUTBOUND,AGT_00125,false,false
RET_0000000795,CUST_00005069,POL_000008119,2025-09-08,2025-09-08T10:00:00+00:00,LOYALTY_BONUS,COMPLAINT,9.35,CH_RETENTION_OUTBOUND,AGT_00055,false,false
RET_0000000796,CUST_00005072,POL_000008124,2025-03-13,2025-03-13T08:00:00+00:00,DISCOUNT,RENEWAL_RISK,79.28,CH_RETENTION_OUTBOUND,AGT_00139,false,false
RET_0000000797,CUST_00005073,POL_000008128,2024-10-10,2024-10-10T18:00:00+00:00,PAYMENT_PLAN,PAYMENT_INCIDENT,127.41,CH_RETENTION_OUTBOUND,AGT_00006,false,false
RET_0000000798,CUST_00005088,POL_000008155,2026-03-24,2026-03-24T18:00:00+00:00,DISCOUNT,PREMIUM_INCREASE,97.54,CH_RETENTION_OUTBOUND,AGT_00146,false,false
RET_0000000799,CUST_00005099,POL_000008171,2026-04-01,2026-04-01T18:00:00+00:00,CLAIM_REVIEW,RENEWAL_RISK,47.17,CH_RETENTION_OUTBOUND,AGT_00013,true,true
RET_0000000800,CUST_00005100,POL_000008172,2024-08-29,2024-08-29T18:00:00+00:00,CALLBACK,PAYMENT_INCIDENT,41.98,CH_RETENTION_OUTBOUND,AGT_00069,false,false
RET_0000000801,CUST_00005102,POL_000008175,2026-05-18,2026-05-18T09:00:00+00:00,PAYMENT_PLAN,RENEWAL_RISK,43.59,CH_RETENTION_OUTBOUND,AGT_00006,false,false
RET_0000000802,CUST_00005108,POL_000008185,2026-01-18,2026-01-18T15:00:00+00:00,DISCOUNT,PAYMENT_INCIDENT,46.62,CH_RETENTION_OUTBOUND,AGT_00034,true,true
RET_0000000803,CUST_00005109,POL_000008187,2024-06-30,2024-06-30T09:00:00+00:00,LOYALTY_BONUS,LOW_ENGAGEMENT,100.57,CH_RETENTION_OUTBOUND,AGT_00146,false,false
RET_0000000804,CUST_00005113,POL_000008193,2025-11-25,2025-11-25T19:00:00+00:00,CALLBACK,PAYMENT_INCIDENT,42.72,CH_RETENTION_OUTBOUND,AGT_00083,false,false
RET_0000000805,CUST_00005114,POL_000008196,2025-06-29,2025-06-29T16:00:00+00:00,LOYALTY_BONUS,RENEWAL_RISK,123.05,CH_RETENTION_OUTBOUND,AGT_00048,true,true
RET_0000000806,CUST_00005117,POL_000008201,2025-10-23,2025-10-23T19:00:00+00:00,CLAIM_REVIEW,PREMIUM_INCREASE,85.62,CH_RETENTION_OUTBOUND,AGT_00160,false,false
RET_0000000807,CUST_00005119,POL_000008205,2023-10-11,2023-10-11T12:00:00+00:00,PAYMENT_PLAN,PREMIUM_INCREASE,22.13,CH_RETENTION_OUTBOUND,AGT_00083,true,true
RET_0000000808,CUST_00005120,POL_000008206,2022-01-01,2022-01-01T15:00:00+00:00,CALLBACK,HIGH_VALUE_SAVE,18.65,CH_RETENTION_OUTBOUND,AGT_00069,false,false
RET_0000000809,CUST_00005123,POL_000008213,2023-08-08,2023-08-08T14:00:00+00:00,CLAIM_REVIEW,PREMIUM_INCREASE,36.0,CH_RETENTION_OUTBOUND,AGT_00111,false,false
RET_0000000810,CUST_00005124,POL_000008214,2025-12-10,2025-12-10T16:00:00+00:00,CLAIM_REVIEW,COMPLAINT,45.09,CH_RETENTION_OUTBOUND,AGT_00139,true,true
RET_0000000811,CUST_00005127,POL_000008217,2025-03-11,2025-03-11T11:00:00+00:00,CLAIM_REVIEW,RENEWAL_RISK,12.66,CH_RETENTION_OUTBOUND,AGT_00020,true,true
RET_0000000812,CUST_00005150,POL_000008250,2026-06-14,2026-06-14T08:00:00+00:00,DISCOUNT,LOW_ENGAGEMENT,52.01,CH_RETENTION_OUTBOUND,AGT_00062,true,true
RET_0000000813,CUST_00005159,POL_000008265,2024-04-16,2024-04-16T08:00:00+00:00,PAYMENT_PLAN,RENEWAL_RISK,9.39,CH_RETENTION_OUTBOUND,AGT_00041,false,false
RET_0000000814,CUST_00005166,POL_000008275,2025-03-20,2025-03-20T13:00:00+00:00,DISCOUNT,LOW_ENGAGEMENT,149.32,CH_RETENTION_OUTBOUND,AGT_00013,false,false
RET_0000000815,CUST_00005201,POL_000008334,2025-05-08,2025-05-08T19:00:00+00:00,DISCOUNT,RENEWAL_RISK,44.19,CH_RETENTION_OUTBOUND,AGT_00027,true,true
RET_0000000816,CUST_00005206,POL_000008341,2025-01-07,2025-01-07T10:00:00+00:00,DISCOUNT,PREMIUM_INCREASE,234.01,CH_RETENTION_OUTBOUND,AGT_00055,false,false
RET_0000000817,CUST_00005211,POL_000008347,2025-12-26,2025-12-26T10:00:00+00:00,PAYMENT_PLAN,PREMIUM_INCREASE,66.09,CH_RETENTION_OUTBOUND,AGT_00062,true,false
RET_0000000818,CUST_00005213,POL_000008351,2025-11-17,2025-11-17T12:00:00+00:00,CLAIM_REVIEW,PREMIUM_INCREASE,56.86,CH_RETENTION_OUTBOUND,AGT_00027,false,false
RET_0000000819,CUST_00005234,POL_000008389,2026-01-09,2026-01-09T19:00:00+00:00,DISCOUNT,RENEWAL_RISK,63.57,CH_RETENTION_OUTBOUND,AGT_00020,true,true
RET_0000000820,CUST_00005235,POL_000008390,2023-11-18,2023-11-18T18:00:00+00:00,CLAIM_REVIEW,PAYMENT_INCIDENT,54.8,CH_RETENTION_OUTBOUND,AGT_00027,false,false
RET_0000000821,CUST_00005242,POL_000008400,2023-11-09,2023-11-09T13:00:00+00:00,LOYALTY_BONUS,HIGH_VALUE_SAVE,8.69,CH_RETENTION_OUTBOUND,AGT_00034,false,false
RET_0000000822,CUST_00005254,POL_000008414,2025-08-22,2025-08-22T17:00:00+00:00,CALLBACK,PAYMENT_INCIDENT,23.16,CH_RETENTION_OUTBOUND,AGT_00118,false,false
RET_0000000823,CUST_00005256,POL_000008416,2023-12-27,2023-12-27T09:00:00+00:00,CLAIM_REVIEW,RENEWAL_RISK,8.94,CH_RETENTION_OUTBOUND,AGT_00041,false,false
RET_0000000824,CUST_00005279,POL_000008460,2024-12-05,2024-12-05T10:00:00+00:00,DISCOUNT,LOW_ENGAGEMENT,46.37,CH_RETENTION_OUTBOUND,AGT_00104,true,false
RET_0000000825,CUST_00005281,POL_000008462,2022-01-01,2022-01-01T09:00:00+00:00,CALLBACK,PREMIUM_INCREASE,102.13,CH_RETENTION_OUTBOUND,AGT_00013,true,true
RET_0000000826,CUST_00005288,POL_000008476,2026-03-24,2026-03-24T08:00:00+00:00,CLAIM_REVIEW,PREMIUM_INCREASE,63.48,CH_RETENTION_OUTBOUND,AGT_00083,true,true
RET_0000000827,CUST_00005302,POL_000008498,2025-04-12,2025-04-12T19:00:00+00:00,DISCOUNT,COMPLAINT,39.35,CH_RETENTION_OUTBOUND,AGT_00069,false,false
RET_0000000828,CUST_00005303,POL_000008500,2025-01-05,2025-01-05T16:00:00+00:00,CALLBACK,PREMIUM_INCREASE,36.67,CH_RETENTION_OUTBOUND,AGT_00027,false,false
RET_0000000829,CUST_00005305,POL_000008504,2024-11-10,2024-11-10T10:00:00+00:00,CALLBACK,LOW_ENGAGEMENT,48.71,CH_RETENTION_OUTBOUND,AGT_00069,false,false
RET_0000000830,CUST_00005315,POL_000008517,2026-02-11,2026-02-11T11:00:00+00:00,DISCOUNT,COMPLAINT,53.22,CH_RETENTION_OUTBOUND,AGT_00027,false,false
RET_0000000831,CUST_00005342,POL_000008554,2026-01-20,2026-01-20T11:00:00+00:00,DISCOUNT,LOW_ENGAGEMENT,59.8,CH_RETENTION_OUTBOUND,AGT_00020,false,false
RET_0000000832,CUST_00005343,POL_000008556,2026-04-04,2026-04-04T10:00:00+00:00,DISCOUNT,RENEWAL_RISK,14.67,CH_RETENTION_OUTBOUND,AGT_00125,false,false
RET_0000000833,CUST_00005347,POL_000008563,2026-02-03,2026-02-03T08:00:00+00:00,LOYALTY_BONUS,HIGH_VALUE_SAVE,36.04,CH_RETENTION_OUTBOUND,AGT_00041,false,false
RET_0000000834,CUST_00005349,POL_000008566,2026-05-08,2026-05-08T13:00:00+00:00,PAYMENT_PLAN,PREMIUM_INCREASE,6.96,CH_RETENTION_OUTBOUND,AGT_00055,true,true
RET_0000000835,CUST_00005350,POL_000008567,2025-11-14,2025-11-14T18:00:00+00:00,DISCOUNT,PREMIUM_INCREASE,24.39,CH_RETENTION_OUTBOUND,AGT_00146,true,true
RET_0000000836,CUST_00005365,POL_000008593,2023-10-25,2023-10-25T13:00:00+00:00,CALLBACK,COMPLAINT,30.88,CH_RETENTION_OUTBOUND,AGT_00020,false,false
RET_0000000837,CUST_00005372,POL_000008604,2025-01-14,2025-01-14T14:00:00+00:00,DISCOUNT,LOW_ENGAGEMENT,18.07,CH_RETENTION_OUTBOUND,AGT_00132,false,false
RET_0000000838,CUST_00005379,POL_000008613,2025-10-20,2025-10-20T11:00:00+00:00,DISCOUNT,LOW_ENGAGEMENT,88.66,CH_RETENTION_OUTBOUND,AGT_00097,false,false
RET_0000000839,CUST_00005383,POL_000008622,2024-09-17,2024-09-17T19:00:00+00:00,DISCOUNT,PAYMENT_INCIDENT,93.19,CH_RETENTION_OUTBOUND,AGT_00013,false,false
RET_0000000840,CUST_00005396,POL_000008648,2026-03-25,2026-03-25T09:00:00+00:00,PAYMENT_PLAN,COMPLAINT,179.14,CH_RETENTION_OUTBOUND,AGT_00048,true,true
RET_0000000841,CUST_00005400,POL_000008653,2026-01-12,2026-01-12T09:00:00+00:00,PAYMENT_PLAN,PREMIUM_INCREASE,53.14,CH_RETENTION_OUTBOUND,AGT_00048,false,false
RET_0000000842,CUST_00005402,POL_000008656,2022-03-03,2022-03-03T19:00:00+00:00,CLAIM_REVIEW,COMPLAINT,32.85,CH_RETENTION_OUTBOUND,AGT_00090,false,false
RET_0000000843,CUST_00005405,POL_000008659,2026-03-15,2026-03-15T15:00:00+00:00,DISCOUNT,PREMIUM_INCREASE,47.9,CH_RETENTION_OUTBOUND,AGT_00048,true,true
RET_0000000844,CUST_00005406,POL_000008662,2025-09-23,2025-09-23T14:00:00+00:00,DISCOUNT,PAYMENT_INCIDENT,37.18,CH_RETENTION_OUTBOUND,AGT_00167,true,true
RET_0000000845,CUST_00005411,POL_000008668,2025-10-02,2025-10-02T09:00:00+00:00,CALLBACK,PAYMENT_INCIDENT,36.01,CH_RETENTION_OUTBOUND,AGT_00132,false,false
RET_0000000846,CUST_00005414,POL_000008674,2025-05-06,2025-05-06T10:00:00+00:00,CLAIM_REVIEW,PAYMENT_INCIDENT,24.59,CH_RETENTION_OUTBOUND,AGT_00020,false,false
RET_0000000847,CUST_00005415,POL_000008675,2026-05-06,2026-05-06T18:00:00+00:00,CALLBACK,PREMIUM_INCREASE,19.17,CH_RETENTION_OUTBOUND,AGT_00020,true,true
RET_0000000848,CUST_00005420,POL_000008683,2024-08-03,2024-08-03T17:00:00+00:00,DISCOUNT,PAYMENT_INCIDENT,149.16,CH_RETENTION_OUTBOUND,AGT_00048,true,true
RET_0000000849,CUST_00005421,POL_000008684,2026-04-13,2026-04-13T11:00:00+00:00,CALLBACK,RENEWAL_RISK,10.21,CH_RETENTION_OUTBOUND,AGT_00146,true,true
RET_0000000850,CUST_00005449,POL_000008722,2025-03-05,2025-03-05T19:00:00+00:00,LOYALTY_BONUS,PREMIUM_INCREASE,20.04,CH_RETENTION_OUTBOUND,AGT_00097,true,true
RET_0000000851,CUST_00005456,POL_000008731,2022-02-16,2022-02-16T18:00:00+00:00,DISCOUNT,COMPLAINT,148.78,CH_RETENTION_OUTBOUND,AGT_00097,false,false
RET_0000000852,CUST_00005458,POL_000008733,2024-12-16,2024-12-16T09:00:00+00:00,CALLBACK,PAYMENT_INCIDENT,17.15,CH_RETENTION_OUTBOUND,AGT_00083,false,false
RET_0000000853,CUST_00005461,POL_000008738,2025-11-09,2025-11-09T08:00:00+00:00,LOYALTY_BONUS,PREMIUM_INCREASE,34.97,CH_RETENTION_OUTBOUND,AGT_00097,false,false
RET_0000000854,CUST_00005480,POL_000008768,2025-02-12,2025-02-12T11:00:00+00:00,CLAIM_REVIEW,LOW_ENGAGEMENT,47.44,CH_RETENTION_OUTBOUND,AGT_00006,true,true
RET_0000000855,CUST_00005487,POL_000008778,2025-02-06,2025-02-06T12:00:00+00:00,CALLBACK,COMPLAINT,57.94,CH_RETENTION_OUTBOUND,AGT_00083,false,false
RET_0000000856,CUST_00005489,POL_000008780,2026-03-29,2026-03-29T13:00:00+00:00,PAYMENT_PLAN,PAYMENT_INCIDENT,21.07,CH_RETENTION_OUTBOUND,AGT_00097,false,false
RET_0000000857,CUST_00005492,POL_000008783,2023-09-11,2023-09-11T17:00:00+00:00,PAYMENT_PLAN,RENEWAL_RISK,51.51,CH_RETENTION_OUTBOUND,AGT_00069,false,false
RET_0000000858,CUST_00005496,POL_000008791,2026-05-08,2026-05-08T16:00:00+00:00,DISCOUNT,LOW_ENGAGEMENT,41.1,CH_RETENTION_OUTBOUND,AGT_00132,true,true
RET_0000000859,CUST_00005503,POL_000008801,2025-11-05,2025-11-05T18:00:00+00:00,CALLBACK,PAYMENT_INCIDENT,133.05,CH_RETENTION_OUTBOUND,AGT_00132,false,false
RET_0000000860,CUST_00005526,POL_000008834,2025-01-28,2025-01-28T11:00:00+00:00,CALLBACK,PAYMENT_INCIDENT,102.77,CH_RETENTION_OUTBOUND,AGT_00118,true,true
RET_0000000861,CUST_00005527,POL_000008836,2024-03-04,2024-03-04T10:00:00+00:00,LOYALTY_BONUS,COMPLAINT,37.01,CH_RETENTION_OUTBOUND,AGT_00062,false,false
RET_0000000862,CUST_00005529,POL_000008842,2025-07-03,2025-07-03T18:00:00+00:00,DISCOUNT,PREMIUM_INCREASE,73.04,CH_RETENTION_OUTBOUND,AGT_00034,true,true
RET_0000000863,CUST_00005545,POL_000008869,2025-11-22,2025-11-22T16:00:00+00:00,DISCOUNT,PREMIUM_INCREASE,103.14,CH_RETENTION_OUTBOUND,AGT_00146,true,true
RET_0000000864,CUST_00005550,POL_000008880,2023-09-15,2023-09-15T11:00:00+00:00,CALLBACK,PREMIUM_INCREASE,178.86,CH_RETENTION_OUTBOUND,AGT_00153,true,true
RET_0000000865,CUST_00005551,POL_000008881,2025-08-26,2025-08-26T08:00:00+00:00,DISCOUNT,PREMIUM_INCREASE,168.9,CH_RETENTION_OUTBOUND,AGT_00013,false,false
RET_0000000866,CUST_00005569,POL_000008908,2024-08-24,2024-08-24T14:00:00+00:00,CALLBACK,PREMIUM_INCREASE,69.86,CH_RETENTION_OUTBOUND,AGT_00048,false,false
RET_0000000867,CUST_00005571,POL_000008910,2025-07-23,2025-07-23T19:00:00+00:00,DISCOUNT,LOW_ENGAGEMENT,34.71,CH_RETENTION_OUTBOUND,AGT_00041,true,true
RET_0000000868,CUST_00005576,POL_000008918,2023-03-08,2023-03-08T11:00:00+00:00,DISCOUNT,COMPLAINT,69.3,CH_RETENTION_OUTBOUND,AGT_00097,true,true
RET_0000000869,CUST_00005586,POL_000008932,2025-07-30,2025-07-30T10:00:00+00:00,DISCOUNT,LOW_ENGAGEMENT,76.57,CH_RETENTION_OUTBOUND,AGT_00048,false,false
RET_0000000870,CUST_00005589,POL_000008938,2026-06-24,2026-06-24T16:00:00+00:00,PAYMENT_PLAN,HIGH_VALUE_SAVE,60.39,CH_RETENTION_OUTBOUND,AGT_00111,true,true
RET_0000000871,CUST_00005598,POL_000008957,2026-03-12,2026-03-12T14:00:00+00:00,CALLBACK,RENEWAL_RISK,79.11,CH_RETENTION_OUTBOUND,AGT_00062,false,false
RET_0000000872,CUST_00005613,POL_000008991,2026-05-05,2026-05-05T13:00:00+00:00,PAYMENT_PLAN,COMPLAINT,33.46,CH_RETENTION_OUTBOUND,AGT_00034,true,true
RET_0000000873,CUST_00005627,POL_000009014,2024-01-18,2024-01-18T16:00:00+00:00,DISCOUNT,HIGH_VALUE_SAVE,59.65,CH_RETENTION_OUTBOUND,AGT_00146,true,true
RET_0000000874,CUST_00005631,POL_000009020,2026-06-13,2026-06-13T10:00:00+00:00,CALLBACK,PAYMENT_INCIDENT,28.36,CH_RETENTION_OUTBOUND,AGT_00034,false,false
RET_0000000875,CUST_00005634,POL_000009024,2025-03-26,2025-03-26T13:00:00+00:00,CALLBACK,RENEWAL_RISK,17.67,CH_RETENTION_OUTBOUND,AGT_00020,false,false
RET_0000000876,CUST_00005635,POL_000009025,2023-09-04,2023-09-04T15:00:00+00:00,DISCOUNT,LOW_ENGAGEMENT,32.57,CH_RETENTION_OUTBOUND,AGT_00104,false,false
RET_0000000877,CUST_00005639,POL_000009031,2025-12-17,2025-12-17T19:00:00+00:00,DISCOUNT,COMPLAINT,16.31,CH_RETENTION_OUTBOUND,AGT_00020,false,false
RET_0000000878,CUST_00005640,POL_000009032,2026-05-15,2026-05-15T14:00:00+00:00,DISCOUNT,PREMIUM_INCREASE,208.55,CH_RETENTION_OUTBOUND,AGT_00125,false,false
RET_0000000879,CUST_00005644,POL_000009041,2026-05-15,2026-05-15T15:00:00+00:00,LOYALTY_BONUS,PREMIUM_INCREASE,28.67,CH_RETENTION_OUTBOUND,AGT_00167,false,false
RET_0000000880,CUST_00005647,POL_000009046,2026-04-25,2026-04-25T18:00:00+00:00,LOYALTY_BONUS,COMPLAINT,11.11,CH_RETENTION_OUTBOUND,AGT_00006,false,false
RET_0000000881,CUST_00005659,POL_000009067,2023-02-19,2023-02-19T18:00:00+00:00,CALLBACK,HIGH_VALUE_SAVE,89.33,CH_RETENTION_OUTBOUND,AGT_00041,false,false
RET_0000000882,CUST_00005661,POL_000009069,2023-10-11,2023-10-11T13:00:00+00:00,LOYALTY_BONUS,RENEWAL_RISK,28.85,CH_RETENTION_OUTBOUND,AGT_00090,false,false
RET_0000000883,CUST_00005664,POL_000009072,2024-08-18,2024-08-18T08:00:00+00:00,LOYALTY_BONUS,PREMIUM_INCREASE,97.45,CH_RETENTION_OUTBOUND,AGT_00125,true,true
RET_0000000884,CUST_00005668,POL_000009077,2025-09-15,2025-09-15T17:00:00+00:00,DISCOUNT,PREMIUM_INCREASE,44.94,CH_RETENTION_OUTBOUND,AGT_00006,true,true
RET_0000000885,CUST_00005679,POL_000009095,2023-03-16,2023-03-16T14:00:00+00:00,CLAIM_REVIEW,COMPLAINT,7.94,CH_RETENTION_OUTBOUND,AGT_00034,false,false
RET_0000000886,CUST_00005686,POL_000009110,2025-11-14,2025-11-14T17:00:00+00:00,CLAIM_REVIEW,PAYMENT_INCIDENT,67.79,CH_RETENTION_OUTBOUND,AGT_00083,false,false
RET_0000000887,CUST_00005688,POL_000009114,2025-10-05,2025-10-05T08:00:00+00:00,DISCOUNT,COMPLAINT,135.86,CH_RETENTION_OUTBOUND,AGT_00020,true,false
RET_0000000888,CUST_00005693,POL_000009120,2026-06-26,2026-06-26T11:00:00+00:00,CALLBACK,PREMIUM_INCREASE,11.03,CH_RETENTION_OUTBOUND,AGT_00097,false,false
RET_0000000889,CUST_00005700,POL_000009137,2025-11-27,2025-11-27T12:00:00+00:00,CALLBACK,COMPLAINT,68.14,CH_RETENTION_OUTBOUND,AGT_00104,true,true
RET_0000000890,CUST_00005704,POL_000009141,2026-05-23,2026-05-23T18:00:00+00:00,PAYMENT_PLAN,PAYMENT_INCIDENT,15.29,CH_RETENTION_OUTBOUND,AGT_00062,false,false
RET_0000000891,CUST_00005712,POL_000009153,2022-12-09,2022-12-09T16:00:00+00:00,CALLBACK,PAYMENT_INCIDENT,57.61,CH_RETENTION_OUTBOUND,AGT_00062,false,false
RET_0000000892,CUST_00005714,POL_000009158,2026-04-30,2026-04-30T12:00:00+00:00,CALLBACK,PAYMENT_INCIDENT,151.66,CH_RETENTION_OUTBOUND,AGT_00048,false,false
RET_0000000893,CUST_00005716,POL_000009160,2025-02-07,2025-02-07T09:00:00+00:00,CALLBACK,PREMIUM_INCREASE,41.55,CH_RETENTION_OUTBOUND,AGT_00090,false,false
RET_0000000894,CUST_00005721,POL_000009168,2026-06-05,2026-06-05T12:00:00+00:00,CALLBACK,PREMIUM_INCREASE,83.03,CH_RETENTION_OUTBOUND,AGT_00090,true,true
RET_0000000895,CUST_00005728,POL_000009181,2025-11-14,2025-11-14T17:00:00+00:00,CALLBACK,RENEWAL_RISK,12.56,CH_RETENTION_OUTBOUND,AGT_00097,false,false
RET_0000000896,CUST_00005735,POL_000009192,2025-12-23,2025-12-23T13:00:00+00:00,DISCOUNT,LOW_ENGAGEMENT,42.53,CH_RETENTION_OUTBOUND,AGT_00097,false,false
RET_0000000897,CUST_00005749,POL_000009213,2025-11-04,2025-11-04T08:00:00+00:00,LOYALTY_BONUS,COMPLAINT,44.48,CH_RETENTION_OUTBOUND,AGT_00104,false,false
RET_0000000898,CUST_00005762,POL_000009232,2024-09-06,2024-09-06T11:00:00+00:00,LOYALTY_BONUS,LOW_ENGAGEMENT,77.13,CH_RETENTION_OUTBOUND,AGT_00111,true,true
RET_0000000899,CUST_00005766,POL_000009241,2025-10-20,2025-10-20T08:00:00+00:00,DISCOUNT,HIGH_VALUE_SAVE,38.08,CH_RETENTION_OUTBOUND,AGT_00076,false,false
RET_0000000900,CUST_00005778,POL_000009265,2023-01-27,2023-01-27T09:00:00+00:00,PAYMENT_PLAN,PAYMENT_INCIDENT,18.15,CH_RETENTION_OUTBOUND,AGT_00118,false,false
RET_0000000901,CUST_00005783,POL_000009277,2025-07-27,2025-07-27T15:00:00+00:00,CALLBACK,RENEWAL_RISK,175.73,CH_RETENTION_OUTBOUND,AGT_00076,false,false
RET_0000000902,CUST_00005784,POL_000009278,2026-05-03,2026-05-03T13:00:00+00:00,DISCOUNT,PREMIUM_INCREASE,12.34,CH_RETENTION_OUTBOUND,AGT_00118,true,true
RET_0000000903,CUST_00005786,POL_000009281,2023-02-17,2023-02-17T08:00:00+00:00,CLAIM_REVIEW,PAYMENT_INCIDENT,44.74,CH_RETENTION_OUTBOUND,AGT_00055,false,false
RET_0000000904,CUST_00005793,POL_000009293,2026-03-18,2026-03-18T19:00:00+00:00,CALLBACK,COMPLAINT,120.35,CH_RETENTION_OUTBOUND,AGT_00041,false,false
RET_0000000905,CUST_00005810,POL_000009321,2026-02-27,2026-02-27T13:00:00+00:00,PAYMENT_PLAN,RENEWAL_RISK,19.48,CH_RETENTION_OUTBOUND,AGT_00041,false,false
RET_0000000906,CUST_00005818,POL_000009333,2023-09-14,2023-09-14T13:00:00+00:00,CALLBACK,PREMIUM_INCREASE,38.1,CH_RETENTION_OUTBOUND,AGT_00048,true,true
RET_0000000907,CUST_00005821,POL_000009339,2026-01-13,2026-01-13T11:00:00+00:00,LOYALTY_BONUS,HIGH_VALUE_SAVE,190.17,CH_RETENTION_OUTBOUND,AGT_00153,true,true
RET_0000000908,CUST_00005822,POL_000009340,2025-11-07,2025-11-07T17:00:00+00:00,DISCOUNT,COMPLAINT,48.84,CH_RETENTION_OUTBOUND,AGT_00069,false,false
RET_0000000909,CUST_00005829,POL_000009350,2026-04-27,2026-04-27T19:00:00+00:00,CALLBACK,RENEWAL_RISK,162.23,CH_RETENTION_OUTBOUND,AGT_00069,true,true
RET_0000000910,CUST_00005837,POL_000009361,2026-06-14,2026-06-14T08:00:00+00:00,CALLBACK,LOW_ENGAGEMENT,259.54,CH_RETENTION_OUTBOUND,AGT_00118,false,false
RET_0000000911,CUST_00005846,POL_000009375,2026-06-10,2026-06-10T08:00:00+00:00,DISCOUNT,RENEWAL_RISK,55.66,CH_RETENTION_OUTBOUND,AGT_00111,true,true
RET_0000000912,CUST_00005850,POL_000009381,2024-06-28,2024-06-28T11:00:00+00:00,LOYALTY_BONUS,PREMIUM_INCREASE,56.96,CH_RETENTION_OUTBOUND,AGT_00006,true,true
RET_0000000913,CUST_00005855,POL_000009393,2023-12-14,2023-12-14T12:00:00+00:00,LOYALTY_BONUS,HIGH_VALUE_SAVE,17.96,CH_RETENTION_OUTBOUND,AGT_00083,false,false
RET_0000000914,CUST_00005861,POL_000009405,2025-07-20,2025-07-20T10:00:00+00:00,DISCOUNT,PREMIUM_INCREASE,88.4,CH_RETENTION_OUTBOUND,AGT_00090,true,true
RET_0000000915,CUST_00005863,POL_000009407,2026-02-26,2026-02-26T17:00:00+00:00,LOYALTY_BONUS,LOW_ENGAGEMENT,14.89,CH_RETENTION_OUTBOUND,AGT_00118,true,true
RET_0000000916,CUST_00005868,POL_000009414,2026-05-01,2026-05-01T09:00:00+00:00,PAYMENT_PLAN,COMPLAINT,122.31,CH_RETENTION_OUTBOUND,AGT_00125,true,true
RET_0000000917,CUST_00005872,POL_000009419,2025-10-25,2025-10-25T12:00:00+00:00,CALLBACK,COMPLAINT,86.38,CH_RETENTION_OUTBOUND,AGT_00034,false,false
RET_0000000918,CUST_00005874,POL_000009421,2025-10-06,2025-10-06T18:00:00+00:00,CALLBACK,HIGH_VALUE_SAVE,15.88,CH_RETENTION_OUTBOUND,AGT_00146,true,true
RET_0000000919,CUST_00005875,POL_000009422,2026-06-27,2026-06-27T19:00:00+00:00,PAYMENT_PLAN,PREMIUM_INCREASE,71.61,CH_RETENTION_OUTBOUND,AGT_00097,false,false
RET_0000000920,CUST_00005876,POL_000009423,2025-07-10,2025-07-10T12:00:00+00:00,PAYMENT_PLAN,PREMIUM_INCREASE,75.2,CH_RETENTION_OUTBOUND,AGT_00041,false,false
RET_0000000921,CUST_00005877,POL_000009425,2025-01-19,2025-01-19T19:00:00+00:00,CALLBACK,PAYMENT_INCIDENT,20.21,CH_RETENTION_OUTBOUND,AGT_00013,true,true
RET_0000000922,CUST_00005885,POL_000009436,2023-10-15,2023-10-15T13:00:00+00:00,LOYALTY_BONUS,PREMIUM_INCREASE,23.14,CH_RETENTION_OUTBOUND,AGT_00111,false,false
RET_0000000923,CUST_00005887,POL_000009439,2026-06-30,2026-06-30T19:00:00+00:00,CLAIM_REVIEW,COMPLAINT,33.47,CH_RETENTION_OUTBOUND,AGT_00153,false,false
RET_0000000924,CUST_00005894,POL_000009450,2025-01-04,2025-01-04T13:00:00+00:00,LOYALTY_BONUS,PREMIUM_INCREASE,14.36,CH_RETENTION_OUTBOUND,AGT_00139,true,true
RET_0000000925,CUST_00005895,POL_000009452,2026-03-08,2026-03-08T10:00:00+00:00,CLAIM_REVIEW,RENEWAL_RISK,16.07,CH_RETENTION_OUTBOUND,AGT_00097,true,true
RET_0000000926,CUST_00005901,POL_000009461,2025-01-22,2025-01-22T16:00:00+00:00,DISCOUNT,HIGH_VALUE_SAVE,105.25,CH_RETENTION_OUTBOUND,AGT_00118,true,true
RET_0000000927,CUST_00005903,POL_000009467,2024-11-17,2024-11-17T10:00:00+00:00,PAYMENT_PLAN,PREMIUM_INCREASE,121.16,CH_RETENTION_OUTBOUND,AGT_00013,false,false
RET_0000000928,CUST_00005908,POL_000009479,2025-06-24,2025-06-24T16:00:00+00:00,DISCOUNT,PAYMENT_INCIDENT,70.44,CH_RETENTION_OUTBOUND,AGT_00062,false,false
RET_0000000929,CUST_00005911,POL_000009486,2026-01-24,2026-01-24T18:00:00+00:00,DISCOUNT,COMPLAINT,40.0,CH_RETENTION_OUTBOUND,AGT_00013,false,false
RET_0000000930,CUST_00005916,POL_000009492,2025-03-14,2025-03-14T08:00:00+00:00,LOYALTY_BONUS,RENEWAL_RISK,23.14,CH_RETENTION_OUTBOUND,AGT_00069,false,false
RET_0000000931,CUST_00005917,POL_000009494,2023-12-06,2023-12-06T19:00:00+00:00,PAYMENT_PLAN,PAYMENT_INCIDENT,25.03,CH_RETENTION_OUTBOUND,AGT_00034,true,true
RET_0000000932,CUST_00005927,POL_000009511,2026-04-12,2026-04-12T15:00:00+00:00,DISCOUNT,PREMIUM_INCREASE,21.6,CH_RETENTION_OUTBOUND,AGT_00090,false,false
RET_0000000933,CUST_00005957,POL_000009555,2025-07-30,2025-07-30T18:00:00+00:00,DISCOUNT,PAYMENT_INCIDENT,102.76,CH_RETENTION_OUTBOUND,AGT_00020,false,false
RET_0000000934,CUST_00005963,POL_000009565,2024-10-30,2024-10-30T17:00:00+00:00,DISCOUNT,PAYMENT_INCIDENT,31.16,CH_RETENTION_OUTBOUND,AGT_00083,false,false
RET_0000000935,CUST_00005967,POL_000009571,2026-01-22,2026-01-22T10:00:00+00:00,CLAIM_REVIEW,LOW_ENGAGEMENT,17.19,CH_RETENTION_OUTBOUND,AGT_00034,true,true
RET_0000000936,CUST_00005968,POL_000009572,2026-06-01,2026-06-01T17:00:00+00:00,CALLBACK,RENEWAL_RISK,115.48,CH_RETENTION_OUTBOUND,AGT_00118,false,false
RET_0000000937,CUST_00005980,POL_000009596,2026-02-18,2026-02-18T11:00:00+00:00,DISCOUNT,PAYMENT_INCIDENT,22.73,CH_RETENTION_OUTBOUND,AGT_00104,true,true
RET_0000000938,CUST_00006006,POL_000009635,2025-05-09,2025-05-09T14:00:00+00:00,CALLBACK,HIGH_VALUE_SAVE,19.29,CH_RETENTION_OUTBOUND,AGT_00132,false,false
RET_0000000939,CUST_00006009,POL_000009638,2025-04-25,2025-04-25T09:00:00+00:00,LOYALTY_BONUS,RENEWAL_RISK,15.28,CH_RETENTION_OUTBOUND,AGT_00069,true,true
RET_0000000940,CUST_00006011,POL_000009642,2022-02-04,2022-02-04T16:00:00+00:00,DISCOUNT,COMPLAINT,15.71,CH_RETENTION_OUTBOUND,AGT_00006,false,false
RET_0000000941,CUST_00006012,POL_000009643,2025-06-09,2025-06-09T15:00:00+00:00,CALLBACK,PAYMENT_INCIDENT,19.07,CH_RETENTION_OUTBOUND,AGT_00167,true,true
RET_0000000942,CUST_00006014,POL_000009645,2025-01-05,2025-01-05T14:00:00+00:00,DISCOUNT,PREMIUM_INCREASE,133.0,CH_RETENTION_OUTBOUND,AGT_00118,false,false
RET_0000000943,CUST_00006015,POL_000009648,2022-01-06,2022-01-06T14:00:00+00:00,LOYALTY_BONUS,PAYMENT_INCIDENT,50.21,CH_RETENTION_OUTBOUND,AGT_00132,false,false
RET_0000000944,CUST_00006021,POL_000009656,2025-07-13,2025-07-13T16:00:00+00:00,DISCOUNT,HIGH_VALUE_SAVE,20.12,CH_RETENTION_OUTBOUND,AGT_00062,false,false
RET_0000000945,CUST_00006024,POL_000009662,2025-10-02,2025-10-02T13:00:00+00:00,LOYALTY_BONUS,RENEWAL_RISK,96.19,CH_RETENTION_OUTBOUND,AGT_00006,true,true
RET_0000000946,CUST_00006026,POL_000009666,2025-05-16,2025-05-16T15:00:00+00:00,LOYALTY_BONUS,PREMIUM_INCREASE,26.19,CH_RETENTION_OUTBOUND,AGT_00013,true,true
RET_0000000947,CUST_00006028,POL_000009670,2023-03-23,2023-03-23T16:00:00+00:00,DISCOUNT,PREMIUM_INCREASE,31.24,CH_RETENTION_OUTBOUND,AGT_00118,true,true
RET_0000000948,CUST_00006031,POL_000009679,2025-07-02,2025-07-02T13:00:00+00:00,DISCOUNT,PREMIUM_INCREASE,92.01,CH_RETENTION_OUTBOUND,AGT_00139,false,false
RET_0000000949,CUST_00006041,POL_000009690,2025-08-26,2025-08-26T15:00:00+00:00,CALLBACK,PREMIUM_INCREASE,5.01,CH_RETENTION_OUTBOUND,AGT_00041,false,false
RET_0000000950,CUST_00006054,POL_000009711,2025-11-25,2025-11-25T13:00:00+00:00,PAYMENT_PLAN,LOW_ENGAGEMENT,110.52,CH_RETENTION_OUTBOUND,AGT_00062,false,false
RET_0000000951,CUST_00006058,POL_000009716,2025-09-14,2025-09-14T15:00:00+00:00,DISCOUNT,RENEWAL_RISK,136.92,CH_RETENTION_OUTBOUND,AGT_00013,false,false
RET_0000000952,CUST_00006059,POL_000009717,2025-10-28,2025-10-28T13:00:00+00:00,CALLBACK,PREMIUM_INCREASE,136.58,CH_RETENTION_OUTBOUND,AGT_00041,true,false
RET_0000000953,CUST_00006060,POL_000009719,2025-06-28,2025-06-28T14:00:00+00:00,LOYALTY_BONUS,PAYMENT_INCIDENT,232.6,CH_RETENTION_OUTBOUND,AGT_00111,false,false
RET_0000000954,CUST_00006079,POL_000009750,2025-06-07,2025-06-07T19:00:00+00:00,CALLBACK,LOW_ENGAGEMENT,115.15,CH_RETENTION_OUTBOUND,AGT_00062,true,true
RET_0000000955,CUST_00006080,POL_000009751,2025-08-24,2025-08-24T15:00:00+00:00,CALLBACK,COMPLAINT,187.51,CH_RETENTION_OUTBOUND,AGT_00041,false,false
RET_0000000956,CUST_00006089,POL_000009765,2026-05-21,2026-05-21T10:00:00+00:00,DISCOUNT,LOW_ENGAGEMENT,24.78,CH_RETENTION_OUTBOUND,AGT_00020,false,false
RET_0000000957,CUST_00006094,POL_000009772,2026-01-19,2026-01-19T16:00:00+00:00,LOYALTY_BONUS,RENEWAL_RISK,47.25,CH_RETENTION_OUTBOUND,AGT_00006,true,true
RET_0000000958,CUST_00006105,POL_000009792,2025-05-09,2025-05-09T12:00:00+00:00,DISCOUNT,COMPLAINT,59.5,CH_RETENTION_OUTBOUND,AGT_00083,true,true
RET_0000000959,CUST_00006110,POL_000009800,2025-09-12,2025-09-12T16:00:00+00:00,DISCOUNT,LOW_ENGAGEMENT,155.22,CH_RETENTION_OUTBOUND,AGT_00132,false,false
RET_0000000960,CUST_00006124,POL_000009819,2024-02-01,2024-02-01T12:00:00+00:00,DISCOUNT,PREMIUM_INCREASE,59.35,CH_RETENTION_OUTBOUND,AGT_00027,true,true
RET_0000000961,CUST_00006128,POL_000009826,2025-12-20,2025-12-20T17:00:00+00:00,CALLBACK,PREMIUM_INCREASE,70.81,CH_RETENTION_OUTBOUND,AGT_00076,false,false
RET_0000000962,CUST_00006130,POL_000009831,2025-05-28,2025-05-28T13:00:00+00:00,CALLBACK,PREMIUM_INCREASE,28.4,CH_RETENTION_OUTBOUND,AGT_00132,true,true
RET_0000000963,CUST_00006132,POL_000009834,2026-06-14,2026-06-14T14:00:00+00:00,PAYMENT_PLAN,LOW_ENGAGEMENT,21.49,CH_RETENTION_OUTBOUND,AGT_00167,false,false
RET_0000000964,CUST_00006136,POL_000009841,2024-03-04,2024-03-04T08:00:00+00:00,CALLBACK,RENEWAL_RISK,34.33,CH_RETENTION_OUTBOUND,AGT_00118,false,false
RET_0000000965,CUST_00006139,POL_000009844,2025-07-25,2025-07-25T11:00:00+00:00,CALLBACK,PREMIUM_INCREASE,82.1,CH_RETENTION_OUTBOUND,AGT_00104,false,false
RET_0000000966,CUST_00006142,POL_000009848,2025-10-11,2025-10-11T12:00:00+00:00,DISCOUNT,PAYMENT_INCIDENT,21.48,CH_RETENTION_OUTBOUND,AGT_00132,true,true
RET_0000000967,CUST_00006143,POL_000009849,2025-05-05,2025-05-05T16:00:00+00:00,CLAIM_REVIEW,RENEWAL_RISK,88.26,CH_RETENTION_OUTBOUND,AGT_00034,false,false
RET_0000000968,CUST_00006148,POL_000009857,2025-05-04,2025-05-04T19:00:00+00:00,LOYALTY_BONUS,LOW_ENGAGEMENT,20.22,CH_RETENTION_OUTBOUND,AGT_00132,false,false
RET_0000000969,CUST_00006169,POL_000009890,2025-03-26,2025-03-26T15:00:00+00:00,CALLBACK,PREMIUM_INCREASE,6.71,CH_RETENTION_OUTBOUND,AGT_00041,false,false
RET_0000000970,CUST_00006187,POL_000009919,2026-06-04,2026-06-04T19:00:00+00:00,DISCOUNT,PAYMENT_INCIDENT,12.58,CH_RETENTION_OUTBOUND,AGT_00006,false,false
RET_0000000971,CUST_00006190,POL_000009922,2025-03-16,2025-03-16T11:00:00+00:00,DISCOUNT,COMPLAINT,81.83,CH_RETENTION_OUTBOUND,AGT_00139,false,false
RET_0000000972,CUST_00006192,POL_000009924,2025-11-26,2025-11-26T19:00:00+00:00,PAYMENT_PLAN,HIGH_VALUE_SAVE,48.78,CH_RETENTION_OUTBOUND,AGT_00013,true,false
RET_0000000973,CUST_00006193,POL_000009925,2024-10-26,2024-10-26T18:00:00+00:00,CLAIM_REVIEW,COMPLAINT,130.8,CH_RETENTION_OUTBOUND,AGT_00013,true,true
RET_0000000974,CUST_00006197,POL_000009931,2026-06-03,2026-06-03T14:00:00+00:00,DISCOUNT,RENEWAL_RISK,96.64,CH_RETENTION_OUTBOUND,AGT_00006,false,false
RET_0000000975,CUST_00006206,POL_000009942,2026-01-03,2026-01-03T11:00:00+00:00,PAYMENT_PLAN,PREMIUM_INCREASE,26.41,CH_RETENTION_OUTBOUND,AGT_00069,false,false
RET_0000000976,CUST_00006207,POL_000009944,2025-12-22,2025-12-22T14:00:00+00:00,PAYMENT_PLAN,PREMIUM_INCREASE,91.11,CH_RETENTION_OUTBOUND,AGT_00083,false,false
RET_0000000977,CUST_00006208,POL_000009945,2024-05-19,2024-05-19T16:00:00+00:00,DISCOUNT,PREMIUM_INCREASE,38.64,CH_RETENTION_OUTBOUND,AGT_00013,false,false
RET_0000000978,CUST_00006211,POL_000009949,2025-12-16,2025-12-16T08:00:00+00:00,DISCOUNT,COMPLAINT,13.98,CH_RETENTION_OUTBOUND,AGT_00020,true,true
RET_0000000979,CUST_00006221,POL_000009967,2026-03-24,2026-03-24T19:00:00+00:00,DISCOUNT,LOW_ENGAGEMENT,33.57,CH_RETENTION_OUTBOUND,AGT_00090,false,false
RET_0000000980,CUST_00006252,POL_000010013,2026-04-06,2026-04-06T09:00:00+00:00,PAYMENT_PLAN,PREMIUM_INCREASE,113.05,CH_RETENTION_OUTBOUND,AGT_00139,false,false
RET_0000000981,CUST_00006253,POL_000010015,2025-11-20,2025-11-20T10:00:00+00:00,PAYMENT_PLAN,RENEWAL_RISK,40.24,CH_RETENTION_OUTBOUND,AGT_00111,false,false
RET_0000000982,CUST_00006255,POL_000010019,2022-01-31,2022-01-31T10:00:00+00:00,PAYMENT_PLAN,COMPLAINT,82.85,CH_RETENTION_OUTBOUND,AGT_00153,false,false
RET_0000000983,CUST_00006257,POL_000010021,2024-11-29,2024-11-29T11:00:00+00:00,DISCOUNT,COMPLAINT,20.24,CH_RETENTION_OUTBOUND,AGT_00083,false,false
RET_0000000984,CUST_00006260,POL_000010026,2026-01-24,2026-01-24T14:00:00+00:00,CLAIM_REVIEW,PAYMENT_INCIDENT,90.95,CH_RETENTION_OUTBOUND,AGT_00062,false,false
RET_0000000985,CUST_00006263,POL_000010032,2025-05-22,2025-05-22T12:00:00+00:00,CALLBACK,PREMIUM_INCREASE,134.75,CH_RETENTION_OUTBOUND,AGT_00055,true,true
RET_0000000986,CUST_00006264,POL_000010033,2024-08-10,2024-08-10T08:00:00+00:00,DISCOUNT,PREMIUM_INCREASE,87.14,CH_RETENTION_OUTBOUND,AGT_00097,true,true
RET_0000000987,CUST_00006268,POL_000010039,2024-11-09,2024-11-09T14:00:00+00:00,CALLBACK,PAYMENT_INCIDENT,79.64,CH_RETENTION_OUTBOUND,AGT_00083,true,true
RET_0000000988,CUST_00006277,POL_000010052,2024-06-02,2024-06-02T18:00:00+00:00,DISCOUNT,PREMIUM_INCREASE,25.86,CH_RETENTION_OUTBOUND,AGT_00111,false,false
RET_0000000989,CUST_00006289,POL_000010068,2024-05-18,2024-05-18T10:00:00+00:00,DISCOUNT,PAYMENT_INCIDENT,39.58,CH_RETENTION_OUTBOUND,AGT_00062,false,false
RET_0000000990,CUST_00006292,POL_000010072,2026-05-09,2026-05-09T11:00:00+00:00,LOYALTY_BONUS,PREMIUM_INCREASE,24.42,CH_RETENTION_OUTBOUND,AGT_00139,false,false
RET_0000000991,CUST_00006298,POL_000010083,2026-05-12,2026-05-12T09:00:00+00:00,DISCOUNT,LOW_ENGAGEMENT,22.31,CH_RETENTION_OUTBOUND,AGT_00020,false,false
RET_0000000992,CUST_00006305,POL_000010093,2022-02-12,2022-02-12T19:00:00+00:00,DISCOUNT,RENEWAL_RISK,32.24,CH_RETENTION_OUTBOUND,AGT_00076,false,false
RET_0000000993,CUST_00006308,POL_000010098,2024-09-10,2024-09-10T15:00:00+00:00,PAYMENT_PLAN,HIGH_VALUE_SAVE,26.39,CH_RETENTION_OUTBOUND,AGT_00006,false,false
RET_0000000994,CUST_00006310,POL_000010100,2026-01-16,2026-01-16T11:00:00+00:00,CLAIM_REVIEW,PREMIUM_INCREASE,81.54,CH_RETENTION_OUTBOUND,AGT_00027,false,false
RET_0000000995,CUST_00006317,POL_000010110,2024-09-10,2024-09-10T14:00:00+00:00,CALLBACK,LOW_ENGAGEMENT,78.66,CH_RETENTION_OUTBOUND,AGT_00167,false,false
RET_0000000996,CUST_00006320,POL_000010115,2026-04-30,2026-04-30T16:00:00+00:00,PAYMENT_PLAN,PAYMENT_INCIDENT,34.23,CH_RETENTION_OUTBOUND,AGT_00055,false,false
RET_0000000997,CUST_00006323,POL_000010119,2024-04-27,2024-04-27T13:00:00+00:00,PAYMENT_PLAN,LOW_ENGAGEMENT,70.91,CH_RETENTION_OUTBOUND,AGT_00146,true,true
RET_0000000998,CUST_00006329,POL_000010127,2026-02-22,2026-02-22T15:00:00+00:00,DISCOUNT,PREMIUM_INCREASE,8.55,CH_RETENTION_OUTBOUND,AGT_00027,true,true
RET_0000000999,CUST_00006335,POL_000010134,2025-09-23,2025-09-23T15:00:00+00:00,LOYALTY_BONUS,COMPLAINT,18.59,CH_RETENTION_OUTBOUND,AGT_00104,true,true
RET_0000001000,CUST_00006337,POL_000010137,2022-11-30,2022-11-30T10:00:00+00:00,CALLBACK,PAYMENT_INCIDENT,75.58,CH_RETENTION_OUTBOUND,AGT_00041,false,false
RET_0000001001,CUST_00006345,POL_000010148,2025-05-23,2025-05-23T08:00:00+00:00,CALLBACK,RENEWAL_RISK,79.0,CH_RETENTION_OUTBOUND,AGT_00020,false,false
RET_0000001002,CUST_00006358,POL_000010167,2024-07-10,2024-07-10T11:00:00+00:00,CALLBACK,PREMIUM_INCREASE,12.7,CH_RETENTION_OUTBOUND,AGT_00125,false,false
RET_0000001003,CUST_00006362,POL_000010175,2024-03-13,2024-03-13T14:00:00+00:00,DISCOUNT,PREMIUM_INCREASE,17.86,CH_RETENTION_OUTBOUND,AGT_00118,false,false
RET_0000001004,CUST_00006365,POL_000010178,2025-07-09,2025-07-09T16:00:00+00:00,DISCOUNT,PREMIUM_INCREASE,194.65,CH_RETENTION_OUTBOUND,AGT_00055,false,false
RET_0000001005,CUST_00006366,POL_000010180,2024-05-20,2024-05-20T12:00:00+00:00,DISCOUNT,PAYMENT_INCIDENT,74.1,CH_RETENTION_OUTBOUND,AGT_00055,false,false
RET_0000001006,CUST_00006388,POL_000010216,2024-12-25,2024-12-25T14:00:00+00:00,CLAIM_REVIEW,PAYMENT_INCIDENT,105.5,CH_RETENTION_OUTBOUND,AGT_00069,true,true
RET_0000001007,CUST_00006414,POL_000010253,2024-01-29,2024-01-29T11:00:00+00:00,CLAIM_REVIEW,PREMIUM_INCREASE,44.73,CH_RETENTION_OUTBOUND,AGT_00153,false,false
RET_0000001008,CUST_00006417,POL_000010257,2024-10-22,2024-10-22T17:00:00+00:00,CALLBACK,PREMIUM_INCREASE,47.2,CH_RETENTION_OUTBOUND,AGT_00069,false,false
RET_0000001009,CUST_00006420,POL_000010260,2025-07-05,2025-07-05T12:00:00+00:00,CALLBACK,COMPLAINT,36.53,CH_RETENTION_OUTBOUND,AGT_00062,true,false
RET_0000001010,CUST_00006425,POL_000010272,2025-07-25,2025-07-25T15:00:00+00:00,DISCOUNT,PAYMENT_INCIDENT,4.81,CH_RETENTION_OUTBOUND,AGT_00041,false,false
RET_0000001011,CUST_00006456,POL_000010319,2024-01-23,2024-01-23T12:00:00+00:00,DISCOUNT,LOW_ENGAGEMENT,31.18,CH_RETENTION_OUTBOUND,AGT_00118,false,false
RET_0000001012,CUST_00006465,POL_000010335,2026-05-13,2026-05-13T10:00:00+00:00,PAYMENT_PLAN,LOW_ENGAGEMENT,143.48,CH_RETENTION_OUTBOUND,AGT_00097,false,false
RET_0000001013,CUST_00006483,POL_000010365,2023-09-27,2023-09-27T16:00:00+00:00,DISCOUNT,PREMIUM_INCREASE,85.17,CH_RETENTION_OUTBOUND,AGT_00041,false,false
RET_0000001014,CUST_00006492,POL_000010378,2025-12-03,2025-12-03T13:00:00+00:00,PAYMENT_PLAN,PREMIUM_INCREASE,49.2,CH_RETENTION_OUTBOUND,AGT_00146,true,true
RET_0000001015,CUST_00006504,POL_000010394,2026-01-18,2026-01-18T10:00:00+00:00,DISCOUNT,PAYMENT_INCIDENT,16.67,CH_RETENTION_OUTBOUND,AGT_00062,false,false
RET_0000001016,CUST_00006511,POL_000010402,2026-03-05,2026-03-05T13:00:00+00:00,DISCOUNT,RENEWAL_RISK,141.51,CH_RETENTION_OUTBOUND,AGT_00048,true,true
RET_0000001017,CUST_00006515,POL_000010408,2025-04-29,2025-04-29T18:00:00+00:00,PAYMENT_PLAN,COMPLAINT,42.39,CH_RETENTION_OUTBOUND,AGT_00062,false,false
RET_0000001018,CUST_00006516,POL_000010409,2025-11-23,2025-11-23T10:00:00+00:00,CALLBACK,PREMIUM_INCREASE,70.5,CH_RETENTION_OUTBOUND,AGT_00055,false,false
RET_0000001019,CUST_00006522,POL_000010417,2025-05-27,2025-05-27T17:00:00+00:00,PAYMENT_PLAN,RENEWAL_RISK,62.57,CH_RETENTION_OUTBOUND,AGT_00076,false,false
RET_0000001020,CUST_00006526,POL_000010424,2026-03-24,2026-03-24T17:00:00+00:00,DISCOUNT,PREMIUM_INCREASE,80.21,CH_RETENTION_OUTBOUND,AGT_00118,true,true
RET_0000001021,CUST_00006534,POL_000010441,2025-02-01,2025-02-01T19:00:00+00:00,CLAIM_REVIEW,RENEWAL_RISK,12.83,CH_RETENTION_OUTBOUND,AGT_00041,true,true
RET_0000001022,CUST_00006536,POL_000010444,2026-04-18,2026-04-18T09:00:00+00:00,DISCOUNT,RENEWAL_RISK,27.93,CH_RETENTION_OUTBOUND,AGT_00041,true,false
RET_0000001023,CUST_00006549,POL_000010460,2023-04-29,2023-04-29T10:00:00+00:00,DISCOUNT,PREMIUM_INCREASE,15.7,CH_RETENTION_OUTBOUND,AGT_00118,false,false
RET_0000001024,CUST_00006555,POL_000010470,2025-12-05,2025-12-05T18:00:00+00:00,LOYALTY_BONUS,RENEWAL_RISK,54.73,CH_RETENTION_OUTBOUND,AGT_00083,false,false
RET_0000001025,CUST_00006556,POL_000010472,2023-06-26,2023-06-26T19:00:00+00:00,CLAIM_REVIEW,LOW_ENGAGEMENT,33.25,CH_RETENTION_OUTBOUND,AGT_00013,false,false
RET_0000001026,CUST_00006564,POL_000010484,2024-12-17,2024-12-17T08:00:00+00:00,LOYALTY_BONUS,COMPLAINT,128.23,CH_RETENTION_OUTBOUND,AGT_00139,true,true
RET_0000001027,CUST_00006590,POL_000010520,2026-02-13,2026-02-13T14:00:00+00:00,PAYMENT_PLAN,LOW_ENGAGEMENT,95.11,CH_RETENTION_OUTBOUND,AGT_00069,false,false
RET_0000001028,CUST_00006611,POL_000010551,2026-01-22,2026-01-22T15:00:00+00:00,DISCOUNT,RENEWAL_RISK,34.74,CH_RETENTION_OUTBOUND,AGT_00041,true,false
RET_0000001029,CUST_00006626,POL_000010577,2025-12-22,2025-12-22T12:00:00+00:00,CLAIM_REVIEW,PREMIUM_INCREASE,39.56,CH_RETENTION_OUTBOUND,AGT_00083,false,false
RET_0000001030,CUST_00006630,POL_000010583,2023-08-28,2023-08-28T09:00:00+00:00,PAYMENT_PLAN,PREMIUM_INCREASE,96.46,CH_RETENTION_OUTBOUND,AGT_00013,false,false
RET_0000001031,CUST_00006641,POL_000010598,2025-06-09,2025-06-09T11:00:00+00:00,CALLBACK,PREMIUM_INCREASE,34.74,CH_RETENTION_OUTBOUND,AGT_00139,true,true
RET_0000001032,CUST_00006646,POL_000010604,2026-05-11,2026-05-11T17:00:00+00:00,PAYMENT_PLAN,RENEWAL_RISK,20.2,CH_RETENTION_OUTBOUND,AGT_00104,true,true
RET_0000001033,CUST_00006666,POL_000010637,2026-04-13,2026-04-13T14:00:00+00:00,DISCOUNT,COMPLAINT,117.79,CH_RETENTION_OUTBOUND,AGT_00048,false,false
RET_0000001034,CUST_00006668,POL_000010640,2025-04-05,2025-04-05T09:00:00+00:00,DISCOUNT,PREMIUM_INCREASE,32.68,CH_RETENTION_OUTBOUND,AGT_00069,false,false
RET_0000001035,CUST_00006670,POL_000010645,2025-10-02,2025-10-02T13:00:00+00:00,CALLBACK,PAYMENT_INCIDENT,40.81,CH_RETENTION_OUTBOUND,AGT_00111,true,true
RET_0000001036,CUST_00006677,POL_000010657,2025-07-12,2025-07-12T19:00:00+00:00,DISCOUNT,RENEWAL_RISK,77.05,CH_RETENTION_OUTBOUND,AGT_00048,true,true
RET_0000001037,CUST_00006679,POL_000010660,2026-05-05,2026-05-05T18:00:00+00:00,CALLBACK,RENEWAL_RISK,230.57,CH_RETENTION_OUTBOUND,AGT_00027,false,false
RET_0000001038,CUST_00006684,POL_000010669,2025-12-02,2025-12-02T13:00:00+00:00,CALLBACK,COMPLAINT,110.9,CH_RETENTION_OUTBOUND,AGT_00013,false,false
RET_0000001039,CUST_00006702,POL_000010695,2026-06-30,2026-06-30T17:00:00+00:00,CLAIM_REVIEW,PREMIUM_INCREASE,96.6,CH_RETENTION_OUTBOUND,AGT_00153,false,false
RET_0000001040,CUST_00006707,POL_000010705,2025-07-19,2025-07-19T16:00:00+00:00,DISCOUNT,PREMIUM_INCREASE,66.31,CH_RETENTION_OUTBOUND,AGT_00083,false,false
RET_0000001041,CUST_00006709,POL_000010707,2025-02-25,2025-02-25T19:00:00+00:00,DISCOUNT,HIGH_VALUE_SAVE,60.43,CH_RETENTION_OUTBOUND,AGT_00125,false,false
RET_0000001042,CUST_00006710,POL_000010709,2025-08-22,2025-08-22T10:00:00+00:00,DISCOUNT,RENEWAL_RISK,51.39,CH_RETENTION_OUTBOUND,AGT_00062,false,false
RET_0000001043,CUST_00006712,POL_000010716,2024-09-25,2024-09-25T15:00:00+00:00,CALLBACK,PREMIUM_INCREASE,22.54,CH_RETENTION_OUTBOUND,AGT_00111,true,true
RET_0000001044,CUST_00006716,POL_000010724,2024-03-11,2024-03-11T12:00:00+00:00,DISCOUNT,PREMIUM_INCREASE,142.84,CH_RETENTION_OUTBOUND,AGT_00048,true,false
RET_0000001045,CUST_00006718,POL_000010727,2026-06-04,2026-06-04T15:00:00+00:00,DISCOUNT,PREMIUM_INCREASE,5.3,CH_RETENTION_OUTBOUND,AGT_00041,false,false
RET_0000001046,CUST_00006721,POL_000010734,2025-06-01,2025-06-01T16:00:00+00:00,CALLBACK,LOW_ENGAGEMENT,21.94,CH_RETENTION_OUTBOUND,AGT_00006,false,false
RET_0000001047,CUST_00006732,POL_000010749,2025-10-09,2025-10-09T09:00:00+00:00,CALLBACK,RENEWAL_RISK,50.12,CH_RETENTION_OUTBOUND,AGT_00013,false,false
RET_0000001048,CUST_00006743,POL_000010767,2024-10-06,2024-10-06T10:00:00+00:00,CLAIM_REVIEW,PREMIUM_INCREASE,18.3,CH_RETENTION_OUTBOUND,AGT_00041,false,false
RET_0000001049,CUST_00006746,POL_000010772,2024-10-24,2024-10-24T08:00:00+00:00,CALLBACK,PAYMENT_INCIDENT,35.51,CH_RETENTION_OUTBOUND,AGT_00139,false,false
RET_0000001050,CUST_00006756,POL_000010792,2025-12-13,2025-12-13T19:00:00+00:00,DISCOUNT,PAYMENT_INCIDENT,25.64,CH_RETENTION_OUTBOUND,AGT_00034,false,false
RET_0000001051,CUST_00006759,POL_000010795,2024-09-10,2024-09-10T12:00:00+00:00,LOYALTY_BONUS,COMPLAINT,17.23,CH_RETENTION_OUTBOUND,AGT_00118,true,true
RET_0000001052,CUST_00006761,POL_000010797,2025-08-10,2025-08-10T16:00:00+00:00,LOYALTY_BONUS,PAYMENT_INCIDENT,8.87,CH_RETENTION_OUTBOUND,AGT_00055,false,false
RET_0000001053,CUST_00006768,POL_000010804,2026-04-16,2026-04-16T16:00:00+00:00,CALLBACK,PAYMENT_INCIDENT,37.86,CH_RETENTION_OUTBOUND,AGT_00048,false,false
RET_0000001054,CUST_00006777,POL_000010817,2025-10-07,2025-10-07T13:00:00+00:00,CLAIM_REVIEW,PREMIUM_INCREASE,240.49,CH_RETENTION_OUTBOUND,AGT_00013,true,true
RET_0000001055,CUST_00006787,POL_000010834,2025-12-08,2025-12-08T08:00:00+00:00,PAYMENT_PLAN,COMPLAINT,30.08,CH_RETENTION_OUTBOUND,AGT_00027,true,true
RET_0000001056,CUST_00006792,POL_000010840,2023-12-29,2023-12-29T18:00:00+00:00,CALLBACK,LOW_ENGAGEMENT,9.96,CH_RETENTION_OUTBOUND,AGT_00006,false,false
RET_0000001057,CUST_00006805,POL_000010864,2026-02-17,2026-02-17T09:00:00+00:00,DISCOUNT,LOW_ENGAGEMENT,28.39,CH_RETENTION_OUTBOUND,AGT_00118,true,true
RET_0000001058,CUST_00006808,POL_000010869,2025-06-04,2025-06-04T19:00:00+00:00,PAYMENT_PLAN,PAYMENT_INCIDENT,100.39,CH_RETENTION_OUTBOUND,AGT_00153,false,false
RET_0000001059,CUST_00006809,POL_000010870,2025-07-21,2025-07-21T09:00:00+00:00,DISCOUNT,COMPLAINT,41.44,CH_RETENTION_OUTBOUND,AGT_00048,true,true
RET_0000001060,CUST_00006815,POL_000010881,2026-04-24,2026-04-24T08:00:00+00:00,DISCOUNT,PREMIUM_INCREASE,35.27,CH_RETENTION_OUTBOUND,AGT_00069,false,false
RET_0000001061,CUST_00006818,POL_000010885,2026-03-25,2026-03-25T15:00:00+00:00,DISCOUNT,COMPLAINT,38.03,CH_RETENTION_OUTBOUND,AGT_00146,false,false
RET_0000001062,CUST_00006821,POL_000010889,2025-03-26,2025-03-26T11:00:00+00:00,CLAIM_REVIEW,COMPLAINT,43.81,CH_RETENTION_OUTBOUND,AGT_00139,false,false
RET_0000001063,CUST_00006836,POL_000010912,2024-11-16,2024-11-16T15:00:00+00:00,CLAIM_REVIEW,PAYMENT_INCIDENT,110.77,CH_RETENTION_OUTBOUND,AGT_00083,false,false
RET_0000001064,CUST_00006838,POL_000010914,2025-08-18,2025-08-18T16:00:00+00:00,CALLBACK,PREMIUM_INCREASE,141.21,CH_RETENTION_OUTBOUND,AGT_00027,false,false
RET_0000001065,CUST_00006851,POL_000010931,2024-08-27,2024-08-27T14:00:00+00:00,CLAIM_REVIEW,PAYMENT_INCIDENT,29.1,CH_RETENTION_OUTBOUND,AGT_00139,true,false
RET_0000001066,CUST_00006856,POL_000010936,2025-02-13,2025-02-13T10:00:00+00:00,CALLBACK,RENEWAL_RISK,22.92,CH_RETENTION_OUTBOUND,AGT_00090,false,false
RET_0000001067,CUST_00006861,POL_000010944,2026-02-18,2026-02-18T08:00:00+00:00,CALLBACK,PREMIUM_INCREASE,74.31,CH_RETENTION_OUTBOUND,AGT_00104,false,false
RET_0000001068,CUST_00006880,POL_000010971,2026-06-17,2026-06-17T17:00:00+00:00,CALLBACK,PAYMENT_INCIDENT,132.13,CH_RETENTION_OUTBOUND,AGT_00048,false,false
RET_0000001069,CUST_00006897,POL_000011004,2024-04-10,2024-04-10T11:00:00+00:00,DISCOUNT,PREMIUM_INCREASE,121.21,CH_RETENTION_OUTBOUND,AGT_00097,false,false
RET_0000001070,CUST_00006899,POL_000011006,2025-08-01,2025-08-01T09:00:00+00:00,DISCOUNT,LOW_ENGAGEMENT,17.98,CH_RETENTION_OUTBOUND,AGT_00132,false,false
RET_0000001071,CUST_00006900,POL_000011007,2026-01-11,2026-01-11T09:00:00+00:00,LOYALTY_BONUS,COMPLAINT,16.19,CH_RETENTION_OUTBOUND,AGT_00090,true,true
RET_0000001072,CUST_00006910,POL_000011023,2024-09-17,2024-09-17T10:00:00+00:00,DISCOUNT,PREMIUM_INCREASE,54.7,CH_RETENTION_OUTBOUND,AGT_00027,false,false
RET_0000001073,CUST_00006915,POL_000011028,2026-03-11,2026-03-11T13:00:00+00:00,CALLBACK,PAYMENT_INCIDENT,69.29,CH_RETENTION_OUTBOUND,AGT_00132,false,false
RET_0000001074,CUST_00006925,POL_000011043,2025-10-29,2025-10-29T15:00:00+00:00,PAYMENT_PLAN,RENEWAL_RISK,95.02,CH_RETENTION_OUTBOUND,AGT_00146,false,false
RET_0000001075,CUST_00006927,POL_000011047,2026-03-16,2026-03-16T10:00:00+00:00,DISCOUNT,PREMIUM_INCREASE,133.39,CH_RETENTION_OUTBOUND,AGT_00083,true,true
RET_0000001076,CUST_00006932,POL_000011057,2025-10-31,2025-10-31T13:00:00+00:00,DISCOUNT,PREMIUM_INCREASE,8.76,CH_RETENTION_OUTBOUND,AGT_00055,true,true
RET_0000001077,CUST_00006947,POL_000011079,2022-05-03,2022-05-03T14:00:00+00:00,PAYMENT_PLAN,RENEWAL_RISK,174.94,CH_RETENTION_OUTBOUND,AGT_00055,false,false
RET_0000001078,CUST_00006952,POL_000011085,2026-01-22,2026-01-22T11:00:00+00:00,LOYALTY_BONUS,PREMIUM_INCREASE,22.94,CH_RETENTION_OUTBOUND,AGT_00125,true,true
RET_0000001079,CUST_00006989,POL_000011142,2025-02-24,2025-02-24T12:00:00+00:00,PAYMENT_PLAN,RENEWAL_RISK,19.85,CH_RETENTION_OUTBOUND,AGT_00034,false,false
RET_0000001080,CUST_00007004,POL_000011163,2025-07-13,2025-07-13T11:00:00+00:00,DISCOUNT,PREMIUM_INCREASE,58.62,CH_RETENTION_OUTBOUND,AGT_00013,true,true
RET_0000001081,CUST_00007005,POL_000011164,2022-12-10,2022-12-10T13:00:00+00:00,DISCOUNT,PREMIUM_INCREASE,119.18,CH_RETENTION_OUTBOUND,AGT_00027,false,false
RET_0000001082,CUST_00007006,POL_000011165,2025-08-26,2025-08-26T18:00:00+00:00,CALLBACK,PREMIUM_INCREASE,52.25,CH_RETENTION_OUTBOUND,AGT_00118,true,true
RET_0000001083,CUST_00007012,POL_000011173,2026-01-21,2026-01-21T15:00:00+00:00,PAYMENT_PLAN,COMPLAINT,5.79,CH_RETENTION_OUTBOUND,AGT_00062,false,false
RET_0000001084,CUST_00007021,POL_000011188,2026-05-12,2026-05-12T16:00:00+00:00,DISCOUNT,COMPLAINT,29.57,CH_RETENTION_OUTBOUND,AGT_00125,false,false
RET_0000001085,CUST_00007022,POL_000011189,2022-12-22,2022-12-22T18:00:00+00:00,CALLBACK,PREMIUM_INCREASE,33.77,CH_RETENTION_OUTBOUND,AGT_00069,false,false
RET_0000001086,CUST_00007026,POL_000011193,2025-03-26,2025-03-26T17:00:00+00:00,PAYMENT_PLAN,PAYMENT_INCIDENT,132.63,CH_RETENTION_OUTBOUND,AGT_00048,true,true
RET_0000001087,CUST_00007033,POL_000011200,2023-08-21,2023-08-21T15:00:00+00:00,LOYALTY_BONUS,PAYMENT_INCIDENT,60.17,CH_RETENTION_OUTBOUND,AGT_00132,false,false
RET_0000001088,CUST_00007040,POL_000011213,2024-07-18,2024-07-18T19:00:00+00:00,DISCOUNT,PAYMENT_INCIDENT,98.65,CH_RETENTION_OUTBOUND,AGT_00013,false,false
RET_0000001089,CUST_00007047,POL_000011226,2024-03-01,2024-03-01T11:00:00+00:00,DISCOUNT,RENEWAL_RISK,43.61,CH_RETENTION_OUTBOUND,AGT_00027,true,true
RET_0000001090,CUST_00007048,POL_000011228,2025-04-12,2025-04-12T12:00:00+00:00,CALLBACK,PAYMENT_INCIDENT,63.21,CH_RETENTION_OUTBOUND,AGT_00118,false,false
RET_0000001091,CUST_00007053,POL_000011235,2025-01-22,2025-01-22T08:00:00+00:00,LOYALTY_BONUS,LOW_ENGAGEMENT,42.53,CH_RETENTION_OUTBOUND,AGT_00167,false,false
RET_0000001092,CUST_00007059,POL_000011245,2024-09-09,2024-09-09T14:00:00+00:00,CALLBACK,PREMIUM_INCREASE,52.31,CH_RETENTION_OUTBOUND,AGT_00160,true,false
RET_0000001093,CUST_00007060,POL_000011246,2026-04-16,2026-04-16T09:00:00+00:00,CLAIM_REVIEW,COMPLAINT,64.03,CH_RETENTION_OUTBOUND,AGT_00069,true,true
RET_0000001094,CUST_00007061,POL_000011247,2025-01-03,2025-01-03T18:00:00+00:00,LOYALTY_BONUS,RENEWAL_RISK,68.9,CH_RETENTION_OUTBOUND,AGT_00055,false,false
RET_0000001095,CUST_00007072,POL_000011265,2022-04-05,2022-04-05T15:00:00+00:00,CALLBACK,PAYMENT_INCIDENT,154.57,CH_RETENTION_OUTBOUND,AGT_00097,false,false
RET_0000001096,CUST_00007081,POL_000011279,2025-01-08,2025-01-08T16:00:00+00:00,CALLBACK,COMPLAINT,126.5,CH_RETENTION_OUTBOUND,AGT_00076,false,false
RET_0000001097,CUST_00007090,POL_000011294,2024-10-27,2024-10-27T14:00:00+00:00,CLAIM_REVIEW,RENEWAL_RISK,34.47,CH_RETENTION_OUTBOUND,AGT_00027,false,false
RET_0000001098,CUST_00007091,POL_000011296,2026-06-16,2026-06-16T14:00:00+00:00,PAYMENT_PLAN,RENEWAL_RISK,120.35,CH_RETENTION_OUTBOUND,AGT_00062,true,true
RET_0000001099,CUST_00007092,POL_000011297,2025-10-14,2025-10-14T16:00:00+00:00,CALLBACK,COMPLAINT,29.5,CH_RETENTION_OUTBOUND,AGT_00020,false,false
RET_0000001100,CUST_00007093,POL_000011299,2025-05-11,2025-05-11T11:00:00+00:00,LOYALTY_BONUS,COMPLAINT,41.43,CH_RETENTION_OUTBOUND,AGT_00076,false,false
RET_0000001101,CUST_00007094,POL_000011301,2026-03-08,2026-03-08T15:00:00+00:00,CLAIM_REVIEW,RENEWAL_RISK,88.45,CH_RETENTION_OUTBOUND,AGT_00160,false,false
RET_0000001102,CUST_00007098,POL_000011308,2024-05-27,2024-05-27T09:00:00+00:00,LOYALTY_BONUS,PREMIUM_INCREASE,42.4,CH_RETENTION_OUTBOUND,AGT_00132,false,false
RET_0000001103,CUST_00007103,POL_000011314,2023-03-09,2023-03-09T08:00:00+00:00,CLAIM_REVIEW,PAYMENT_INCIDENT,5.45,CH_RETENTION_OUTBOUND,AGT_00139,true,true
RET_0000001104,CUST_00007106,POL_000011318,2025-08-11,2025-08-11T09:00:00+00:00,DISCOUNT,PREMIUM_INCREASE,102.62,CH_RETENTION_OUTBOUND,AGT_00097,true,true
RET_0000001105,CUST_00007109,POL_000011326,2025-09-25,2025-09-25T08:00:00+00:00,CALLBACK,RENEWAL_RISK,30.81,CH_RETENTION_OUTBOUND,AGT_00062,false,false
RET_0000001106,CUST_00007123,POL_000011349,2025-12-14,2025-12-14T10:00:00+00:00,PAYMENT_PLAN,LOW_ENGAGEMENT,41.58,CH_RETENTION_OUTBOUND,AGT_00041,true,false
RET_0000001107,CUST_00007125,POL_000011351,2026-06-23,2026-06-23T10:00:00+00:00,CLAIM_REVIEW,PREMIUM_INCREASE,23.82,CH_RETENTION_OUTBOUND,AGT_00041,false,false
RET_0000001108,CUST_00007129,POL_000011358,2025-12-01,2025-12-01T11:00:00+00:00,CALLBACK,RENEWAL_RISK,20.17,CH_RETENTION_OUTBOUND,AGT_00076,true,false
RET_0000001109,CUST_00007132,POL_000011362,2023-06-16,2023-06-16T10:00:00+00:00,DISCOUNT,PAYMENT_INCIDENT,108.91,CH_RETENTION_OUTBOUND,AGT_00104,false,false
RET_0000001110,CUST_00007133,POL_000011365,2026-02-18,2026-02-18T14:00:00+00:00,LOYALTY_BONUS,LOW_ENGAGEMENT,72.51,CH_RETENTION_OUTBOUND,AGT_00132,false,false
RET_0000001111,CUST_00007140,POL_000011375,2025-10-03,2025-10-03T18:00:00+00:00,PAYMENT_PLAN,PREMIUM_INCREASE,65.2,CH_RETENTION_OUTBOUND,AGT_00118,false,false
RET_0000001112,CUST_00007144,POL_000011382,2026-05-04,2026-05-04T08:00:00+00:00,CALLBACK,LOW_ENGAGEMENT,18.83,CH_RETENTION_OUTBOUND,AGT_00097,false,false
RET_0000001113,CUST_00007152,POL_000011396,2024-04-21,2024-04-21T19:00:00+00:00,LOYALTY_BONUS,COMPLAINT,22.79,CH_RETENTION_OUTBOUND,AGT_00034,false,false
RET_0000001114,CUST_00007154,POL_000011398,2023-09-06,2023-09-06T16:00:00+00:00,DISCOUNT,COMPLAINT,44.34,CH_RETENTION_OUTBOUND,AGT_00069,true,true
RET_0000001115,CUST_00007156,POL_000011401,2024-05-29,2024-05-29T14:00:00+00:00,LOYALTY_BONUS,COMPLAINT,9.91,CH_RETENTION_OUTBOUND,AGT_00083,false,false
RET_0000001116,CUST_00007159,POL_000011406,2024-07-18,2024-07-18T12:00:00+00:00,PAYMENT_PLAN,HIGH_VALUE_SAVE,67.4,CH_RETENTION_OUTBOUND,AGT_00139,true,true
RET_0000001117,CUST_00007178,POL_000011437,2024-12-31,2024-12-31T11:00:00+00:00,LOYALTY_BONUS,RENEWAL_RISK,118.8,CH_RETENTION_OUTBOUND,AGT_00006,true,true
RET_0000001118,CUST_00007184,POL_000011447,2024-11-01,2024-11-01T16:00:00+00:00,DISCOUNT,LOW_ENGAGEMENT,24.51,CH_RETENTION_OUTBOUND,AGT_00097,false,false
RET_0000001119,CUST_00007186,POL_000011449,2026-03-15,2026-03-15T09:00:00+00:00,CALLBACK,LOW_ENGAGEMENT,30.29,CH_RETENTION_OUTBOUND,AGT_00055,false,false
RET_0000001120,CUST_00007195,POL_000011463,2024-10-31,2024-10-31T08:00:00+00:00,LOYALTY_BONUS,PREMIUM_INCREASE,21.18,CH_RETENTION_OUTBOUND,AGT_00132,true,true
RET_0000001121,CUST_00007200,POL_000011468,2025-10-14,2025-10-14T09:00:00+00:00,CLAIM_REVIEW,PREMIUM_INCREASE,35.15,CH_RETENTION_OUTBOUND,AGT_00104,false,false
RET_0000001122,CUST_00007212,POL_000011491,2025-12-03,2025-12-03T11:00:00+00:00,CALLBACK,COMPLAINT,43.53,CH_RETENTION_OUTBOUND,AGT_00118,true,true
RET_0000001123,CUST_00007223,POL_000011508,2024-09-29,2024-09-29T15:00:00+00:00,PAYMENT_PLAN,COMPLAINT,12.95,CH_RETENTION_OUTBOUND,AGT_00055,false,false
RET_0000001124,CUST_00007224,POL_000011509,2024-10-16,2024-10-16T19:00:00+00:00,LOYALTY_BONUS,PAYMENT_INCIDENT,71.64,CH_RETENTION_OUTBOUND,AGT_00041,true,true
RET_0000001125,CUST_00007232,POL_000011521,2025-03-21,2025-03-21T14:00:00+00:00,DISCOUNT,PREMIUM_INCREASE,214.95,CH_RETENTION_OUTBOUND,AGT_00111,true,true
RET_0000001126,CUST_00007246,POL_000011542,2026-01-21,2026-01-21T08:00:00+00:00,CLAIM_REVIEW,PAYMENT_INCIDENT,133.52,CH_RETENTION_OUTBOUND,AGT_00097,false,false
RET_0000001127,CUST_00007251,POL_000011549,2025-08-25,2025-08-25T12:00:00+00:00,DISCOUNT,LOW_ENGAGEMENT,38.11,CH_RETENTION_OUTBOUND,AGT_00041,false,false
RET_0000001128,CUST_00007273,POL_000011583,2025-05-22,2025-05-22T13:00:00+00:00,LOYALTY_BONUS,RENEWAL_RISK,122.1,CH_RETENTION_OUTBOUND,AGT_00062,false,false
RET_0000001129,CUST_00007275,POL_000011586,2023-03-27,2023-03-27T11:00:00+00:00,DISCOUNT,HIGH_VALUE_SAVE,167.94,CH_RETENTION_OUTBOUND,AGT_00055,true,true
RET_0000001130,CUST_00007277,POL_000011590,2023-10-20,2023-10-20T15:00:00+00:00,PAYMENT_PLAN,COMPLAINT,34.29,CH_RETENTION_OUTBOUND,AGT_00048,true,true
RET_0000001131,CUST_00007281,POL_000011596,2025-09-13,2025-09-13T17:00:00+00:00,CALLBACK,PAYMENT_INCIDENT,26.79,CH_RETENTION_OUTBOUND,AGT_00146,true,true
RET_0000001132,CUST_00007287,POL_000011605,2025-01-22,2025-01-22T09:00:00+00:00,DISCOUNT,RENEWAL_RISK,118.11,CH_RETENTION_OUTBOUND,AGT_00020,false,false
RET_0000001133,CUST_00007293,POL_000011616,2024-01-11,2024-01-11T18:00:00+00:00,DISCOUNT,COMPLAINT,19.94,CH_RETENTION_OUTBOUND,AGT_00083,true,true
RET_0000001134,CUST_00007299,POL_000011622,2026-04-08,2026-04-08T18:00:00+00:00,PAYMENT_PLAN,LOW_ENGAGEMENT,170.57,CH_RETENTION_OUTBOUND,AGT_00139,false,false
RET_0000001135,CUST_00007300,POL_000011625,2024-08-20,2024-08-20T18:00:00+00:00,CALLBACK,COMPLAINT,37.08,CH_RETENTION_OUTBOUND,AGT_00097,true,false
RET_0000001136,CUST_00007303,POL_000011632,2023-11-10,2023-11-10T17:00:00+00:00,DISCOUNT,PAYMENT_INCIDENT,76.65,CH_RETENTION_OUTBOUND,AGT_00083,true,true
RET_0000001137,CUST_00007306,POL_000011637,2024-02-19,2024-02-19T17:00:00+00:00,PAYMENT_PLAN,PREMIUM_INCREASE,34.37,CH_RETENTION_OUTBOUND,AGT_00118,true,true
RET_0000001138,CUST_00007311,POL_000011646,2026-02-17,2026-02-17T11:00:00+00:00,LOYALTY_BONUS,HIGH_VALUE_SAVE,30.55,CH_RETENTION_OUTBOUND,AGT_00069,false,false
RET_0000001139,CUST_00007313,POL_000011648,2023-08-15,2023-08-15T17:00:00+00:00,CALLBACK,LOW_ENGAGEMENT,14.14,CH_RETENTION_OUTBOUND,AGT_00097,true,true
RET_0000001140,CUST_00007316,POL_000011652,2025-06-11,2025-06-11T09:00:00+00:00,DISCOUNT,PREMIUM_INCREASE,171.84,CH_RETENTION_OUTBOUND,AGT_00125,true,true
RET_0000001141,CUST_00007326,POL_000011670,2025-05-26,2025-05-26T12:00:00+00:00,CALLBACK,COMPLAINT,50.69,CH_RETENTION_OUTBOUND,AGT_00139,true,false
RET_0000001142,CUST_00007330,POL_000011676,2025-11-10,2025-11-10T15:00:00+00:00,CLAIM_REVIEW,PREMIUM_INCREASE,75.18,CH_RETENTION_OUTBOUND,AGT_00132,false,false
RET_0000001143,CUST_00007333,POL_000011680,2023-01-25,2023-01-25T18:00:00+00:00,DISCOUNT,PREMIUM_INCREASE,51.76,CH_RETENTION_OUTBOUND,AGT_00125,true,true
RET_0000001144,CUST_00007349,POL_000011705,2025-10-25,2025-10-25T17:00:00+00:00,PAYMENT_PLAN,COMPLAINT,84.27,CH_RETENTION_OUTBOUND,AGT_00153,false,false
RET_0000001145,CUST_00007352,POL_000011710,2025-02-13,2025-02-13T11:00:00+00:00,DISCOUNT,RENEWAL_RISK,43.51,CH_RETENTION_OUTBOUND,AGT_00034,true,true
RET_0000001146,CUST_00007360,POL_000011723,2026-01-27,2026-01-27T12:00:00+00:00,CLAIM_REVIEW,PREMIUM_INCREASE,47.21,CH_RETENTION_OUTBOUND,AGT_00062,true,true
RET_0000001147,CUST_00007361,POL_000011724,2025-10-21,2025-10-21T16:00:00+00:00,CALLBACK,HIGH_VALUE_SAVE,60.9,CH_RETENTION_OUTBOUND,AGT_00076,false,false
RET_0000001148,CUST_00007363,POL_000011726,2024-03-14,2024-03-14T17:00:00+00:00,CLAIM_REVIEW,LOW_ENGAGEMENT,104.21,CH_RETENTION_OUTBOUND,AGT_00048,false,false
RET_0000001149,CUST_00007364,POL_000011728,2025-10-30,2025-10-30T11:00:00+00:00,DISCOUNT,LOW_ENGAGEMENT,91.98,CH_RETENTION_OUTBOUND,AGT_00013,false,false
RET_0000001150,CUST_00007373,POL_000011739,2026-02-21,2026-02-21T15:00:00+00:00,LOYALTY_BONUS,PREMIUM_INCREASE,25.34,CH_RETENTION_OUTBOUND,AGT_00041,false,false
RET_0000001151,CUST_00007382,POL_000011752,2024-06-20,2024-06-20T09:00:00+00:00,DISCOUNT,PREMIUM_INCREASE,81.13,CH_RETENTION_OUTBOUND,AGT_00013,true,true
RET_0000001152,CUST_00007385,POL_000011757,2023-08-01,2023-08-01T14:00:00+00:00,PAYMENT_PLAN,RENEWAL_RISK,55.76,CH_RETENTION_OUTBOUND,AGT_00027,true,true
RET_0000001153,CUST_00007386,POL_000011759,2024-10-13,2024-10-13T11:00:00+00:00,LOYALTY_BONUS,PREMIUM_INCREASE,48.24,CH_RETENTION_OUTBOUND,AGT_00111,false,false
RET_0000001154,CUST_00007388,POL_000011761,2024-08-10,2024-08-10T14:00:00+00:00,CALLBACK,HIGH_VALUE_SAVE,63.41,CH_RETENTION_OUTBOUND,AGT_00020,true,true
RET_0000001155,CUST_00007399,POL_000011776,2025-05-26,2025-05-26T18:00:00+00:00,DISCOUNT,PREMIUM_INCREASE,10.7,CH_RETENTION_OUTBOUND,AGT_00062,true,true
RET_0000001156,CUST_00007410,POL_000011792,2025-08-31,2025-08-31T19:00:00+00:00,DISCOUNT,HIGH_VALUE_SAVE,15.36,CH_RETENTION_OUTBOUND,AGT_00083,false,false
RET_0000001157,CUST_00007417,POL_000011808,2023-05-27,2023-05-27T10:00:00+00:00,PAYMENT_PLAN,RENEWAL_RISK,57.9,CH_RETENTION_OUTBOUND,AGT_00125,false,false
RET_0000001158,CUST_00007418,POL_000011809,2026-06-04,2026-06-04T13:00:00+00:00,LOYALTY_BONUS,LOW_ENGAGEMENT,64.13,CH_RETENTION_OUTBOUND,AGT_00069,false,false
RET_0000001159,CUST_00007427,POL_000011824,2025-01-01,2025-01-01T15:00:00+00:00,LOYALTY_BONUS,PREMIUM_INCREASE,17.96,CH_RETENTION_OUTBOUND,AGT_00132,false,false
RET_0000001160,CUST_00007434,POL_000011837,2024-04-11,2024-04-11T09:00:00+00:00,LOYALTY_BONUS,RENEWAL_RISK,200.99,CH_RETENTION_OUTBOUND,AGT_00062,false,false
RET_0000001161,CUST_00007436,POL_000011839,2024-02-24,2024-02-24T08:00:00+00:00,PAYMENT_PLAN,RENEWAL_RISK,92.27,CH_RETENTION_OUTBOUND,AGT_00055,false,false
RET_0000001162,CUST_00007438,POL_000011841,2026-04-07,2026-04-07T16:00:00+00:00,DISCOUNT,PREMIUM_INCREASE,29.66,CH_RETENTION_OUTBOUND,AGT_00076,false,false
RET_0000001163,CUST_00007443,POL_000011847,2026-05-15,2026-05-15T14:00:00+00:00,DISCOUNT,PREMIUM_INCREASE,39.27,CH_RETENTION_OUTBOUND,AGT_00083,false,false
RET_0000001164,CUST_00007449,POL_000011858,2026-04-08,2026-04-08T08:00:00+00:00,CLAIM_REVIEW,COMPLAINT,16.27,CH_RETENTION_OUTBOUND,AGT_00132,false,false
RET_0000001165,CUST_00007451,POL_000011862,2024-01-20,2024-01-20T15:00:00+00:00,DISCOUNT,COMPLAINT,20.83,CH_RETENTION_OUTBOUND,AGT_00090,true,true
RET_0000001166,CUST_00007453,POL_000011864,2024-07-16,2024-07-16T08:00:00+00:00,DISCOUNT,LOW_ENGAGEMENT,37.9,CH_RETENTION_OUTBOUND,AGT_00041,false,false
RET_0000001167,CUST_00007467,POL_000011889,2025-10-14,2025-10-14T08:00:00+00:00,DISCOUNT,LOW_ENGAGEMENT,93.38,CH_RETENTION_OUTBOUND,AGT_00160,false,false
RET_0000001168,CUST_00007470,POL_000011895,2026-06-27,2026-06-27T11:00:00+00:00,PAYMENT_PLAN,PAYMENT_INCIDENT,89.8,CH_RETENTION_OUTBOUND,AGT_00048,false,false
RET_0000001169,CUST_00007487,POL_000011921,2024-03-20,2024-03-20T09:00:00+00:00,DISCOUNT,HIGH_VALUE_SAVE,101.1,CH_RETENTION_OUTBOUND,AGT_00034,false,false
RET_0000001170,CUST_00007508,POL_000011951,2025-07-18,2025-07-18T16:00:00+00:00,CALLBACK,COMPLAINT,119.23,CH_RETENTION_OUTBOUND,AGT_00048,true,true
RET_0000001171,CUST_00007510,POL_000011953,2025-09-22,2025-09-22T09:00:00+00:00,PAYMENT_PLAN,COMPLAINT,94.59,CH_RETENTION_OUTBOUND,AGT_00048,false,false
RET_0000001172,CUST_00007512,POL_000011958,2023-09-27,2023-09-27T12:00:00+00:00,DISCOUNT,PREMIUM_INCREASE,11.99,CH_RETENTION_OUTBOUND,AGT_00055,false,false
RET_0000001173,CUST_00007523,POL_000011975,2023-08-25,2023-08-25T13:00:00+00:00,PAYMENT_PLAN,PREMIUM_INCREASE,48.83,CH_RETENTION_OUTBOUND,AGT_00083,false,false
RET_0000001174,CUST_00007528,POL_000011984,2024-02-05,2024-02-05T08:00:00+00:00,CALLBACK,PREMIUM_INCREASE,195.43,CH_RETENTION_OUTBOUND,AGT_00132,false,false
RET_0000001175,CUST_00007533,POL_000011995,2025-06-06,2025-06-06T10:00:00+00:00,DISCOUNT,RENEWAL_RISK,183.61,CH_RETENTION_OUTBOUND,AGT_00139,true,true
RET_0000001176,CUST_00007534,POL_000011996,2023-09-15,2023-09-15T15:00:00+00:00,DISCOUNT,RENEWAL_RISK,114.33,CH_RETENTION_OUTBOUND,AGT_00027,false,false
RET_0000001177,CUST_00007542,POL_000012008,2025-01-10,2025-01-10T17:00:00+00:00,CALLBACK,RENEWAL_RISK,83.72,CH_RETENTION_OUTBOUND,AGT_00104,false,false
RET_0000001178,CUST_00007549,POL_000012017,2026-03-21,2026-03-21T12:00:00+00:00,DISCOUNT,PREMIUM_INCREASE,40.12,CH_RETENTION_OUTBOUND,AGT_00020,false,false
RET_0000001179,CUST_00007550,POL_000012018,2025-11-15,2025-11-15T08:00:00+00:00,DISCOUNT,RENEWAL_RISK,101.86,CH_RETENTION_OUTBOUND,AGT_00083,true,true
RET_0000001180,CUST_00007555,POL_000012027,2024-05-29,2024-05-29T09:00:00+00:00,CALLBACK,HIGH_VALUE_SAVE,67.15,CH_RETENTION_OUTBOUND,AGT_00076,true,true
RET_0000001181,CUST_00007557,POL_000012029,2025-11-17,2025-11-17T17:00:00+00:00,DISCOUNT,PREMIUM_INCREASE,25.19,CH_RETENTION_OUTBOUND,AGT_00118,false,false
RET_0000001182,CUST_00007563,POL_000012042,2026-02-19,2026-02-19T14:00:00+00:00,LOYALTY_BONUS,PAYMENT_INCIDENT,84.1,CH_RETENTION_OUTBOUND,AGT_00062,false,false
RET_0000001183,CUST_00007582,POL_000012072,2026-01-23,2026-01-23T09:00:00+00:00,DISCOUNT,LOW_ENGAGEMENT,26.22,CH_RETENTION_OUTBOUND,AGT_00076,true,true
RET_0000001184,CUST_00007604,POL_000012109,2025-10-29,2025-10-29T15:00:00+00:00,DISCOUNT,PAYMENT_INCIDENT,31.29,CH_RETENTION_OUTBOUND,AGT_00048,true,true
RET_0000001185,CUST_00007607,POL_000012112,2024-06-05,2024-06-05T09:00:00+00:00,PAYMENT_PLAN,PREMIUM_INCREASE,4.48,CH_RETENTION_OUTBOUND,AGT_00083,true,true
RET_0000001186,CUST_00007613,POL_000012122,2025-01-24,2025-01-24T19:00:00+00:00,CALLBACK,PREMIUM_INCREASE,106.77,CH_RETENTION_OUTBOUND,AGT_00139,false,false
RET_0000001187,CUST_00007615,POL_000012124,2026-03-28,2026-03-28T16:00:00+00:00,DISCOUNT,HIGH_VALUE_SAVE,11.33,CH_RETENTION_OUTBOUND,AGT_00034,true,true
RET_0000001188,CUST_00007651,POL_000012192,2025-06-09,2025-06-09T10:00:00+00:00,LOYALTY_BONUS,LOW_ENGAGEMENT,35.43,CH_RETENTION_OUTBOUND,AGT_00076,false,false
RET_0000001189,CUST_00007666,POL_000012211,2026-06-10,2026-06-10T10:00:00+00:00,CLAIM_REVIEW,COMPLAINT,104.36,CH_RETENTION_OUTBOUND,AGT_00062,true,false
RET_0000001190,CUST_00007671,POL_000012219,2024-01-16,2024-01-16T10:00:00+00:00,PAYMENT_PLAN,COMPLAINT,52.23,CH_RETENTION_OUTBOUND,AGT_00104,true,true
RET_0000001191,CUST_00007674,POL_000012222,2026-02-16,2026-02-16T08:00:00+00:00,LOYALTY_BONUS,HIGH_VALUE_SAVE,75.95,CH_RETENTION_OUTBOUND,AGT_00104,true,true
RET_0000001192,CUST_00007683,POL_000012234,2024-12-06,2024-12-06T12:00:00+00:00,CALLBACK,PREMIUM_INCREASE,36.33,CH_RETENTION_OUTBOUND,AGT_00048,false,false
RET_0000001193,CUST_00007685,POL_000012237,2024-09-05,2024-09-05T08:00:00+00:00,DISCOUNT,RENEWAL_RISK,24.02,CH_RETENTION_OUTBOUND,AGT_00055,true,true
RET_0000001194,CUST_00007705,POL_000012266,2024-08-11,2024-08-11T12:00:00+00:00,CALLBACK,COMPLAINT,14.43,CH_RETENTION_OUTBOUND,AGT_00034,true,true
RET_0000001195,CUST_00007723,POL_000012292,2025-07-04,2025-07-04T09:00:00+00:00,CALLBACK,COMPLAINT,19.0,CH_RETENTION_OUTBOUND,AGT_00006,true,true
RET_0000001196,CUST_00007725,POL_000012295,2024-02-19,2024-02-19T12:00:00+00:00,PAYMENT_PLAN,RENEWAL_RISK,6.13,CH_RETENTION_OUTBOUND,AGT_00132,true,true
RET_0000001197,CUST_00007739,POL_000012320,2026-01-04,2026-01-04T15:00:00+00:00,LOYALTY_BONUS,HIGH_VALUE_SAVE,156.82,CH_RETENTION_OUTBOUND,AGT_00076,false,false
RET_0000001198,CUST_00007755,POL_000012347,2026-03-01,2026-03-01T18:00:00+00:00,PAYMENT_PLAN,PREMIUM_INCREASE,37.25,CH_RETENTION_OUTBOUND,AGT_00041,true,true
RET_0000001199,CUST_00007758,POL_000012350,2025-06-28,2025-06-28T11:00:00+00:00,PAYMENT_PLAN,LOW_ENGAGEMENT,42.43,CH_RETENTION_OUTBOUND,AGT_00104,false,false
RET_0000001200,CUST_00007760,POL_000012352,2025-02-15,2025-02-15T14:00:00+00:00,PAYMENT_PLAN,PAYMENT_INCIDENT,94.72,CH_RETENTION_OUTBOUND,AGT_00013,false,false
RET_0000001201,CUST_00007761,POL_000012353,2026-05-18,2026-05-18T11:00:00+00:00,DISCOUNT,PREMIUM_INCREASE,44.23,CH_RETENTION_OUTBOUND,AGT_00062,false,false
RET_0000001202,CUST_00007764,POL_000012357,2025-11-16,2025-11-16T08:00:00+00:00,LOYALTY_BONUS,PAYMENT_INCIDENT,33.18,CH_RETENTION_OUTBOUND,AGT_00034,false,false
RET_0000001203,CUST_00007769,POL_000012362,2025-09-24,2025-09-24T17:00:00+00:00,LOYALTY_BONUS,RENEWAL_RISK,129.86,CH_RETENTION_OUTBOUND,AGT_00062,false,false
RET_0000001204,CUST_00007774,POL_000012371,2022-11-29,2022-11-29T15:00:00+00:00,LOYALTY_BONUS,COMPLAINT,135.37,CH_RETENTION_OUTBOUND,AGT_00027,false,false
RET_0000001205,CUST_00007775,POL_000012373,2024-07-10,2024-07-10T15:00:00+00:00,DISCOUNT,RENEWAL_RISK,48.57,CH_RETENTION_OUTBOUND,AGT_00132,false,false
RET_0000001206,CUST_00007801,POL_000012416,2023-10-28,2023-10-28T16:00:00+00:00,PAYMENT_PLAN,PAYMENT_INCIDENT,107.66,CH_RETENTION_OUTBOUND,AGT_00041,true,true
RET_0000001207,CUST_00007806,POL_000012424,2024-05-10,2024-05-10T09:00:00+00:00,DISCOUNT,RENEWAL_RISK,105.74,CH_RETENTION_OUTBOUND,AGT_00083,false,false
RET_0000001208,CUST_00007813,POL_000012435,2023-10-30,2023-10-30T19:00:00+00:00,DISCOUNT,LOW_ENGAGEMENT,34.58,CH_RETENTION_OUTBOUND,AGT_00013,true,true
RET_0000001209,CUST_00007815,POL_000012439,2026-02-28,2026-02-28T12:00:00+00:00,DISCOUNT,PREMIUM_INCREASE,26.13,CH_RETENTION_OUTBOUND,AGT_00006,false,false
RET_0000001210,CUST_00007822,POL_000012451,2025-06-07,2025-06-07T14:00:00+00:00,LOYALTY_BONUS,LOW_ENGAGEMENT,55.58,CH_RETENTION_OUTBOUND,AGT_00153,true,true
RET_0000001211,CUST_00007824,POL_000012453,2023-04-15,2023-04-15T15:00:00+00:00,LOYALTY_BONUS,RENEWAL_RISK,127.13,CH_RETENTION_OUTBOUND,AGT_00062,false,false
RET_0000001212,CUST_00007839,POL_000012478,2026-02-07,2026-02-07T16:00:00+00:00,PAYMENT_PLAN,PAYMENT_INCIDENT,34.86,CH_RETENTION_OUTBOUND,AGT_00020,true,false
RET_0000001213,CUST_00007848,POL_000012491,2026-01-05,2026-01-05T15:00:00+00:00,DISCOUNT,COMPLAINT,33.18,CH_RETENTION_OUTBOUND,AGT_00118,false,false
RET_0000001214,CUST_00007849,POL_000012492,2022-10-08,2022-10-08T19:00:00+00:00,CLAIM_REVIEW,COMPLAINT,35.98,CH_RETENTION_OUTBOUND,AGT_00006,true,true
RET_0000001215,CUST_00007851,POL_000012497,2026-04-03,2026-04-03T17:00:00+00:00,DISCOUNT,COMPLAINT,52.01,CH_RETENTION_OUTBOUND,AGT_00069,false,false
RET_0000001216,CUST_00007862,POL_000012514,2025-11-13,2025-11-13T14:00:00+00:00,CALLBACK,PAYMENT_INCIDENT,32.15,CH_RETENTION_OUTBOUND,AGT_00006,false,false
RET_0000001217,CUST_00007870,POL_000012528,2025-07-03,2025-07-03T15:00:00+00:00,PAYMENT_PLAN,LOW_ENGAGEMENT,90.33,CH_RETENTION_OUTBOUND,AGT_00027,false,false
RET_0000001218,CUST_00007876,POL_000012536,2024-09-23,2024-09-23T19:00:00+00:00,DISCOUNT,PREMIUM_INCREASE,70.61,CH_RETENTION_OUTBOUND,AGT_00132,false,false
RET_0000001219,CUST_00007885,POL_000012552,2022-02-10,2022-02-10T12:00:00+00:00,DISCOUNT,PREMIUM_INCREASE,112.6,CH_RETENTION_OUTBOUND,AGT_00125,false,false
RET_0000001220,CUST_00007887,POL_000012555,2025-08-02,2025-08-02T12:00:00+00:00,CALLBACK,PREMIUM_INCREASE,28.31,CH_RETENTION_OUTBOUND,AGT_00083,false,false
RET_0000001221,CUST_00007888,POL_000012557,2024-12-06,2024-12-06T17:00:00+00:00,CALLBACK,COMPLAINT,16.77,CH_RETENTION_OUTBOUND,AGT_00041,true,true
RET_0000001222,CUST_00007907,POL_000012591,2025-12-29,2025-12-29T08:00:00+00:00,PAYMENT_PLAN,COMPLAINT,40.94,CH_RETENTION_OUTBOUND,AGT_00090,false,false
RET_0000001223,CUST_00007919,POL_000012607,2022-08-30,2022-08-30T13:00:00+00:00,LOYALTY_BONUS,LOW_ENGAGEMENT,70.99,CH_RETENTION_OUTBOUND,AGT_00083,true,false
RET_0000001224,CUST_00007932,POL_000012632,2025-06-06,2025-06-06T19:00:00+00:00,DISCOUNT,RENEWAL_RISK,46.69,CH_RETENTION_OUTBOUND,AGT_00090,false,false
RET_0000001225,CUST_00007955,POL_000012672,2026-02-15,2026-02-15T10:00:00+00:00,DISCOUNT,RENEWAL_RISK,72.23,CH_RETENTION_OUTBOUND,AGT_00041,false,false
RET_0000001226,CUST_00007965,POL_000012688,2025-02-05,2025-02-05T19:00:00+00:00,PAYMENT_PLAN,PAYMENT_INCIDENT,55.07,CH_RETENTION_OUTBOUND,AGT_00048,true,true
RET_0000001227,CUST_00007966,POL_000012690,2022-12-19,2022-12-19T19:00:00+00:00,DISCOUNT,PAYMENT_INCIDENT,30.98,CH_RETENTION_OUTBOUND,AGT_00041,true,true
RET_0000001228,CUST_00007967,POL_000012692,2025-09-07,2025-09-07T13:00:00+00:00,CLAIM_REVIEW,PAYMENT_INCIDENT,67.96,CH_RETENTION_OUTBOUND,AGT_00132,false,false
RET_0000001229,CUST_00007983,POL_000012716,2022-12-30,2022-12-30T12:00:00+00:00,DISCOUNT,COMPLAINT,30.9,CH_RETENTION_OUTBOUND,AGT_00118,true,true
RET_0000001230,CUST_00007985,POL_000012721,2024-10-18,2024-10-18T09:00:00+00:00,CALLBACK,RENEWAL_RISK,137.94,CH_RETENTION_OUTBOUND,AGT_00097,true,true
RET_0000001231,CUST_00007992,POL_000012735,2023-05-17,2023-05-17T16:00:00+00:00,DISCOUNT,PREMIUM_INCREASE,36.11,CH_RETENTION_OUTBOUND,AGT_00062,true,false
RET_0000001232,CUST_00007993,POL_000012736,2025-08-19,2025-08-19T12:00:00+00:00,DISCOUNT,PREMIUM_INCREASE,75.69,CH_RETENTION_OUTBOUND,AGT_00041,false,false
RET_0000001233,CUST_00007997,POL_000012741,2025-11-12,2025-11-12T12:00:00+00:00,CALLBACK,RENEWAL_RISK,103.32,CH_RETENTION_OUTBOUND,AGT_00139,false,false
RET_0000001234,CUST_00008004,POL_000012751,2025-07-17,2025-07-17T09:00:00+00:00,DISCOUNT,PAYMENT_INCIDENT,31.08,CH_RETENTION_OUTBOUND,AGT_00034,true,true
RET_0000001235,CUST_00008008,POL_000012758,2023-11-17,2023-11-17T09:00:00+00:00,DISCOUNT,PREMIUM_INCREASE,137.44,CH_RETENTION_OUTBOUND,AGT_00076,false,false
RET_0000001236,CUST_00008015,POL_000012771,2025-03-24,2025-03-24T11:00:00+00:00,CLAIM_REVIEW,PREMIUM_INCREASE,124.6,CH_RETENTION_OUTBOUND,AGT_00034,false,false
RET_0000001237,CUST_00008022,POL_000012782,2025-06-15,2025-06-15T15:00:00+00:00,DISCOUNT,RENEWAL_RISK,24.78,CH_RETENTION_OUTBOUND,AGT_00083,false,false
RET_0000001238,CUST_00008038,POL_000012806,2026-03-30,2026-03-30T16:00:00+00:00,LOYALTY_BONUS,COMPLAINT,99.32,CH_RETENTION_OUTBOUND,AGT_00125,false,false
RET_0000001239,CUST_00008049,POL_000012827,2025-09-18,2025-09-18T19:00:00+00:00,CALLBACK,COMPLAINT,37.03,CH_RETENTION_OUTBOUND,AGT_00041,false,false
RET_0000001240,CUST_00008053,POL_000012833,2025-12-10,2025-12-10T18:00:00+00:00,CALLBACK,PREMIUM_INCREASE,10.69,CH_RETENTION_OUTBOUND,AGT_00104,false,false
RET_0000001241,CUST_00008090,POL_000012890,2026-03-31,2026-03-31T10:00:00+00:00,PAYMENT_PLAN,LOW_ENGAGEMENT,97.1,CH_RETENTION_OUTBOUND,AGT_00104,true,true
RET_0000001242,CUST_00008105,POL_000012911,2025-12-03,2025-12-03T09:00:00+00:00,DISCOUNT,PAYMENT_INCIDENT,64.08,CH_RETENTION_OUTBOUND,AGT_00020,false,false
RET_0000001243,CUST_00008113,POL_000012921,2026-02-18,2026-02-18T18:00:00+00:00,CLAIM_REVIEW,PREMIUM_INCREASE,20.53,CH_RETENTION_OUTBOUND,AGT_00132,false,false
RET_0000001244,CUST_00008115,POL_000012926,2026-03-09,2026-03-09T13:00:00+00:00,DISCOUNT,PREMIUM_INCREASE,18.05,CH_RETENTION_OUTBOUND,AGT_00153,false,false
RET_0000001245,CUST_00008117,POL_000012929,2025-02-25,2025-02-25T14:00:00+00:00,DISCOUNT,RENEWAL_RISK,16.38,CH_RETENTION_OUTBOUND,AGT_00062,true,true
RET_0000001246,CUST_00008118,POL_000012930,2026-04-27,2026-04-27T15:00:00+00:00,CALLBACK,PAYMENT_INCIDENT,12.35,CH_RETENTION_OUTBOUND,AGT_00034,false,false
RET_0000001247,CUST_00008125,POL_000012942,2022-01-01,2022-01-01T13:00:00+00:00,DISCOUNT,HIGH_VALUE_SAVE,10.17,CH_RETENTION_OUTBOUND,AGT_00118,true,true
RET_0000001248,CUST_00008140,POL_000012969,2025-10-29,2025-10-29T18:00:00+00:00,CALLBACK,COMPLAINT,54.66,CH_RETENTION_OUTBOUND,AGT_00006,false,false
RET_0000001249,CUST_00008141,POL_000012970,2025-09-11,2025-09-11T19:00:00+00:00,LOYALTY_BONUS,RENEWAL_RISK,77.96,CH_RETENTION_OUTBOUND,AGT_00055,false,false
RET_0000001250,CUST_00008144,POL_000012976,2024-05-13,2024-05-13T12:00:00+00:00,CALLBACK,LOW_ENGAGEMENT,76.18,CH_RETENTION_OUTBOUND,AGT_00139,true,true
RET_0000001251,CUST_00008145,POL_000012978,2025-10-24,2025-10-24T12:00:00+00:00,DISCOUNT,PREMIUM_INCREASE,16.04,CH_RETENTION_OUTBOUND,AGT_00076,false,false
RET_0000001252,CUST_00008147,POL_000012980,2025-08-23,2025-08-23T11:00:00+00:00,CLAIM_REVIEW,HIGH_VALUE_SAVE,84.25,CH_RETENTION_OUTBOUND,AGT_00013,true,false
RET_0000001253,CUST_00008154,POL_000012993,2026-02-22,2026-02-22T18:00:00+00:00,CALLBACK,RENEWAL_RISK,66.71,CH_RETENTION_OUTBOUND,AGT_00146,true,true
RET_0000001254,CUST_00008156,POL_000012996,2025-04-03,2025-04-03T19:00:00+00:00,DISCOUNT,PREMIUM_INCREASE,56.46,CH_RETENTION_OUTBOUND,AGT_00090,false,false
RET_0000001255,CUST_00008159,POL_000013001,2025-10-18,2025-10-18T13:00:00+00:00,PAYMENT_PLAN,LOW_ENGAGEMENT,128.32,CH_RETENTION_OUTBOUND,AGT_00125,false,false
RET_0000001256,CUST_00008182,POL_000013036,2023-04-28,2023-04-28T18:00:00+00:00,CALLBACK,RENEWAL_RISK,140.22,CH_RETENTION_OUTBOUND,AGT_00041,true,true
RET_0000001257,CUST_00008197,POL_000013057,2026-03-23,2026-03-23T08:00:00+00:00,DISCOUNT,PAYMENT_INCIDENT,109.62,CH_RETENTION_OUTBOUND,AGT_00020,false,false
RET_0000001258,CUST_00008207,POL_000013076,2026-03-27,2026-03-27T10:00:00+00:00,PAYMENT_PLAN,HIGH_VALUE_SAVE,20.82,CH_RETENTION_OUTBOUND,AGT_00139,true,true
RET_0000001259,CUST_00008212,POL_000013082,2025-11-22,2025-11-22T09:00:00+00:00,DISCOUNT,PREMIUM_INCREASE,15.82,CH_RETENTION_OUTBOUND,AGT_00006,true,true
RET_0000001260,CUST_00008223,POL_000013099,2025-10-03,2025-10-03T14:00:00+00:00,PAYMENT_PLAN,COMPLAINT,28.48,CH_RETENTION_OUTBOUND,AGT_00069,false,false
RET_0000001261,CUST_00008226,POL_000013102,2025-07-27,2025-07-27T19:00:00+00:00,PAYMENT_PLAN,PREMIUM_INCREASE,13.68,CH_RETENTION_OUTBOUND,AGT_00139,false,false
RET_0000001262,CUST_00008231,POL_000013111,2026-04-06,2026-04-06T08:00:00+00:00,PAYMENT_PLAN,HIGH_VALUE_SAVE,35.49,CH_RETENTION_OUTBOUND,AGT_00013,true,true
RET_0000001263,CUST_00008232,POL_000013112,2024-06-27,2024-06-27T13:00:00+00:00,DISCOUNT,HIGH_VALUE_SAVE,49.59,CH_RETENTION_OUTBOUND,AGT_00048,true,true
RET_0000001264,CUST_00008249,POL_000013140,2025-03-31,2025-03-31T18:00:00+00:00,PAYMENT_PLAN,PREMIUM_INCREASE,16.9,CH_RETENTION_OUTBOUND,AGT_00027,false,false
RET_0000001265,CUST_00008264,POL_000013161,2024-08-05,2024-08-05T15:00:00+00:00,CALLBACK,LOW_ENGAGEMENT,10.11,CH_RETENTION_OUTBOUND,AGT_00034,false,false
RET_0000001266,CUST_00008271,POL_000013177,2025-08-30,2025-08-30T17:00:00+00:00,LOYALTY_BONUS,RENEWAL_RISK,53.93,CH_RETENTION_OUTBOUND,AGT_00118,false,false
RET_0000001267,CUST_00008284,POL_000013199,2022-01-11,2022-01-11T09:00:00+00:00,DISCOUNT,HIGH_VALUE_SAVE,26.32,CH_RETENTION_OUTBOUND,AGT_00104,true,true
RET_0000001268,CUST_00008293,POL_000013210,2023-05-21,2023-05-21T18:00:00+00:00,DISCOUNT,PAYMENT_INCIDENT,58.58,CH_RETENTION_OUTBOUND,AGT_00097,false,false
RET_0000001269,CUST_00008295,POL_000013213,2025-12-18,2025-12-18T19:00:00+00:00,CLAIM_REVIEW,PREMIUM_INCREASE,54.15,CH_RETENTION_OUTBOUND,AGT_00048,false,false
RET_0000001270,CUST_00008300,POL_000013224,2024-11-01,2024-11-01T14:00:00+00:00,DISCOUNT,PAYMENT_INCIDENT,44.84,CH_RETENTION_OUTBOUND,AGT_00048,false,false
RET_0000001271,CUST_00008302,POL_000013227,2023-09-25,2023-09-25T10:00:00+00:00,DISCOUNT,LOW_ENGAGEMENT,83.52,CH_RETENTION_OUTBOUND,AGT_00034,true,true
RET_0000001272,CUST_00008304,POL_000013230,2023-08-03,2023-08-03T10:00:00+00:00,CALLBACK,RENEWAL_RISK,17.55,CH_RETENTION_OUTBOUND,AGT_00041,false,false
RET_0000001273,CUST_00008305,POL_000013231,2026-02-12,2026-02-12T14:00:00+00:00,DISCOUNT,PREMIUM_INCREASE,35.52,CH_RETENTION_OUTBOUND,AGT_00041,false,false
RET_0000001274,CUST_00008308,POL_000013236,2025-02-09,2025-02-09T15:00:00+00:00,LOYALTY_BONUS,PREMIUM_INCREASE,94.96,CH_RETENTION_OUTBOUND,AGT_00027,true,true
RET_0000001275,CUST_00008309,POL_000013239,2025-05-12,2025-05-12T16:00:00+00:00,LOYALTY_BONUS,PREMIUM_INCREASE,76.85,CH_RETENTION_OUTBOUND,AGT_00013,false,false
RET_0000001276,CUST_00008314,POL_000013247,2026-01-31,2026-01-31T08:00:00+00:00,LOYALTY_BONUS,COMPLAINT,163.34,CH_RETENTION_OUTBOUND,AGT_00111,true,true
RET_0000001277,CUST_00008320,POL_000013261,2022-08-26,2022-08-26T17:00:00+00:00,DISCOUNT,LOW_ENGAGEMENT,158.73,CH_RETENTION_OUTBOUND,AGT_00069,true,true
RET_0000001278,CUST_00008324,POL_000013266,2025-02-15,2025-02-15T10:00:00+00:00,CALLBACK,COMPLAINT,70.15,CH_RETENTION_OUTBOUND,AGT_00006,false,false
RET_0000001279,CUST_00008335,POL_000013282,2026-03-24,2026-03-24T12:00:00+00:00,CALLBACK,PREMIUM_INCREASE,10.75,CH_RETENTION_OUTBOUND,AGT_00020,false,false
RET_0000001280,CUST_00008342,POL_000013292,2023-02-12,2023-02-12T12:00:00+00:00,CLAIM_REVIEW,HIGH_VALUE_SAVE,15.15,CH_RETENTION_OUTBOUND,AGT_00055,false,false
RET_0000001281,CUST_00008343,POL_000013294,2026-05-08,2026-05-08T18:00:00+00:00,CALLBACK,RENEWAL_RISK,35.29,CH_RETENTION_OUTBOUND,AGT_00041,false,false
RET_0000001282,CUST_00008346,POL_000013300,2025-08-14,2025-08-14T14:00:00+00:00,DISCOUNT,PREMIUM_INCREASE,18.62,CH_RETENTION_OUTBOUND,AGT_00097,false,false
RET_0000001283,CUST_00008349,POL_000013305,2022-01-02,2022-01-02T16:00:00+00:00,CALLBACK,COMPLAINT,163.74,CH_RETENTION_OUTBOUND,AGT_00146,false,false
RET_0000001284,CUST_00008354,POL_000013314,2026-04-12,2026-04-12T17:00:00+00:00,DISCOUNT,HIGH_VALUE_SAVE,68.25,CH_RETENTION_OUTBOUND,AGT_00083,false,false
RET_0000001285,CUST_00008364,POL_000013327,2026-05-02,2026-05-02T14:00:00+00:00,CLAIM_REVIEW,PREMIUM_INCREASE,75.34,CH_RETENTION_OUTBOUND,AGT_00013,true,true
RET_0000001286,CUST_00008370,POL_000013334,2025-06-27,2025-06-27T08:00:00+00:00,CALLBACK,LOW_ENGAGEMENT,130.27,CH_RETENTION_OUTBOUND,AGT_00062,false,false
RET_0000001287,CUST_00008371,POL_000013335,2023-01-14,2023-01-14T16:00:00+00:00,CLAIM_REVIEW,PREMIUM_INCREASE,14.2,CH_RETENTION_OUTBOUND,AGT_00076,true,true
RET_0000001288,CUST_00008379,POL_000013344,2025-11-06,2025-11-06T19:00:00+00:00,LOYALTY_BONUS,RENEWAL_RISK,51.47,CH_RETENTION_OUTBOUND,AGT_00083,false,false
RET_0000001289,CUST_00008398,POL_000013371,2023-09-29,2023-09-29T19:00:00+00:00,CALLBACK,COMPLAINT,57.81,CH_RETENTION_OUTBOUND,AGT_00132,true,true
RET_0000001290,CUST_00008402,POL_000013377,2025-09-01,2025-09-01T13:00:00+00:00,CALLBACK,LOW_ENGAGEMENT,10.59,CH_RETENTION_OUTBOUND,AGT_00062,true,true
RET_0000001291,CUST_00008403,POL_000013378,2024-06-27,2024-06-27T18:00:00+00:00,CLAIM_REVIEW,PAYMENT_INCIDENT,27.04,CH_RETENTION_OUTBOUND,AGT_00125,true,true
RET_0000001292,CUST_00008412,POL_000013393,2025-09-10,2025-09-10T10:00:00+00:00,LOYALTY_BONUS,PREMIUM_INCREASE,84.8,CH_RETENTION_OUTBOUND,AGT_00027,false,false
RET_0000001293,CUST_00008437,POL_000013435,2026-06-02,2026-06-02T15:00:00+00:00,DISCOUNT,HIGH_VALUE_SAVE,37.36,CH_RETENTION_OUTBOUND,AGT_00062,false,false
RET_0000001294,CUST_00008441,POL_000013441,2025-03-01,2025-03-01T09:00:00+00:00,CALLBACK,LOW_ENGAGEMENT,194.52,CH_RETENTION_OUTBOUND,AGT_00006,false,false
RET_0000001295,CUST_00008448,POL_000013453,2025-09-15,2025-09-15T12:00:00+00:00,CALLBACK,PREMIUM_INCREASE,70.52,CH_RETENTION_OUTBOUND,AGT_00118,false,false
RET_0000001296,CUST_00008450,POL_000013455,2022-01-09,2022-01-09T16:00:00+00:00,DISCOUNT,COMPLAINT,35.3,CH_RETENTION_OUTBOUND,AGT_00020,false,false
RET_0000001297,CUST_00008452,POL_000013458,2024-12-13,2024-12-13T11:00:00+00:00,DISCOUNT,PAYMENT_INCIDENT,86.29,CH_RETENTION_OUTBOUND,AGT_00069,false,false
RET_0000001298,CUST_00008461,POL_000013473,2022-09-17,2022-09-17T08:00:00+00:00,DISCOUNT,HIGH_VALUE_SAVE,29.97,CH_RETENTION_OUTBOUND,AGT_00090,false,false
RET_0000001299,CUST_00008476,POL_000013498,2024-03-24,2024-03-24T09:00:00+00:00,PAYMENT_PLAN,PREMIUM_INCREASE,150.13,CH_RETENTION_OUTBOUND,AGT_00132,false,false
RET_0000001300,CUST_00008486,POL_000013517,2024-09-01,2024-09-01T17:00:00+00:00,DISCOUNT,PREMIUM_INCREASE,93.33,CH_RETENTION_OUTBOUND,AGT_00097,true,false
RET_0000001301,CUST_00008496,POL_000013534,2025-05-06,2025-05-06T10:00:00+00:00,CALLBACK,PREMIUM_INCREASE,124.37,CH_RETENTION_OUTBOUND,AGT_00132,true,true
RET_0000001302,CUST_00008509,POL_000013554,2025-09-12,2025-09-12T16:00:00+00:00,CALLBACK,COMPLAINT,101.28,CH_RETENTION_OUTBOUND,AGT_00055,true,true
RET_0000001303,CUST_00008510,POL_000013556,2026-02-13,2026-02-13T13:00:00+00:00,CALLBACK,COMPLAINT,30.62,CH_RETENTION_OUTBOUND,AGT_00097,true,true
RET_0000001304,CUST_00008512,POL_000013560,2025-04-19,2025-04-19T09:00:00+00:00,DISCOUNT,RENEWAL_RISK,49.39,CH_RETENTION_OUTBOUND,AGT_00125,false,false
RET_0000001305,CUST_00008517,POL_000013566,2025-11-04,2025-11-04T17:00:00+00:00,PAYMENT_PLAN,PREMIUM_INCREASE,138.54,CH_RETENTION_OUTBOUND,AGT_00125,true,true
RET_0000001306,CUST_00008518,POL_000013569,2026-06-09,2026-06-09T13:00:00+00:00,CLAIM_REVIEW,PREMIUM_INCREASE,8.55,CH_RETENTION_OUTBOUND,AGT_00097,true,true
RET_0000001307,CUST_00008529,POL_000013589,2026-05-22,2026-05-22T16:00:00+00:00,DISCOUNT,PAYMENT_INCIDENT,48.8,CH_RETENTION_OUTBOUND,AGT_00125,false,false
RET_0000001308,CUST_00008538,POL_000013604,2024-12-11,2024-12-11T14:00:00+00:00,CLAIM_REVIEW,LOW_ENGAGEMENT,74.92,CH_RETENTION_OUTBOUND,AGT_00013,false,false
RET_0000001309,CUST_00008539,POL_000013606,2026-01-13,2026-01-13T08:00:00+00:00,DISCOUNT,LOW_ENGAGEMENT,152.73,CH_RETENTION_OUTBOUND,AGT_00062,false,false
RET_0000001310,CUST_00008545,POL_000013617,2025-06-23,2025-06-23T18:00:00+00:00,DISCOUNT,PAYMENT_INCIDENT,41.91,CH_RETENTION_OUTBOUND,AGT_00041,true,true
RET_0000001311,CUST_00008546,POL_000013618,2024-04-09,2024-04-09T11:00:00+00:00,DISCOUNT,PAYMENT_INCIDENT,18.09,CH_RETENTION_OUTBOUND,AGT_00041,true,false
RET_0000001312,CUST_00008553,POL_000013630,2026-01-04,2026-01-04T12:00:00+00:00,CALLBACK,HIGH_VALUE_SAVE,77.8,CH_RETENTION_OUTBOUND,AGT_00048,true,true
RET_0000001313,CUST_00008559,POL_000013641,2025-07-28,2025-07-28T15:00:00+00:00,CALLBACK,PAYMENT_INCIDENT,16.18,CH_RETENTION_OUTBOUND,AGT_00097,true,false
RET_0000001314,CUST_00008564,POL_000013649,2026-05-16,2026-05-16T08:00:00+00:00,CLAIM_REVIEW,PREMIUM_INCREASE,56.14,CH_RETENTION_OUTBOUND,AGT_00048,true,true
RET_0000001315,CUST_00008571,POL_000013658,2025-12-10,2025-12-10T14:00:00+00:00,LOYALTY_BONUS,PAYMENT_INCIDENT,23.64,CH_RETENTION_OUTBOUND,AGT_00111,true,true
RET_0000001316,CUST_00008577,POL_000013670,2025-04-11,2025-04-11T15:00:00+00:00,CALLBACK,PREMIUM_INCREASE,136.15,CH_RETENTION_OUTBOUND,AGT_00020,true,false
RET_0000001317,CUST_00008592,POL_000013691,2026-04-06,2026-04-06T12:00:00+00:00,DISCOUNT,PREMIUM_INCREASE,95.47,CH_RETENTION_OUTBOUND,AGT_00027,false,false
RET_0000001318,CUST_00008596,POL_000013695,2023-05-29,2023-05-29T11:00:00+00:00,CLAIM_REVIEW,LOW_ENGAGEMENT,92.7,CH_RETENTION_OUTBOUND,AGT_00062,true,true
RET_0000001319,CUST_00008602,POL_000013706,2022-01-01,2022-01-01T10:00:00+00:00,PAYMENT_PLAN,RENEWAL_RISK,69.21,CH_RETENTION_OUTBOUND,AGT_00013,true,true
RET_0000001320,CUST_00008604,POL_000013710,2022-10-19,2022-10-19T14:00:00+00:00,DISCOUNT,PREMIUM_INCREASE,84.78,CH_RETENTION_OUTBOUND,AGT_00062,false,false
RET_0000001321,CUST_00008628,POL_000013753,2024-01-23,2024-01-23T17:00:00+00:00,CLAIM_REVIEW,LOW_ENGAGEMENT,160.89,CH_RETENTION_OUTBOUND,AGT_00020,false,false
RET_0000001322,CUST_00008639,POL_000013773,2026-03-03,2026-03-03T09:00:00+00:00,CALLBACK,PREMIUM_INCREASE,14.9,CH_RETENTION_OUTBOUND,AGT_00097,true,true
RET_0000001323,CUST_00008660,POL_000013810,2023-09-10,2023-09-10T15:00:00+00:00,DISCOUNT,PAYMENT_INCIDENT,21.27,CH_RETENTION_OUTBOUND,AGT_00132,true,false
RET_0000001324,CUST_00008677,POL_000013834,2024-09-23,2024-09-23T17:00:00+00:00,DISCOUNT,PREMIUM_INCREASE,12.53,CH_RETENTION_OUTBOUND,AGT_00006,true,true
RET_0000001325,CUST_00008678,POL_000013835,2024-09-14,2024-09-14T19:00:00+00:00,LOYALTY_BONUS,RENEWAL_RISK,125.37,CH_RETENTION_OUTBOUND,AGT_00111,false,false
RET_0000001326,CUST_00008679,POL_000013837,2026-02-27,2026-02-27T16:00:00+00:00,LOYALTY_BONUS,COMPLAINT,175.96,CH_RETENTION_OUTBOUND,AGT_00118,true,true
RET_0000001327,CUST_00008688,POL_000013848,2025-04-08,2025-04-08T10:00:00+00:00,CALLBACK,PREMIUM_INCREASE,41.41,CH_RETENTION_OUTBOUND,AGT_00055,true,true
RET_0000001328,CUST_00008698,POL_000013862,2023-05-09,2023-05-09T13:00:00+00:00,PAYMENT_PLAN,PREMIUM_INCREASE,27.26,CH_RETENTION_OUTBOUND,AGT_00041,true,true
RET_0000001329,CUST_00008701,POL_000013867,2025-07-09,2025-07-09T15:00:00+00:00,DISCOUNT,COMPLAINT,17.23,CH_RETENTION_OUTBOUND,AGT_00125,false,false
RET_0000001330,CUST_00008707,POL_000013877,2024-06-27,2024-06-27T10:00:00+00:00,DISCOUNT,PREMIUM_INCREASE,77.04,CH_RETENTION_OUTBOUND,AGT_00104,true,true
RET_0000001331,CUST_00008715,POL_000013886,2025-03-21,2025-03-21T15:00:00+00:00,CALLBACK,HIGH_VALUE_SAVE,169.58,CH_RETENTION_OUTBOUND,AGT_00146,true,true
RET_0000001332,CUST_00008716,POL_000013888,2024-02-22,2024-02-22T15:00:00+00:00,LOYALTY_BONUS,PREMIUM_INCREASE,32.12,CH_RETENTION_OUTBOUND,AGT_00006,false,false
RET_0000001333,CUST_00008721,POL_000013896,2025-11-22,2025-11-22T13:00:00+00:00,LOYALTY_BONUS,COMPLAINT,43.78,CH_RETENTION_OUTBOUND,AGT_00062,true,true
RET_0000001334,CUST_00008729,POL_000013909,2026-02-09,2026-02-09T14:00:00+00:00,DISCOUNT,PREMIUM_INCREASE,77.4,CH_RETENTION_OUTBOUND,AGT_00006,true,true
RET_0000001335,CUST_00008737,POL_000013918,2025-04-21,2025-04-21T12:00:00+00:00,CALLBACK,HIGH_VALUE_SAVE,64.7,CH_RETENTION_OUTBOUND,AGT_00118,false,false
RET_0000001336,CUST_00008743,POL_000013929,2025-10-13,2025-10-13T14:00:00+00:00,DISCOUNT,LOW_ENGAGEMENT,48.76,CH_RETENTION_OUTBOUND,AGT_00062,false,false
RET_0000001337,CUST_00008749,POL_000013937,2024-06-10,2024-06-10T13:00:00+00:00,CALLBACK,PREMIUM_INCREASE,49.97,CH_RETENTION_OUTBOUND,AGT_00118,false,false
RET_0000001338,CUST_00008758,POL_000013950,2024-04-14,2024-04-14T11:00:00+00:00,CALLBACK,HIGH_VALUE_SAVE,26.83,CH_RETENTION_OUTBOUND,AGT_00027,false,false
RET_0000001339,CUST_00008759,POL_000013951,2023-01-23,2023-01-23T10:00:00+00:00,DISCOUNT,PREMIUM_INCREASE,82.41,CH_RETENTION_OUTBOUND,AGT_00027,false,false
RET_0000001340,CUST_00008760,POL_000013952,2024-09-23,2024-09-23T15:00:00+00:00,CALLBACK,LOW_ENGAGEMENT,27.33,CH_RETENTION_OUTBOUND,AGT_00041,true,true
RET_0000001341,CUST_00008762,POL_000013956,2025-12-09,2025-12-09T08:00:00+00:00,LOYALTY_BONUS,PREMIUM_INCREASE,32.24,CH_RETENTION_OUTBOUND,AGT_00006,true,false
RET_0000001342,CUST_00008766,POL_000013960,2026-01-14,2026-01-14T19:00:00+00:00,CALLBACK,PAYMENT_INCIDENT,18.86,CH_RETENTION_OUTBOUND,AGT_00146,true,true
RET_0000001343,CUST_00008770,POL_000013968,2024-08-26,2024-08-26T17:00:00+00:00,PAYMENT_PLAN,PAYMENT_INCIDENT,35.65,CH_RETENTION_OUTBOUND,AGT_00083,true,true
RET_0000001344,CUST_00008771,POL_000013969,2024-10-15,2024-10-15T16:00:00+00:00,LOYALTY_BONUS,PREMIUM_INCREASE,85.03,CH_RETENTION_OUTBOUND,AGT_00048,false,false
RET_0000001345,CUST_00008774,POL_000013974,2026-04-07,2026-04-07T19:00:00+00:00,CLAIM_REVIEW,PAYMENT_INCIDENT,21.91,CH_RETENTION_OUTBOUND,AGT_00111,true,false
RET_0000001346,CUST_00008776,POL_000013976,2024-06-29,2024-06-29T10:00:00+00:00,DISCOUNT,PREMIUM_INCREASE,26.1,CH_RETENTION_OUTBOUND,AGT_00048,true,true
RET_0000001347,CUST_00008787,POL_000013987,2025-02-11,2025-02-11T15:00:00+00:00,CALLBACK,LOW_ENGAGEMENT,37.24,CH_RETENTION_OUTBOUND,AGT_00041,false,false
RET_0000001348,CUST_00008790,POL_000013990,2024-12-17,2024-12-17T16:00:00+00:00,CALLBACK,COMPLAINT,13.48,CH_RETENTION_OUTBOUND,AGT_00006,true,true
RET_0000001349,CUST_00008795,POL_000013997,2025-04-23,2025-04-23T15:00:00+00:00,DISCOUNT,PREMIUM_INCREASE,9.16,CH_RETENTION_OUTBOUND,AGT_00006,false,false
RET_0000001350,CUST_00008817,POL_000014031,2023-11-26,2023-11-26T19:00:00+00:00,DISCOUNT,LOW_ENGAGEMENT,96.03,CH_RETENTION_OUTBOUND,AGT_00139,true,false
RET_0000001351,CUST_00008823,POL_000014044,2026-03-12,2026-03-12T09:00:00+00:00,DISCOUNT,PREMIUM_INCREASE,63.37,CH_RETENTION_OUTBOUND,AGT_00069,true,true
RET_0000001352,CUST_00008826,POL_000014047,2026-02-08,2026-02-08T15:00:00+00:00,DISCOUNT,PREMIUM_INCREASE,93.19,CH_RETENTION_OUTBOUND,AGT_00055,false,false
RET_0000001353,CUST_00008830,POL_000014055,2024-10-10,2024-10-10T17:00:00+00:00,DISCOUNT,RENEWAL_RISK,47.82,CH_RETENTION_OUTBOUND,AGT_00125,false,false
RET_0000001354,CUST_00008836,POL_000014064,2026-04-19,2026-04-19T19:00:00+00:00,CALLBACK,PREMIUM_INCREASE,74.52,CH_RETENTION_OUTBOUND,AGT_00139,false,false
RET_0000001355,CUST_00008842,POL_000014073,2023-12-22,2023-12-22T09:00:00+00:00,DISCOUNT,COMPLAINT,126.54,CH_RETENTION_OUTBOUND,AGT_00020,true,false
RET_0000001356,CUST_00008855,POL_000014091,2023-05-12,2023-05-12T16:00:00+00:00,CALLBACK,PREMIUM_INCREASE,11.7,CH_RETENTION_OUTBOUND,AGT_00034,false,false
RET_0000001357,CUST_00008856,POL_000014095,2025-10-18,2025-10-18T09:00:00+00:00,LOYALTY_BONUS,HIGH_VALUE_SAVE,35.78,CH_RETENTION_OUTBOUND,AGT_00069,true,true
RET_0000001358,CUST_00008857,POL_000014096,2025-12-07,2025-12-07T09:00:00+00:00,DISCOUNT,HIGH_VALUE_SAVE,59.35,CH_RETENTION_OUTBOUND,AGT_00097,false,false
RET_0000001359,CUST_00008862,POL_000014104,2023-05-28,2023-05-28T12:00:00+00:00,DISCOUNT,PREMIUM_INCREASE,56.92,CH_RETENTION_OUTBOUND,AGT_00139,true,true
RET_0000001360,CUST_00008865,POL_000014108,2026-05-07,2026-05-07T12:00:00+00:00,PAYMENT_PLAN,RENEWAL_RISK,40.75,CH_RETENTION_OUTBOUND,AGT_00132,false,false
RET_0000001361,CUST_00008889,POL_000014142,2025-07-25,2025-07-25T14:00:00+00:00,DISCOUNT,PREMIUM_INCREASE,78.73,CH_RETENTION_OUTBOUND,AGT_00111,true,false
RET_0000001362,CUST_00008891,POL_000014144,2023-08-02,2023-08-02T19:00:00+00:00,CALLBACK,PREMIUM_INCREASE,16.32,CH_RETENTION_OUTBOUND,AGT_00090,false,false
RET_0000001363,CUST_00008897,POL_000014155,2023-03-30,2023-03-30T14:00:00+00:00,DISCOUNT,LOW_ENGAGEMENT,14.47,CH_RETENTION_OUTBOUND,AGT_00097,false,false
RET_0000001364,CUST_00008900,POL_000014159,2024-02-24,2024-02-24T14:00:00+00:00,LOYALTY_BONUS,LOW_ENGAGEMENT,31.83,CH_RETENTION_OUTBOUND,AGT_00062,true,true
RET_0000001365,CUST_00008903,POL_000014167,2026-06-07,2026-06-07T12:00:00+00:00,PAYMENT_PLAN,COMPLAINT,24.17,CH_RETENTION_OUTBOUND,AGT_00006,false,false
RET_0000001366,CUST_00008915,POL_000014182,2025-02-11,2025-02-11T12:00:00+00:00,CLAIM_REVIEW,PREMIUM_INCREASE,195.79,CH_RETENTION_OUTBOUND,AGT_00125,false,false
RET_0000001367,CUST_00008918,POL_000014190,2025-10-01,2025-10-01T13:00:00+00:00,CALLBACK,PREMIUM_INCREASE,56.29,CH_RETENTION_OUTBOUND,AGT_00048,true,true
RET_0000001368,CUST_00008935,POL_000014216,2024-06-01,2024-06-01T15:00:00+00:00,DISCOUNT,COMPLAINT,201.73,CH_RETENTION_OUTBOUND,AGT_00069,true,true
RET_0000001369,CUST_00008938,POL_000014221,2024-02-07,2024-02-07T16:00:00+00:00,DISCOUNT,PAYMENT_INCIDENT,221.89,CH_RETENTION_OUTBOUND,AGT_00048,false,false
RET_0000001370,CUST_00008940,POL_000014226,2023-02-11,2023-02-11T12:00:00+00:00,PAYMENT_PLAN,COMPLAINT,44.94,CH_RETENTION_OUTBOUND,AGT_00034,true,true
RET_0000001371,CUST_00008960,POL_000014259,2022-07-20,2022-07-20T11:00:00+00:00,PAYMENT_PLAN,LOW_ENGAGEMENT,55.7,CH_RETENTION_OUTBOUND,AGT_00020,true,true
RET_0000001372,CUST_00008962,POL_000014263,2026-02-08,2026-02-08T16:00:00+00:00,PAYMENT_PLAN,PREMIUM_INCREASE,41.16,CH_RETENTION_OUTBOUND,AGT_00027,false,false
RET_0000001373,CUST_00008963,POL_000014265,2025-05-09,2025-05-09T11:00:00+00:00,DISCOUNT,RENEWAL_RISK,26.55,CH_RETENTION_OUTBOUND,AGT_00027,true,true
RET_0000001374,CUST_00008973,POL_000014285,2023-08-29,2023-08-29T16:00:00+00:00,DISCOUNT,PREMIUM_INCREASE,58.91,CH_RETENTION_OUTBOUND,AGT_00160,true,false
RET_0000001375,CUST_00008976,POL_000014290,2023-05-27,2023-05-27T14:00:00+00:00,CALLBACK,LOW_ENGAGEMENT,108.34,CH_RETENTION_OUTBOUND,AGT_00048,false,false
RET_0000001376,CUST_00008978,POL_000014292,2026-02-13,2026-02-13T13:00:00+00:00,CLAIM_REVIEW,PREMIUM_INCREASE,60.62,CH_RETENTION_OUTBOUND,AGT_00153,false,false
RET_0000001377,CUST_00008979,POL_000014293,2024-03-05,2024-03-05T15:00:00+00:00,PAYMENT_PLAN,LOW_ENGAGEMENT,7.52,CH_RETENTION_OUTBOUND,AGT_00020,false,false
RET_0000001378,CUST_00008982,POL_000014297,2024-11-15,2024-11-15T11:00:00+00:00,LOYALTY_BONUS,PAYMENT_INCIDENT,117.79,CH_RETENTION_OUTBOUND,AGT_00090,false,false
RET_0000001379,CUST_00008988,POL_000014309,2025-09-02,2025-09-02T14:00:00+00:00,LOYALTY_BONUS,HIGH_VALUE_SAVE,129.88,CH_RETENTION_OUTBOUND,AGT_00041,false,false
RET_0000001380,CUST_00009005,POL_000014343,2026-05-10,2026-05-10T16:00:00+00:00,PAYMENT_PLAN,PREMIUM_INCREASE,61.89,CH_RETENTION_OUTBOUND,AGT_00097,true,true
RET_0000001381,CUST_00009006,POL_000014347,2024-01-10,2024-01-10T13:00:00+00:00,PAYMENT_PLAN,PAYMENT_INCIDENT,46.4,CH_RETENTION_OUTBOUND,AGT_00104,false,false
RET_0000001382,CUST_00009009,POL_000014352,2026-01-12,2026-01-12T15:00:00+00:00,DISCOUNT,PAYMENT_INCIDENT,33.11,CH_RETENTION_OUTBOUND,AGT_00146,false,false
RET_0000001383,CUST_00009013,POL_000014357,2025-06-17,2025-06-17T15:00:00+00:00,DISCOUNT,LOW_ENGAGEMENT,69.78,CH_RETENTION_OUTBOUND,AGT_00041,false,false
RET_0000001384,CUST_00009018,POL_000014363,2023-09-20,2023-09-20T11:00:00+00:00,PAYMENT_PLAN,LOW_ENGAGEMENT,72.3,CH_RETENTION_OUTBOUND,AGT_00083,true,true
RET_0000001385,CUST_00009020,POL_000014367,2025-09-05,2025-09-05T13:00:00+00:00,CALLBACK,HIGH_VALUE_SAVE,113.22,CH_RETENTION_OUTBOUND,AGT_00020,false,false
RET_0000001386,CUST_00009021,POL_000014369,2025-05-25,2025-05-25T08:00:00+00:00,DISCOUNT,PREMIUM_INCREASE,26.02,CH_RETENTION_OUTBOUND,AGT_00139,false,false
RET_0000001387,CUST_00009022,POL_000014370,2025-07-24,2025-07-24T13:00:00+00:00,CALLBACK,PAYMENT_INCIDENT,44.68,CH_RETENTION_OUTBOUND,AGT_00013,false,false
RET_0000001388,CUST_00009024,POL_000014373,2026-01-02,2026-01-02T13:00:00+00:00,DISCOUNT,HIGH_VALUE_SAVE,35.76,CH_RETENTION_OUTBOUND,AGT_00020,true,true
RET_0000001389,CUST_00009025,POL_000014374,2025-06-25,2025-06-25T17:00:00+00:00,DISCOUNT,PREMIUM_INCREASE,43.58,CH_RETENTION_OUTBOUND,AGT_00097,false,false
RET_0000001390,CUST_00009035,POL_000014389,2025-06-20,2025-06-20T10:00:00+00:00,DISCOUNT,RENEWAL_RISK,28.49,CH_RETENTION_OUTBOUND,AGT_00006,false,false
RET_0000001391,CUST_00009040,POL_000014396,2026-05-26,2026-05-26T11:00:00+00:00,PAYMENT_PLAN,COMPLAINT,83.43,CH_RETENTION_OUTBOUND,AGT_00153,false,false
RET_0000001392,CUST_00009042,POL_000014399,2025-12-21,2025-12-21T13:00:00+00:00,DISCOUNT,RENEWAL_RISK,48.61,CH_RETENTION_OUTBOUND,AGT_00055,false,false
RET_0000001393,CUST_00009043,POL_000014400,2023-05-04,2023-05-04T18:00:00+00:00,CALLBACK,LOW_ENGAGEMENT,50.77,CH_RETENTION_OUTBOUND,AGT_00027,false,false
RET_0000001394,CUST_00009049,POL_000014410,2025-02-22,2025-02-22T19:00:00+00:00,DISCOUNT,PREMIUM_INCREASE,46.15,CH_RETENTION_OUTBOUND,AGT_00006,false,false
RET_0000001395,CUST_00009065,POL_000014436,2023-03-04,2023-03-04T16:00:00+00:00,LOYALTY_BONUS,COMPLAINT,31.42,CH_RETENTION_OUTBOUND,AGT_00090,false,false
RET_0000001396,CUST_00009069,POL_000014440,2024-12-11,2024-12-11T08:00:00+00:00,DISCOUNT,COMPLAINT,117.87,CH_RETENTION_OUTBOUND,AGT_00055,false,false
RET_0000001397,CUST_00009073,POL_000014447,2025-08-05,2025-08-05T14:00:00+00:00,DISCOUNT,COMPLAINT,22.69,CH_RETENTION_OUTBOUND,AGT_00055,false,false
RET_0000001398,CUST_00009075,POL_000014453,2025-06-14,2025-06-14T19:00:00+00:00,DISCOUNT,RENEWAL_RISK,69.99,CH_RETENTION_OUTBOUND,AGT_00153,true,false
RET_0000001399,CUST_00009080,POL_000014461,2026-06-18,2026-06-18T13:00:00+00:00,CLAIM_REVIEW,PAYMENT_INCIDENT,14.87,CH_RETENTION_OUTBOUND,AGT_00083,true,true
RET_0000001400,CUST_00009098,POL_000014492,2025-05-11,2025-05-11T12:00:00+00:00,PAYMENT_PLAN,COMPLAINT,26.13,CH_RETENTION_OUTBOUND,AGT_00041,true,true
RET_0000001401,CUST_00009100,POL_000014496,2025-02-28,2025-02-28T14:00:00+00:00,LOYALTY_BONUS,PREMIUM_INCREASE,5.12,CH_RETENTION_OUTBOUND,AGT_00069,true,true
RET_0000001402,CUST_00009111,POL_000014509,2025-12-21,2025-12-21T19:00:00+00:00,LOYALTY_BONUS,PAYMENT_INCIDENT,130.04,CH_RETENTION_OUTBOUND,AGT_00055,true,false
RET_0000001403,CUST_00009113,POL_000014514,2024-09-05,2024-09-05T17:00:00+00:00,DISCOUNT,PREMIUM_INCREASE,20.48,CH_RETENTION_OUTBOUND,AGT_00055,false,false
RET_0000001404,CUST_00009121,POL_000014523,2023-03-01,2023-03-01T15:00:00+00:00,DISCOUNT,PAYMENT_INCIDENT,33.38,CH_RETENTION_OUTBOUND,AGT_00153,false,false
RET_0000001405,CUST_00009122,POL_000014524,2024-02-29,2024-02-29T18:00:00+00:00,CALLBACK,PAYMENT_INCIDENT,15.92,CH_RETENTION_OUTBOUND,AGT_00027,false,false
RET_0000001406,CUST_00009129,POL_000014535,2026-04-17,2026-04-17T10:00:00+00:00,CALLBACK,HIGH_VALUE_SAVE,37.82,CH_RETENTION_OUTBOUND,AGT_00055,false,false
RET_0000001407,CUST_00009131,POL_000014539,2024-10-18,2024-10-18T17:00:00+00:00,CALLBACK,RENEWAL_RISK,43.32,CH_RETENTION_OUTBOUND,AGT_00006,false,false
RET_0000001408,CUST_00009133,POL_000014541,2026-01-06,2026-01-06T09:00:00+00:00,DISCOUNT,COMPLAINT,30.71,CH_RETENTION_OUTBOUND,AGT_00083,false,false
RET_0000001409,CUST_00009136,POL_000014550,2025-08-18,2025-08-18T09:00:00+00:00,DISCOUNT,PREMIUM_INCREASE,10.87,CH_RETENTION_OUTBOUND,AGT_00111,true,true
RET_0000001410,CUST_00009140,POL_000014557,2026-01-24,2026-01-24T14:00:00+00:00,DISCOUNT,LOW_ENGAGEMENT,36.97,CH_RETENTION_OUTBOUND,AGT_00153,true,false
RET_0000001411,CUST_00009149,POL_000014568,2024-05-06,2024-05-06T17:00:00+00:00,CALLBACK,PAYMENT_INCIDENT,98.32,CH_RETENTION_OUTBOUND,AGT_00034,true,true
RET_0000001412,CUST_00009150,POL_000014569,2025-08-26,2025-08-26T13:00:00+00:00,DISCOUNT,RENEWAL_RISK,88.72,CH_RETENTION_OUTBOUND,AGT_00083,false,false
RET_0000001413,CUST_00009159,POL_000014588,2025-08-01,2025-08-01T11:00:00+00:00,LOYALTY_BONUS,PREMIUM_INCREASE,40.51,CH_RETENTION_OUTBOUND,AGT_00048,false,false
RET_0000001414,CUST_00009182,POL_000014622,2023-05-18,2023-05-18T08:00:00+00:00,DISCOUNT,RENEWAL_RISK,124.14,CH_RETENTION_OUTBOUND,AGT_00083,true,false
RET_0000001415,CUST_00009193,POL_000014640,2026-03-12,2026-03-12T10:00:00+00:00,LOYALTY_BONUS,COMPLAINT,11.3,CH_RETENTION_OUTBOUND,AGT_00020,false,false
RET_0000001416,CUST_00009200,POL_000014652,2025-08-28,2025-08-28T17:00:00+00:00,PAYMENT_PLAN,LOW_ENGAGEMENT,29.35,CH_RETENTION_OUTBOUND,AGT_00013,true,true
RET_0000001417,CUST_00009204,POL_000014658,2025-07-21,2025-07-21T14:00:00+00:00,CALLBACK,PAYMENT_INCIDENT,128.57,CH_RETENTION_OUTBOUND,AGT_00048,false,false
RET_0000001418,CUST_00009224,POL_000014688,2026-05-09,2026-05-09T18:00:00+00:00,DISCOUNT,PREMIUM_INCREASE,151.74,CH_RETENTION_OUTBOUND,AGT_00013,false,false
RET_0000001419,CUST_00009227,POL_000014694,2025-07-24,2025-07-24T15:00:00+00:00,DISCOUNT,PREMIUM_INCREASE,11.27,CH_RETENTION_OUTBOUND,AGT_00069,true,true
RET_0000001420,CUST_00009228,POL_000014695,2025-08-28,2025-08-28T16:00:00+00:00,PAYMENT_PLAN,PREMIUM_INCREASE,28.57,CH_RETENTION_OUTBOUND,AGT_00097,false,false
RET_0000001421,CUST_00009234,POL_000014701,2025-07-24,2025-07-24T16:00:00+00:00,DISCOUNT,HIGH_VALUE_SAVE,16.69,CH_RETENTION_OUTBOUND,AGT_00020,false,false
RET_0000001422,CUST_00009235,POL_000014704,2025-03-30,2025-03-30T12:00:00+00:00,LOYALTY_BONUS,RENEWAL_RISK,41.54,CH_RETENTION_OUTBOUND,AGT_00153,false,false
RET_0000001423,CUST_00009238,POL_000014711,2025-05-05,2025-05-05T17:00:00+00:00,CALLBACK,COMPLAINT,63.62,CH_RETENTION_OUTBOUND,AGT_00006,true,true
RET_0000001424,CUST_00009260,POL_000014742,2025-11-15,2025-11-15T19:00:00+00:00,CALLBACK,PAYMENT_INCIDENT,54.26,CH_RETENTION_OUTBOUND,AGT_00097,false,false
RET_0000001425,CUST_00009274,POL_000014770,2025-05-01,2025-05-01T13:00:00+00:00,CALLBACK,PREMIUM_INCREASE,22.81,CH_RETENTION_OUTBOUND,AGT_00132,false,false
RET_0000001426,CUST_00009276,POL_000014772,2024-01-24,2024-01-24T19:00:00+00:00,PAYMENT_PLAN,LOW_ENGAGEMENT,109.43,CH_RETENTION_OUTBOUND,AGT_00118,true,true
RET_0000001427,CUST_00009285,POL_000014785,2025-11-02,2025-11-02T09:00:00+00:00,DISCOUNT,PREMIUM_INCREASE,49.13,CH_RETENTION_OUTBOUND,AGT_00041,false,false
RET_0000001428,CUST_00009289,POL_000014793,2024-11-19,2024-11-19T18:00:00+00:00,PAYMENT_PLAN,PAYMENT_INCIDENT,36.07,CH_RETENTION_OUTBOUND,AGT_00132,false,false
RET_0000001429,CUST_00009290,POL_000014794,2025-09-27,2025-09-27T15:00:00+00:00,LOYALTY_BONUS,LOW_ENGAGEMENT,30.56,CH_RETENTION_OUTBOUND,AGT_00048,false,false
RET_0000001430,CUST_00009296,POL_000014804,2025-12-18,2025-12-18T15:00:00+00:00,DISCOUNT,COMPLAINT,43.41,CH_RETENTION_OUTBOUND,AGT_00076,false,false
RET_0000001431,CUST_00009323,POL_000014843,2023-12-02,2023-12-02T11:00:00+00:00,CALLBACK,LOW_ENGAGEMENT,10.84,CH_RETENTION_OUTBOUND,AGT_00111,true,true
RET_0000001432,CUST_00009333,POL_000014857,2026-06-30,2026-06-30T09:00:00+00:00,CALLBACK,PREMIUM_INCREASE,81.29,CH_RETENTION_OUTBOUND,AGT_00146,false,false
RET_0000001433,CUST_00009340,POL_000014868,2025-04-26,2025-04-26T17:00:00+00:00,PAYMENT_PLAN,PREMIUM_INCREASE,16.14,CH_RETENTION_OUTBOUND,AGT_00118,false,false
RET_0000001434,CUST_00009341,POL_000014871,2025-02-27,2025-02-27T12:00:00+00:00,DISCOUNT,PREMIUM_INCREASE,10.95,CH_RETENTION_OUTBOUND,AGT_00132,true,false
RET_0000001435,CUST_00009355,POL_000014891,2026-06-03,2026-06-03T17:00:00+00:00,DISCOUNT,PREMIUM_INCREASE,8.36,CH_RETENTION_OUTBOUND,AGT_00041,false,false
RET_0000001436,CUST_00009357,POL_000014894,2023-08-28,2023-08-28T09:00:00+00:00,DISCOUNT,COMPLAINT,12.8,CH_RETENTION_OUTBOUND,AGT_00153,false,false
RET_0000001437,CUST_00009377,POL_000014933,2026-05-02,2026-05-02T16:00:00+00:00,DISCOUNT,RENEWAL_RISK,7.8,CH_RETENTION_OUTBOUND,AGT_00027,false,false
RET_0000001438,CUST_00009384,POL_000014945,2025-10-19,2025-10-19T18:00:00+00:00,DISCOUNT,HIGH_VALUE_SAVE,32.38,CH_RETENTION_OUTBOUND,AGT_00013,true,true
RET_0000001439,CUST_00009390,POL_000014952,2025-07-02,2025-07-02T15:00:00+00:00,LOYALTY_BONUS,RENEWAL_RISK,46.54,CH_RETENTION_OUTBOUND,AGT_00083,true,true
RET_0000001440,CUST_00009395,POL_000014961,2026-03-25,2026-03-25T12:00:00+00:00,CALLBACK,PREMIUM_INCREASE,54.62,CH_RETENTION_OUTBOUND,AGT_00146,true,false
RET_0000001441,CUST_00009413,POL_000014986,2025-01-07,2025-01-07T19:00:00+00:00,CLAIM_REVIEW,RENEWAL_RISK,10.1,CH_RETENTION_OUTBOUND,AGT_00153,true,true
RET_0000001442,CUST_00009415,POL_000014989,2025-03-08,2025-03-08T18:00:00+00:00,DISCOUNT,COMPLAINT,9.54,CH_RETENTION_OUTBOUND,AGT_00118,true,true
RET_0000001443,CUST_00009421,POL_000014998,2024-12-04,2024-12-04T18:00:00+00:00,CALLBACK,COMPLAINT,96.25,CH_RETENTION_OUTBOUND,AGT_00097,true,true
RET_0000001444,CUST_00009422,POL_000014999,2024-12-04,2024-12-04T09:00:00+00:00,CALLBACK,RENEWAL_RISK,76.25,CH_RETENTION_OUTBOUND,AGT_00006,true,true
RET_0000001445,CUST_00009437,POL_000015023,2025-11-21,2025-11-21T15:00:00+00:00,DISCOUNT,RENEWAL_RISK,87.33,CH_RETENTION_OUTBOUND,AGT_00055,false,false
RET_0000001446,CUST_00009439,POL_000015026,2025-06-14,2025-06-14T09:00:00+00:00,LOYALTY_BONUS,PAYMENT_INCIDENT,160.63,CH_RETENTION_OUTBOUND,AGT_00048,false,false
RET_0000001447,CUST_00009444,POL_000015033,2024-04-25,2024-04-25T10:00:00+00:00,PAYMENT_PLAN,PREMIUM_INCREASE,24.61,CH_RETENTION_OUTBOUND,AGT_00013,true,true
RET_0000001448,CUST_00009451,POL_000015040,2025-10-07,2025-10-07T19:00:00+00:00,CALLBACK,COMPLAINT,52.1,CH_RETENTION_OUTBOUND,AGT_00111,false,false
RET_0000001449,CUST_00009459,POL_000015053,2025-01-26,2025-01-26T17:00:00+00:00,DISCOUNT,PREMIUM_INCREASE,74.68,CH_RETENTION_OUTBOUND,AGT_00083,true,true
RET_0000001450,CUST_00009464,POL_000015060,2025-02-03,2025-02-03T08:00:00+00:00,PAYMENT_PLAN,PREMIUM_INCREASE,67.0,CH_RETENTION_OUTBOUND,AGT_00090,true,true
RET_0000001451,CUST_00009467,POL_000015064,2026-01-23,2026-01-23T16:00:00+00:00,CLAIM_REVIEW,LOW_ENGAGEMENT,92.94,CH_RETENTION_OUTBOUND,AGT_00097,true,true
RET_0000001452,CUST_00009470,POL_000015069,2022-01-13,2022-01-13T19:00:00+00:00,DISCOUNT,COMPLAINT,20.73,CH_RETENTION_OUTBOUND,AGT_00006,false,false
RET_0000001453,CUST_00009480,POL_000015085,2026-05-28,2026-05-28T19:00:00+00:00,CLAIM_REVIEW,COMPLAINT,48.05,CH_RETENTION_OUTBOUND,AGT_00062,true,true
RET_0000001454,CUST_00009506,POL_000015123,2024-06-14,2024-06-14T17:00:00+00:00,CLAIM_REVIEW,PAYMENT_INCIDENT,33.7,CH_RETENTION_OUTBOUND,AGT_00020,false,false
RET_0000001455,CUST_00009520,POL_000015147,2023-09-16,2023-09-16T09:00:00+00:00,CALLBACK,PAYMENT_INCIDENT,66.0,CH_RETENTION_OUTBOUND,AGT_00041,false,false
RET_0000001456,CUST_00009521,POL_000015151,2023-08-21,2023-08-21T16:00:00+00:00,DISCOUNT,PREMIUM_INCREASE,46.31,CH_RETENTION_OUTBOUND,AGT_00125,true,true
RET_0000001457,CUST_00009541,POL_000015183,2026-02-15,2026-02-15T10:00:00+00:00,CLAIM_REVIEW,RENEWAL_RISK,23.93,CH_RETENTION_OUTBOUND,AGT_00097,true,true
RET_0000001458,CUST_00009555,POL_000015202,2024-07-10,2024-07-10T11:00:00+00:00,CALLBACK,HIGH_VALUE_SAVE,50.5,CH_RETENTION_OUTBOUND,AGT_00055,false,false
RET_0000001459,CUST_00009562,POL_000015212,2026-05-01,2026-05-01T11:00:00+00:00,CALLBACK,LOW_ENGAGEMENT,19.04,CH_RETENTION_OUTBOUND,AGT_00076,false,false
RET_0000001460,CUST_00009568,POL_000015221,2026-01-03,2026-01-03T13:00:00+00:00,CLAIM_REVIEW,PREMIUM_INCREASE,65.15,CH_RETENTION_OUTBOUND,AGT_00062,false,false
RET_0000001461,CUST_00009570,POL_000015223,2026-03-12,2026-03-12T09:00:00+00:00,DISCOUNT,PAYMENT_INCIDENT,25.34,CH_RETENTION_OUTBOUND,AGT_00048,true,true
RET_0000001462,CUST_00009571,POL_000015224,2026-06-10,2026-06-10T17:00:00+00:00,PAYMENT_PLAN,PREMIUM_INCREASE,38.51,CH_RETENTION_OUTBOUND,AGT_00013,false,false
RET_0000001463,CUST_00009577,POL_000015231,2024-11-22,2024-11-22T19:00:00+00:00,PAYMENT_PLAN,PAYMENT_INCIDENT,14.39,CH_RETENTION_OUTBOUND,AGT_00083,false,false
RET_0000001464,CUST_00009581,POL_000015237,2025-12-26,2025-12-26T16:00:00+00:00,PAYMENT_PLAN,PREMIUM_INCREASE,79.59,CH_RETENTION_OUTBOUND,AGT_00076,false,false
RET_0000001465,CUST_00009592,POL_000015252,2025-05-13,2025-05-13T12:00:00+00:00,CALLBACK,RENEWAL_RISK,21.19,CH_RETENTION_OUTBOUND,AGT_00027,false,false
RET_0000001466,CUST_00009594,POL_000015257,2025-01-14,2025-01-14T16:00:00+00:00,DISCOUNT,PREMIUM_INCREASE,30.05,CH_RETENTION_OUTBOUND,AGT_00006,false,false
RET_0000001467,CUST_00009597,POL_000015260,2025-08-27,2025-08-27T09:00:00+00:00,DISCOUNT,LOW_ENGAGEMENT,106.78,CH_RETENTION_OUTBOUND,AGT_00097,false,false
RET_0000001468,CUST_00009601,POL_000015265,2023-12-10,2023-12-10T10:00:00+00:00,PAYMENT_PLAN,RENEWAL_RISK,6.16,CH_RETENTION_OUTBOUND,AGT_00069,true,false
RET_0000001469,CUST_00009617,POL_000015287,2024-12-06,2024-12-06T19:00:00+00:00,PAYMENT_PLAN,COMPLAINT,6.57,CH_RETENTION_OUTBOUND,AGT_00069,false,false
RET_0000001470,CUST_00009623,POL_000015300,2026-05-29,2026-05-29T16:00:00+00:00,PAYMENT_PLAN,PREMIUM_INCREASE,20.79,CH_RETENTION_OUTBOUND,AGT_00083,false,false
RET_0000001471,CUST_00009628,POL_000015308,2024-03-07,2024-03-07T15:00:00+00:00,LOYALTY_BONUS,COMPLAINT,33.74,CH_RETENTION_OUTBOUND,AGT_00041,false,false
RET_0000001472,CUST_00009633,POL_000015318,2023-05-02,2023-05-02T13:00:00+00:00,DISCOUNT,LOW_ENGAGEMENT,55.81,CH_RETENTION_OUTBOUND,AGT_00139,false,false
RET_0000001473,CUST_00009637,POL_000015322,2026-01-26,2026-01-26T12:00:00+00:00,CALLBACK,PREMIUM_INCREASE,58.41,CH_RETENTION_OUTBOUND,AGT_00069,true,false
RET_0000001474,CUST_00009646,POL_000015340,2025-04-16,2025-04-16T09:00:00+00:00,CALLBACK,PAYMENT_INCIDENT,77.07,CH_RETENTION_OUTBOUND,AGT_00020,true,true
RET_0000001475,CUST_00009659,POL_000015361,2025-09-05,2025-09-05T18:00:00+00:00,PAYMENT_PLAN,PREMIUM_INCREASE,20.11,CH_RETENTION_OUTBOUND,AGT_00139,true,false
RET_0000001476,CUST_00009662,POL_000015366,2026-04-22,2026-04-22T12:00:00+00:00,DISCOUNT,PAYMENT_INCIDENT,45.65,CH_RETENTION_OUTBOUND,AGT_00034,false,false
RET_0000001477,CUST_00009669,POL_000015378,2025-11-12,2025-11-12T15:00:00+00:00,DISCOUNT,LOW_ENGAGEMENT,47.06,CH_RETENTION_OUTBOUND,AGT_00027,false,false
RET_0000001478,CUST_00009679,POL_000015391,2024-09-06,2024-09-06T13:00:00+00:00,CLAIM_REVIEW,PREMIUM_INCREASE,64.2,CH_RETENTION_OUTBOUND,AGT_00034,true,true
RET_0000001479,CUST_00009687,POL_000015404,2025-12-24,2025-12-24T13:00:00+00:00,CALLBACK,PAYMENT_INCIDENT,31.87,CH_RETENTION_OUTBOUND,AGT_00111,false,false
RET_0000001480,CUST_00009704,POL_000015432,2024-05-25,2024-05-25T12:00:00+00:00,CALLBACK,PAYMENT_INCIDENT,172.55,CH_RETENTION_OUTBOUND,AGT_00048,true,false
RET_0000001481,CUST_00009710,POL_000015444,2025-11-30,2025-11-30T10:00:00+00:00,DISCOUNT,PREMIUM_INCREASE,14.34,CH_RETENTION_OUTBOUND,AGT_00076,true,true
RET_0000001482,CUST_00009716,POL_000015452,2025-04-21,2025-04-21T10:00:00+00:00,PAYMENT_PLAN,COMPLAINT,166.33,CH_RETENTION_OUTBOUND,AGT_00013,true,true
RET_0000001483,CUST_00009720,POL_000015458,2024-03-27,2024-03-27T11:00:00+00:00,CLAIM_REVIEW,PREMIUM_INCREASE,53.15,CH_RETENTION_OUTBOUND,AGT_00006,false,false
RET_0000001484,CUST_00009736,POL_000015489,2025-11-08,2025-11-08T15:00:00+00:00,CALLBACK,HIGH_VALUE_SAVE,55.19,CH_RETENTION_OUTBOUND,AGT_00013,false,false
RET_0000001485,CUST_00009743,POL_000015501,2025-03-14,2025-03-14T17:00:00+00:00,DISCOUNT,PREMIUM_INCREASE,30.67,CH_RETENTION_OUTBOUND,AGT_00153,true,false
RET_0000001486,CUST_00009747,POL_000015506,2026-06-04,2026-06-04T12:00:00+00:00,CALLBACK,PREMIUM_INCREASE,23.48,CH_RETENTION_OUTBOUND,AGT_00076,true,true
RET_0000001487,CUST_00009754,POL_000015519,2025-12-04,2025-12-04T15:00:00+00:00,DISCOUNT,HIGH_VALUE_SAVE,41.46,CH_RETENTION_OUTBOUND,AGT_00013,true,false
RET_0000001488,CUST_00009758,POL_000015523,2024-12-09,2024-12-09T08:00:00+00:00,LOYALTY_BONUS,PREMIUM_INCREASE,42.29,CH_RETENTION_OUTBOUND,AGT_00069,true,true
RET_0000001489,CUST_00009778,POL_000015553,2023-06-22,2023-06-22T08:00:00+00:00,CALLBACK,LOW_ENGAGEMENT,64.77,CH_RETENTION_OUTBOUND,AGT_00083,true,true
RET_0000001490,CUST_00009780,POL_000015556,2026-03-05,2026-03-05T19:00:00+00:00,LOYALTY_BONUS,COMPLAINT,92.16,CH_RETENTION_OUTBOUND,AGT_00104,false,false
RET_0000001491,CUST_00009782,POL_000015559,2023-10-30,2023-10-30T16:00:00+00:00,DISCOUNT,RENEWAL_RISK,32.22,CH_RETENTION_OUTBOUND,AGT_00111,false,false
RET_0000001492,CUST_00009789,POL_000015569,2025-09-16,2025-09-16T13:00:00+00:00,LOYALTY_BONUS,PAYMENT_INCIDENT,202.2,CH_RETENTION_OUTBOUND,AGT_00027,false,false
RET_0000001493,CUST_00009795,POL_000015575,2025-05-23,2025-05-23T15:00:00+00:00,LOYALTY_BONUS,RENEWAL_RISK,15.79,CH_RETENTION_OUTBOUND,AGT_00111,false,false
RET_0000001494,CUST_00009800,POL_000015580,2026-05-02,2026-05-02T16:00:00+00:00,DISCOUNT,COMPLAINT,50.65,CH_RETENTION_OUTBOUND,AGT_00027,false,false
RET_0000001495,CUST_00009808,POL_000015595,2023-08-04,2023-08-04T15:00:00+00:00,PAYMENT_PLAN,PREMIUM_INCREASE,30.44,CH_RETENTION_OUTBOUND,AGT_00118,false,false
RET_0000001496,CUST_00009813,POL_000015607,2024-03-22,2024-03-22T12:00:00+00:00,DISCOUNT,HIGH_VALUE_SAVE,67.53,CH_RETENTION_OUTBOUND,AGT_00006,true,true
RET_0000001497,CUST_00009823,POL_000015621,2026-05-30,2026-05-30T09:00:00+00:00,CALLBACK,COMPLAINT,15.01,CH_RETENTION_OUTBOUND,AGT_00083,true,true
RET_0000001498,CUST_00009828,POL_000015629,2026-02-25,2026-02-25T14:00:00+00:00,LOYALTY_BONUS,RENEWAL_RISK,21.84,CH_RETENTION_OUTBOUND,AGT_00153,false,false
RET_0000001499,CUST_00009834,POL_000015636,2025-03-24,2025-03-24T15:00:00+00:00,CLAIM_REVIEW,PAYMENT_INCIDENT,39.22,CH_RETENTION_OUTBOUND,AGT_00083,true,true
RET_0000001500,CUST_00009842,POL_000015648,2026-02-06,2026-02-06T15:00:00+00:00,DISCOUNT,PAYMENT_INCIDENT,14.87,CH_RETENTION_OUTBOUND,AGT_00076,false,false
RET_0000001501,CUST_00009845,POL_000015654,2026-02-08,2026-02-08T15:00:00+00:00,CALLBACK,RENEWAL_RISK,36.54,CH_RETENTION_OUTBOUND,AGT_00027,false,false
RET_0000001502,CUST_00009854,POL_000015666,2025-11-30,2025-11-30T10:00:00+00:00,PAYMENT_PLAN,LOW_ENGAGEMENT,143.32,CH_RETENTION_OUTBOUND,AGT_00153,true,true
RET_0000001503,CUST_00009858,POL_000015670,2024-04-02,2024-04-02T09:00:00+00:00,CALLBACK,COMPLAINT,15.23,CH_RETENTION_OUTBOUND,AGT_00048,false,false
RET_0000001504,CUST_00009869,POL_000015688,2023-08-10,2023-08-10T11:00:00+00:00,CALLBACK,RENEWAL_RISK,44.8,CH_RETENTION_OUTBOUND,AGT_00006,true,true
RET_0000001505,CUST_00009894,POL_000015727,2025-05-31,2025-05-31T18:00:00+00:00,CALLBACK,PREMIUM_INCREASE,43.99,CH_RETENTION_OUTBOUND,AGT_00013,true,true
RET_0000001506,CUST_00009909,POL_000015749,2024-12-02,2024-12-02T19:00:00+00:00,CALLBACK,LOW_ENGAGEMENT,149.8,CH_RETENTION_OUTBOUND,AGT_00034,true,true
RET_0000001507,CUST_00009914,POL_000015759,2025-09-12,2025-09-12T18:00:00+00:00,CALLBACK,PREMIUM_INCREASE,56.76,CH_RETENTION_OUTBOUND,AGT_00055,true,true
RET_0000001508,CUST_00009915,POL_000015760,2026-01-02,2026-01-02T17:00:00+00:00,DISCOUNT,PAYMENT_INCIDENT,27.42,CH_RETENTION_OUTBOUND,AGT_00013,false,false
RET_0000001509,CUST_00009933,POL_000015782,2025-11-24,2025-11-24T16:00:00+00:00,DISCOUNT,HIGH_VALUE_SAVE,24.48,CH_RETENTION_OUTBOUND,AGT_00020,false,false
RET_0000001510,CUST_00009938,POL_000015792,2023-06-15,2023-06-15T12:00:00+00:00,DISCOUNT,PAYMENT_INCIDENT,123.66,CH_RETENTION_OUTBOUND,AGT_00027,true,true
RET_0000001511,CUST_00009940,POL_000015795,2026-06-01,2026-06-01T15:00:00+00:00,PAYMENT_PLAN,PREMIUM_INCREASE,131.91,CH_RETENTION_OUTBOUND,AGT_00013,false,false
RET_0000001512,CUST_00009943,POL_000015801,2025-08-31,2025-08-31T08:00:00+00:00,DISCOUNT,RENEWAL_RISK,80.43,CH_RETENTION_OUTBOUND,AGT_00097,true,true
RET_0000001513,CUST_00009944,POL_000015802,2025-11-27,2025-11-27T18:00:00+00:00,PAYMENT_PLAN,COMPLAINT,30.39,CH_RETENTION_OUTBOUND,AGT_00125,false,false
RET_0000001514,CUST_00009950,POL_000015811,2024-11-27,2024-11-27T15:00:00+00:00,LOYALTY_BONUS,COMPLAINT,34.24,CH_RETENTION_OUTBOUND,AGT_00125,true,true
RET_0000001515,CUST_00009962,POL_000015829,2024-11-16,2024-11-16T13:00:00+00:00,DISCOUNT,PREMIUM_INCREASE,5.34,CH_RETENTION_OUTBOUND,AGT_00097,true,false
RET_0000001516,CUST_00009968,POL_000015836,2023-10-13,2023-10-13T09:00:00+00:00,CALLBACK,PAYMENT_INCIDENT,34.83,CH_RETENTION_OUTBOUND,AGT_00104,true,true
RET_0000001517,CUST_00009971,POL_000015839,2026-02-06,2026-02-06T14:00:00+00:00,CALLBACK,HIGH_VALUE_SAVE,39.78,CH_RETENTION_OUTBOUND,AGT_00062,false,false
RET_0000001518,CUST_00009975,POL_000015847,2023-05-05,2023-05-05T18:00:00+00:00,CALLBACK,LOW_ENGAGEMENT,158.57,CH_RETENTION_OUTBOUND,AGT_00076,true,true
