quote_id,customer_id,product_id,channel_id,agent_id,quote_date,quoted_annual_premium,competitor_price_index,quote_status,converted_policy_id
QUO_0000000001,CUST_00000001,PROD_AUTO_STANDARD,CH_EMAIL,,2022-06-07,678.6,0.8866,SENT,
QUO_0000000002,CUST_00000002,PROD_LIFE_PREMIUM,CH_MOBILE,,2023-04-09,736.68,0.9863,DECLINED,
QUO_0000000003,CUST_00000003,PROD_LIFE_BASIC,CH_MOBILE,,2025-12-29,268.86,0.994,DECLINED,
QUO_0000000004,CUST_00000004,PROD_PET_STANDARD,CH_BRANCH,,2022-05-21,361.99,0.8463,EXPIRED,
QUO_0000000005,CUST_00000005,PROD_AUTO_BASIC,CH_EMAIL,,2024-03-26,473.18,0.8069,SENT,
QUO_0000000006,CUST_00000006,PROD_HOME_STANDARD,CH_MOBILE,,2025-08-26,482.28,0.996,ACCEPTED,
QUO_0000000007,CUST_00000007,PROD_LIFE_BASIC,CH_EMAIL,,2026-04-05,269.26,1.134,DECLINED,
QUO_0000000008,CUST_00000008,PROD_AUTO_STANDARD,CH_MOBILE,,2024-07-20,866.55,1.0446,ACCEPTED,
QUO_0000000009,CUST_00000014,PROD_HEALTH_BASIC,CH_MOBILE,,2026-01-07,715.58,1.0375,EXPIRED,
QUO_0000000010,CUST_00000016,PROD_PET_STANDARD,CH_MOBILE,,2022-08-20,357.06,0.914,ACCEPTED,
QUO_0000000011,CUST_00000021,PROD_HEALTH_PREMIUM,CH_EMAIL,,2024-10-28,1468.96,0.8628,SENT,
QUO_0000000012,CUST_00000022,PROD_LIFE_STANDARD,CH_EMAIL,,2023-09-14,416.47,0.8035,EXPIRED,
QUO_0000000013,CUST_00000023,PROD_AUTO_STANDARD,CH_EMAIL,,2026-03-12,735.71,0.7914,DECLINED,
QUO_0000000014,CUST_00000024,PROD_PET_STANDARD,CH_MOBILE,,2022-03-25,383.25,1.0595,ACCEPTED,
QUO_0000000015,CUST_00000025,PROD_HOME_STANDARD,CH_MOBILE,,2025-03-11,566.24,0.865,SENT,
QUO_0000000016,CUST_00000026,PROD_HEALTH_BASIC,CH_MOBILE,,2024-09-03,598.09,0.9691,SENT,
QUO_0000000017,CUST_00000027,PROD_HEALTH_PREMIUM,CH_EMAIL,,2024-04-28,1690.78,0.9059,SENT,
QUO_0000000018,CUST_00000028,PROD_PET_STANDARD,CH_MOBILE,,2025-04-09,331.22,1.067,ACCEPTED,
QUO_0000000019,CUST_00000030,PROD_LIFE_BASIC,CH_MOBILE,,2025-04-05,256.79,1.1564,DECLINED,
QUO_0000000020,CUST_00000032,PROD_HEALTH_PREMIUM,CH_MOBILE,,2026-01-14,1336.0,0.9443,EXPIRED,
QUO_0000000021,CUST_00000033,PROD_HOME_PREMIUM,CH_EMAIL,,2026-02-08,830.2,0.8253,SENT,
QUO_0000000022,CUST_00000034,PROD_AUTO_STANDARD,CH_MOBILE,,2025-05-31,760.08,1.0932,ACCEPTED,
QUO_0000000023,CUST_00000037,PROD_HEALTH_BASIC,CH_MOBILE,,2026-05-12,794.06,1.0095,DECLINED,
QUO_0000000024,CUST_00000038,PROD_HEALTH_PREMIUM,CH_EMAIL,,2026-04-12,1599.04,0.9506,ACCEPTED,
QUO_0000000025,CUST_00000039,PROD_HOME_STANDARD,CH_EMAIL,,2021-07-19,528.92,1.0999,EXPIRED,
QUO_0000000026,CUST_00000040,PROD_HOME_STANDARD,CH_MOBILE,,2024-10-31,553.3,0.8278,ACCEPTED,
QUO_0000000027,CUST_00000041,PROD_HOME_BASIC,CH_EMAIL,,2026-01-01,267.35,1.2156,DECLINED,
QUO_0000000028,CUST_00000042,PROD_AUTO_STANDARD,CH_MOBILE,,2022-08-14,808.49,0.9852,DECLINED,
QUO_0000000029,CUST_00000044,PROD_LIFE_PREMIUM,CH_EMAIL,,2021-10-16,939.19,0.9865,SENT,
QUO_0000000030,CUST_00000047,PROD_ACCIDENT_STANDARD,CH_MOBILE,,2021-11-03,203.69,0.9396,SENT,
QUO_0000000031,CUST_00000048,PROD_LIFE_STANDARD,CH_MOBILE,,2026-06-27,406.68,1.0,ACCEPTED,
QUO_0000000032,CUST_00000050,PROD_HOME_PREMIUM,CH_EMAIL,,2026-04-25,666.43,0.9032,ACCEPTED,
QUO_0000000033,CUST_00000051,PROD_HOME_BASIC,CH_EMAIL,,2021-11-26,308.47,1.2923,ACCEPTED,
QUO_0000000034,CUST_00000053,PROD_LIFE_BASIC,CH_EMAIL,,2023-12-21,210.3,1.0386,EXPIRED,
QUO_0000000035,CUST_00000055,PROD_AUTO_BASIC,CH_EMAIL,,2023-10-27,585.15,1.0562,DECLINED,
QUO_0000000036,CUST_00000056,PROD_AUTO_STANDARD,CH_EMAIL,,2025-04-26,745.7,1.0064,EXPIRED,
QUO_0000000037,CUST_00000060,PROD_LIFE_STANDARD,CH_EMAIL,,2021-07-31,419.4,1.1336,DECLINED,
QUO_0000000038,CUST_00000061,PROD_PET_STANDARD,CH_BRANCH,AGT_00147,2025-03-21,314.59,0.9303,SENT,
QUO_0000000039,CUST_00000062,PROD_PET_STANDARD,CH_CALL_CENTER,AGT_00085,2025-08-28,371.37,1.0434,SENT,
QUO_0000000040,CUST_00000064,PROD_HOME_BASIC,CH_EMAIL,,2025-06-18,343.22,0.9441,EXPIRED,
QUO_0000000041,CUST_00000065,PROD_HOME_PREMIUM,CH_MOBILE,,2025-01-25,690.55,1.0044,ACCEPTED,
QUO_0000000042,CUST_00000067,PROD_TRAVEL_STANDARD,CH_EMAIL,,2026-06-22,171.02,0.8732,DECLINED,
QUO_0000000043,CUST_00000070,PROD_AUTO_BASIC,CH_EMAIL,,2026-05-08,606.45,0.9908,ACCEPTED,
QUO_0000000044,CUST_00000071,PROD_TRAVEL_STANDARD,CH_MOBILE,,2023-08-01,155.33,1.0027,DECLINED,
QUO_0000000045,CUST_00000072,PROD_HEALTH_BASIC,CH_MOBILE,,2026-03-13,674.5,1.1337,ACCEPTED,
QUO_0000000046,CUST_00000073,PROD_LIFE_PREMIUM,CH_EMAIL,,2026-01-15,812.02,1.0121,DECLINED,
QUO_0000000047,CUST_00000076,PROD_AUTO_BASIC,CH_MOBILE,,2021-10-15,590.01,0.9071,DECLINED,
QUO_0000000048,CUST_00000077,PROD_ACCIDENT_STANDARD,CH_MOBILE,,2025-02-16,251.66,1.0854,ACCEPTED,
QUO_0000000049,CUST_00000078,PROD_HEALTH_BASIC,CH_EMAIL,,2021-10-13,790.31,0.7807,DECLINED,
QUO_0000000050,CUST_00000079,PROD_HEALTH_BASIC,CH_MOBILE,,2026-02-26,687.15,1.0547,DECLINED,
QUO_0000000051,CUST_00000080,PROD_ACCIDENT_STANDARD,CH_EMAIL,,2024-04-14,248.45,1.0802,SENT,
QUO_0000000052,CUST_00000081,PROD_AUTO_PREMIUM,CH_EMAIL,,2025-04-03,1228.71,1.0321,DECLINED,
QUO_0000000053,CUST_00000082,PROD_PET_STANDARD,CH_MOBILE,,2024-05-09,342.3,0.8888,SENT,
QUO_0000000054,CUST_00000083,PROD_LIFE_STANDARD,CH_MOBILE,,2025-12-06,451.78,0.9865,SENT,
QUO_0000000055,CUST_00000084,PROD_AUTO_BASIC,CH_EMAIL,,2022-06-12,582.4,0.8966,DECLINED,
QUO_0000000056,CUST_00000085,PROD_ACCIDENT_STANDARD,CH_EMAIL,,2024-09-27,243.16,0.8044,SENT,
QUO_0000000057,CUST_00000086,PROD_TRAVEL_STANDARD,CH_MOBILE,,2023-04-28,153.34,0.8979,ACCEPTED,
QUO_0000000058,CUST_00000089,PROD_HOME_BASIC,CH_MOBILE,,2023-10-08,357.01,0.9254,SENT,
QUO_0000000059,CUST_00000092,PROD_LIFE_STANDARD,CH_EMAIL,,2025-03-14,366.19,1.0034,EXPIRED,
QUO_0000000060,CUST_00000093,PROD_HOME_BASIC,CH_MOBILE,,2021-08-08,336.31,1.1786,SENT,
QUO_0000000061,CUST_00000094,PROD_LIFE_STANDARD,CH_MOBILE,,2026-02-14,459.35,1.1108,DECLINED,
QUO_0000000062,CUST_00000095,PROD_HOME_STANDARD,CH_EMAIL,,2024-01-27,442.34,1.0524,DECLINED,
QUO_0000000063,CUST_00000097,PROD_HOME_STANDARD,CH_EMAIL,,2026-01-25,442.15,0.9603,EXPIRED,
QUO_0000000064,CUST_00000098,PROD_LIFE_PREMIUM,CH_MOBILE,,2020-09-10,818.05,0.9559,EXPIRED,
QUO_0000000065,CUST_00000099,PROD_LIFE_PREMIUM,CH_MOBILE,,2025-10-18,905.22,1.0098,ACCEPTED,
QUO_0000000066,CUST_00000102,PROD_PET_STANDARD,CH_MOBILE,,2026-04-24,369.95,0.975,EXPIRED,
QUO_0000000067,CUST_00000103,PROD_ACCIDENT_STANDARD,CH_EMAIL,,2024-11-14,239.93,1.0113,SENT,
QUO_0000000068,CUST_00000104,PROD_AUTO_PREMIUM,CH_EMAIL,,2023-05-31,1030.41,1.0688,EXPIRED,
QUO_0000000069,CUST_00000106,PROD_TRAVEL_STANDARD,CH_EMAIL,,2025-02-22,150.23,1.0654,SENT,
QUO_0000000070,CUST_00000109,PROD_LIFE_STANDARD,CH_MOBILE,,2024-01-24,442.81,0.9255,ACCEPTED,
QUO_0000000071,CUST_00000110,PROD_HOME_BASIC,CH_MOBILE,,2023-08-29,273.33,0.8819,SENT,
QUO_0000000072,CUST_00000111,PROD_HOME_PREMIUM,CH_EMAIL,,2025-01-04,888.48,1.0321,DECLINED,
QUO_0000000073,CUST_00000113,PROD_HOME_BASIC,CH_MOBILE,,2025-08-31,286.28,1.0791,DECLINED,
QUO_0000000074,CUST_00000116,PROD_HEALTH_STANDARD,CH_EMAIL,,2026-02-12,1027.52,1.0934,ACCEPTED,
QUO_0000000075,CUST_00000119,PROD_LIFE_PREMIUM,CH_EMAIL,,2025-08-03,805.77,1.1016,SENT,
QUO_0000000076,CUST_00000121,PROD_PET_STANDARD,CH_EMAIL,,2023-05-16,309.21,1.1079,EXPIRED,
QUO_0000000077,CUST_00000123,PROD_PET_STANDARD,CH_EMAIL,,2025-07-03,361.91,0.8299,SENT,
QUO_0000000078,CUST_00000124,PROD_LIFE_PREMIUM,CH_MOBILE,,2025-05-14,760.61,1.0742,SENT,
QUO_0000000079,CUST_00000126,PROD_LIFE_PREMIUM,CH_EMAIL,,2026-05-05,735.74,0.8656,DECLINED,
QUO_0000000080,CUST_00000127,PROD_AUTO_BASIC,CH_EMAIL,,2025-08-19,573.39,1.0224,DECLINED,
QUO_0000000081,CUST_00000128,PROD_PET_STANDARD,CH_MOBILE,,2023-12-05,373.01,0.8998,SENT,
QUO_0000000082,CUST_00000133,PROD_HOME_STANDARD,CH_EMAIL,,2025-08-25,468.54,1.0892,SENT,
QUO_0000000083,CUST_00000136,PROD_HEALTH_STANDARD,CH_EMAIL,,2024-04-18,1115.85,1.0946,EXPIRED,
QUO_0000000084,CUST_00000137,PROD_HOME_BASIC,CH_EMAIL,,2026-05-01,307.07,0.9886,SENT,
QUO_0000000085,CUST_00000138,PROD_HOME_STANDARD,CH_EMAIL,,2025-10-13,531.11,0.7555,DECLINED,
QUO_0000000086,CUST_00000139,PROD_HEALTH_PREMIUM,CH_MOBILE,,2026-02-11,1334.02,0.9511,DECLINED,
QUO_0000000087,CUST_00000142,PROD_LIFE_BASIC,CH_MOBILE,,2022-05-20,249.12,1.1088,DECLINED,
QUO_0000000088,CUST_00000144,PROD_TRAVEL_STANDARD,CH_MOBILE,,2023-05-06,163.49,0.9104,ACCEPTED,
QUO_0000000089,CUST_00000145,PROD_HEALTH_PREMIUM,CH_MOBILE,,2025-06-06,1332.58,0.8864,DECLINED,
QUO_0000000090,CUST_00000152,PROD_LIFE_BASIC,CH_MOBILE,,2024-07-16,242.62,0.9626,ACCEPTED,
QUO_0000000091,CUST_00000155,PROD_HOME_STANDARD,CH_EMAIL,,2020-10-22,467.71,1.0072,ACCEPTED,
QUO_0000000092,CUST_00000156,PROD_AUTO_PREMIUM,CH_EMAIL,,2026-03-02,1003.13,0.8186,DECLINED,
QUO_0000000093,CUST_00000157,PROD_TRAVEL_STANDARD,CH_MOBILE,,2026-03-07,162.46,0.9605,ACCEPTED,
QUO_0000000094,CUST_00000158,PROD_HOME_PREMIUM,CH_EMAIL,,2021-01-16,788.03,0.8969,EXPIRED,
QUO_0000000095,CUST_00000162,PROD_PET_STANDARD,CH_MOBILE,,2022-09-08,324.57,1.0001,SENT,
QUO_0000000096,CUST_00000165,PROD_AUTO_BASIC,CH_EMAIL,,2024-10-12,562.77,0.7918,ACCEPTED,
QUO_0000000097,CUST_00000166,PROD_TRAVEL_STANDARD,CH_EMAIL,,2024-12-17,151.7,0.9626,SENT,
QUO_0000000098,CUST_00000169,PROD_HOME_STANDARD,CH_MOBILE,,2025-02-01,471.69,1.2474,SENT,
QUO_0000000099,CUST_00000172,PROD_HOME_PREMIUM,CH_EMAIL,,2024-01-30,777.35,0.7139,SENT,
QUO_0000000100,CUST_00000176,PROD_HEALTH_STANDARD,CH_EMAIL,,2025-04-25,1022.41,1.3249,DECLINED,
QUO_0000000101,CUST_00000177,PROD_LIFE_BASIC,CH_MOBILE,,2025-08-02,234.86,0.9972,ACCEPTED,
QUO_0000000102,CUST_00000178,PROD_AUTO_BASIC,CH_MOBILE,,2021-08-26,611.78,1.2224,DECLINED,
QUO_0000000103,CUST_00000179,PROD_PET_STANDARD,CH_EMAIL,,2023-11-14,387.84,0.9024,SENT,
QUO_0000000104,CUST_00000180,PROD_ACCIDENT_STANDARD,CH_MOBILE,,2022-10-31,249.53,0.9799,DECLINED,
QUO_0000000105,CUST_00000182,PROD_AUTO_PREMIUM,CH_EMAIL,,2026-01-19,1315.31,0.9325,DECLINED,
QUO_0000000106,CUST_00000183,PROD_PET_STANDARD,CH_EMAIL,,2026-03-20,298.47,1.0606,SENT,
QUO_0000000107,CUST_00000186,PROD_TRAVEL_STANDARD,CH_BROKER,,2025-08-22,158.64,1.116,DECLINED,
QUO_0000000108,CUST_00000187,PROD_HOME_PREMIUM,CH_MOBILE,,2025-12-07,890.95,0.9108,DECLINED,
QUO_0000000109,CUST_00000191,PROD_HOME_PREMIUM,CH_EMAIL,,2026-05-08,806.37,1.0261,DECLINED,
QUO_0000000110,CUST_00000192,PROD_ACCIDENT_STANDARD,CH_EMAIL,,2021-10-18,237.54,1.0201,DECLINED,
QUO_0000000111,CUST_00000193,PROD_LIFE_STANDARD,CH_EMAIL,,2021-08-28,389.26,1.1348,SENT,
QUO_0000000112,CUST_00000194,PROD_HEALTH_BASIC,CH_MOBILE,,2024-01-22,732.26,0.8478,SENT,
QUO_0000000113,CUST_00000195,PROD_LIFE_BASIC,CH_MOBILE,,2025-09-24,257.64,1.1483,ACCEPTED,
QUO_0000000114,CUST_00000202,PROD_PET_STANDARD,CH_EMAIL,,2025-04-26,383.43,0.9987,ACCEPTED,
QUO_0000000115,CUST_00000203,PROD_PET_STANDARD,CH_EMAIL,,2022-05-03,373.48,1.0633,DECLINED,
QUO_0000000116,CUST_00000206,PROD_HEALTH_STANDARD,CH_WEB,,2023-12-04,946.9,0.9758,DECLINED,
QUO_0000000117,CUST_00000210,PROD_AUTO_STANDARD,CH_EMAIL,,2023-09-05,885.98,0.8587,ACCEPTED,
QUO_0000000118,CUST_00000211,PROD_AUTO_STANDARD,CH_EMAIL,,2024-11-23,697.49,1.0409,EXPIRED,
QUO_0000000119,CUST_00000212,PROD_LIFE_STANDARD,CH_MOBILE,,2025-12-11,413.26,1.0272,DECLINED,
QUO_0000000120,CUST_00000213,PROD_HOME_BASIC,CH_EMAIL,,2026-04-05,347.13,1.0873,SENT,
QUO_0000000121,CUST_00000214,PROD_HEALTH_STANDARD,CH_MOBILE,,2026-03-24,1076.76,1.0915,DECLINED,
QUO_0000000122,CUST_00000216,PROD_LIFE_PREMIUM,CH_EMAIL,,2021-11-23,908.8,0.8872,DECLINED,
QUO_0000000123,CUST_00000217,PROD_AUTO_BASIC,CH_MOBILE,,2024-05-24,487.84,0.8147,SENT,
QUO_0000000124,CUST_00000218,PROD_HOME_STANDARD,CH_EMAIL,,2021-03-06,504.08,0.9494,SENT,
QUO_0000000125,CUST_00000219,PROD_PET_STANDARD,CH_EMAIL,,2024-07-01,366.29,0.9446,ACCEPTED,
QUO_0000000126,CUST_00000220,PROD_TRAVEL_STANDARD,CH_EMAIL,,2025-01-20,153.62,0.7311,DECLINED,
QUO_0000000127,CUST_00000221,PROD_HOME_BASIC,CH_EMAIL,,2026-03-30,297.42,0.991,SENT,
QUO_0000000128,CUST_00000222,PROD_TRAVEL_STANDARD,CH_MOBILE,,2024-12-25,134.32,0.9467,SENT,
QUO_0000000129,CUST_00000223,PROD_ACCIDENT_STANDARD,CH_EMAIL,,2025-04-26,262.21,1.0754,DECLINED,
QUO_0000000130,CUST_00000224,PROD_HEALTH_BASIC,CH_MOBILE,,2024-10-15,633.2,0.9393,EXPIRED,
QUO_0000000131,CUST_00000228,PROD_TRAVEL_STANDARD,CH_EMAIL,,2024-10-09,159.67,1.0266,SENT,
QUO_0000000132,CUST_00000231,PROD_HOME_PREMIUM,CH_EMAIL,,2025-01-21,703.17,0.9678,DECLINED,
QUO_0000000133,CUST_00000232,PROD_HEALTH_BASIC,CH_EMAIL,,2026-04-02,710.94,0.802,DECLINED,
QUO_0000000134,CUST_00000234,PROD_AUTO_STANDARD,CH_MOBILE,,2023-09-05,703.95,0.7724,SENT,
QUO_0000000135,CUST_00000235,PROD_HOME_PREMIUM,CH_EMAIL,,2025-05-02,737.8,0.971,SENT,
QUO_0000000136,CUST_00000236,PROD_AUTO_STANDARD,CH_MOBILE,,2026-06-02,738.1,0.9187,EXPIRED,
QUO_0000000137,CUST_00000237,PROD_LIFE_BASIC,CH_MOBILE,,2024-02-14,250.44,1.0534,DECLINED,
QUO_0000000138,CUST_00000238,PROD_LIFE_STANDARD,CH_MOBILE,,2024-02-09,411.01,0.9263,DECLINED,
QUO_0000000139,CUST_00000239,PROD_LIFE_STANDARD,CH_EMAIL,,2023-08-17,398.74,0.758,DECLINED,
QUO_0000000140,CUST_00000242,PROD_HOME_STANDARD,CH_MOBILE,,2025-11-10,541.6,0.8747,DECLINED,
QUO_0000000141,CUST_00000243,PROD_HEALTH_STANDARD,CH_EMAIL,,2024-09-28,872.77,0.835,ACCEPTED,
QUO_0000000142,CUST_00000244,PROD_HOME_PREMIUM,CH_EMAIL,,2025-06-23,676.11,0.9172,DECLINED,
QUO_0000000143,CUST_00000245,PROD_ACCIDENT_STANDARD,CH_MOBILE,,2024-02-17,238.02,1.0726,DECLINED,
QUO_0000000144,CUST_00000246,PROD_AUTO_BASIC,CH_MOBILE,,2023-10-13,488.81,1.2383,SENT,
QUO_0000000145,CUST_00000247,PROD_ACCIDENT_STANDARD,CH_BRANCH,AGT_00154,2024-07-19,232.72,0.9286,DECLINED,
QUO_0000000146,CUST_00000249,PROD_AUTO_BASIC,CH_MOBILE,,2024-05-15,552.75,1.0777,SENT,
QUO_0000000147,CUST_00000250,PROD_LIFE_BASIC,CH_MOBILE,,2024-07-02,278.64,0.7919,DECLINED,
QUO_0000000148,CUST_00000251,PROD_LIFE_STANDARD,CH_EMAIL,,2026-03-30,465.8,0.9609,EXPIRED,
QUO_0000000149,CUST_00000252,PROD_LIFE_BASIC,CH_EMAIL,,2025-06-24,264.24,0.8692,DECLINED,
QUO_0000000150,CUST_00000253,PROD_HEALTH_BASIC,CH_EMAIL,,2025-04-22,764.08,1.0282,ACCEPTED,
QUO_0000000151,CUST_00000255,PROD_HEALTH_STANDARD,CH_EMAIL,,2026-04-26,1011.63,1.0507,EXPIRED,
QUO_0000000152,CUST_00000256,PROD_HEALTH_BASIC,CH_MOBILE,,2024-01-13,674.53,0.934,DECLINED,
QUO_0000000153,CUST_00000259,PROD_LIFE_PREMIUM,CH_MOBILE,,2025-12-11,930.21,0.8656,SENT,
QUO_0000000154,CUST_00000260,PROD_LIFE_PREMIUM,CH_EMAIL,,2026-06-27,876.73,0.6854,DECLINED,
QUO_0000000155,CUST_00000262,PROD_ACCIDENT_STANDARD,CH_EMAIL,,2024-08-15,212.76,0.849,ACCEPTED,
QUO_0000000156,CUST_00000263,PROD_HOME_BASIC,CH_EMAIL,,2025-06-29,293.39,1.0988,SENT,
QUO_0000000157,CUST_00000264,PROD_AUTO_STANDARD,CH_EMAIL,,2024-10-02,707.47,0.8824,EXPIRED,
QUO_0000000158,CUST_00000266,PROD_HEALTH_PREMIUM,CH_MOBILE,,2026-03-10,1708.43,1.0551,DECLINED,
QUO_0000000159,CUST_00000267,PROD_LIFE_BASIC,CH_EMAIL,,2025-07-24,232.57,1.2175,SENT,
QUO_0000000160,CUST_00000268,PROD_HEALTH_BASIC,CH_MOBILE,,2022-01-08,798.68,0.9226,SENT,
QUO_0000000161,CUST_00000271,PROD_HEALTH_BASIC,CH_EMAIL,,2025-07-26,774.83,0.879,SENT,
QUO_0000000162,CUST_00000275,PROD_HOME_PREMIUM,CH_EMAIL,,2025-08-23,726.33,1.0849,SENT,
QUO_0000000163,CUST_00000276,PROD_HEALTH_STANDARD,CH_EMAIL,,2025-09-22,1015.55,0.8053,DECLINED,
QUO_0000000164,CUST_00000277,PROD_AUTO_PREMIUM,CH_EMAIL,,2025-05-26,1275.93,0.8993,ACCEPTED,
QUO_0000000165,CUST_00000279,PROD_LIFE_STANDARD,CH_EMAIL,,2024-05-16,443.82,0.7708,DECLINED,
QUO_0000000166,CUST_00000280,PROD_HEALTH_BASIC,CH_MOBILE,,2025-10-15,732.58,0.82,SENT,
QUO_0000000167,CUST_00000281,PROD_LIFE_BASIC,CH_EMAIL,,2025-07-25,266.39,0.9738,DECLINED,
QUO_0000000168,CUST_00000282,PROD_HOME_PREMIUM,CH_BRANCH,AGT_00128,2022-10-08,670.15,1.1937,ACCEPTED,
QUO_0000000169,CUST_00000283,PROD_HEALTH_BASIC,CH_MOBILE,,2023-08-08,770.76,1.0081,SENT,
QUO_0000000170,CUST_00000284,PROD_LIFE_STANDARD,CH_EMAIL,,2024-12-19,460.38,1.0269,ACCEPTED,
QUO_0000000171,CUST_00000285,PROD_HOME_STANDARD,CH_MOBILE,,2026-03-12,530.64,0.9828,SENT,
QUO_0000000172,CUST_00000287,PROD_PET_STANDARD,CH_MOBILE,,2025-01-31,357.88,1.0934,EXPIRED,
QUO_0000000173,CUST_00000288,PROD_AUTO_STANDARD,CH_EMAIL,,2023-02-04,879.87,0.8507,SENT,
QUO_0000000174,CUST_00000291,PROD_AUTO_BASIC,CH_EMAIL,,2026-05-10,485.25,0.9145,EXPIRED,
QUO_0000000175,CUST_00000292,PROD_AUTO_STANDARD,CH_MOBILE,,2026-06-26,896.18,1.0429,DECLINED,
QUO_0000000176,CUST_00000293,PROD_AUTO_PREMIUM,CH_MOBILE,,2023-06-23,1193.02,0.8765,SENT,
QUO_0000000177,CUST_00000294,PROD_AUTO_STANDARD,CH_EMAIL,,2024-12-29,762.98,0.9156,DECLINED,
QUO_0000000178,CUST_00000295,PROD_HEALTH_STANDARD,CH_MOBILE,,2026-02-19,923.07,0.9627,EXPIRED,
QUO_0000000179,CUST_00000296,PROD_HOME_BASIC,CH_EMAIL,,2023-01-11,332.04,0.7573,EXPIRED,
QUO_0000000180,CUST_00000298,PROD_HOME_STANDARD,CH_MOBILE,,2024-08-16,508.89,0.896,EXPIRED,
QUO_0000000181,CUST_00000299,PROD_AUTO_BASIC,CH_EMAIL,,2023-08-23,536.47,0.8873,SENT,
QUO_0000000182,CUST_00000301,PROD_PET_STANDARD,CH_EMAIL,,2024-04-28,342.85,0.9073,ACCEPTED,
QUO_0000000183,CUST_00000303,PROD_HOME_PREMIUM,CH_EMAIL,,2026-03-29,882.46,0.9694,DECLINED,
QUO_0000000184,CUST_00000305,PROD_TRAVEL_STANDARD,CH_EMAIL,,2025-09-10,156.82,0.8776,DECLINED,
QUO_0000000185,CUST_00000306,PROD_LIFE_STANDARD,CH_BRANCH,AGT_00163,2025-02-24,439.36,1.0734,DECLINED,
QUO_0000000186,CUST_00000307,PROD_HOME_STANDARD,CH_MOBILE,,2025-04-01,526.19,0.9728,SENT,
QUO_0000000187,CUST_00000308,PROD_PET_STANDARD,CH_EMAIL,,2024-06-06,324.24,0.8839,DECLINED,
QUO_0000000188,CUST_00000309,PROD_AUTO_PREMIUM,CH_MOBILE,,2022-01-01,1124.54,0.9514,DECLINED,
QUO_0000000189,CUST_00000311,PROD_HEALTH_BASIC,CH_EMAIL,,2025-11-06,704.49,0.9649,ACCEPTED,
QUO_0000000190,CUST_00000312,PROD_AUTO_PREMIUM,CH_WEB,,2023-07-21,1052.97,1.0812,SENT,
QUO_0000000191,CUST_00000314,PROD_HOME_BASIC,CH_CALL_CENTER,AGT_00015,2022-11-02,354.67,0.7672,SENT,
QUO_0000000192,CUST_00000315,PROD_AUTO_STANDARD,CH_MOBILE,,2023-11-19,762.07,0.9106,SENT,
QUO_0000000193,CUST_00000316,PROD_HEALTH_PREMIUM,CH_MOBILE,,2026-06-16,1570.11,0.9412,EXPIRED,
QUO_0000000194,CUST_00000317,PROD_HOME_BASIC,CH_EMAIL,,2025-12-09,332.34,1.0968,EXPIRED,
QUO_0000000195,CUST_00000319,PROD_AUTO_BASIC,CH_EMAIL,,2025-10-06,596.97,0.9471,EXPIRED,
QUO_0000000196,CUST_00000320,PROD_HEALTH_STANDARD,CH_EMAIL,,2025-11-03,973.16,0.9441,SENT,
QUO_0000000197,CUST_00000321,PROD_HEALTH_PREMIUM,CH_CALL_CENTER,AGT_00016,2022-04-12,1525.05,1.2141,DECLINED,
QUO_0000000198,CUST_00000322,PROD_TRAVEL_STANDARD,CH_EMAIL,,2024-05-04,149.56,1.1557,DECLINED,
QUO_0000000199,CUST_00000325,PROD_LIFE_STANDARD,CH_EMAIL,,2023-02-11,478.88,0.9088,DECLINED,
QUO_0000000200,CUST_00000328,PROD_LIFE_BASIC,CH_EMAIL,,2026-04-03,235.21,0.8125,SENT,
QUO_0000000201,CUST_00000329,PROD_HEALTH_PREMIUM,CH_EMAIL,,2021-02-13,1585.52,1.0251,ACCEPTED,
QUO_0000000202,CUST_00000330,PROD_AUTO_PREMIUM,CH_EMAIL,,2024-11-23,1301.64,0.9441,SENT,
QUO_0000000203,CUST_00000331,PROD_AUTO_PREMIUM,CH_EMAIL,,2024-07-20,1103.43,1.2126,DECLINED,
QUO_0000000204,CUST_00000336,PROD_AUTO_STANDARD,CH_MOBILE,,2022-01-29,873.82,0.9945,DECLINED,
QUO_0000000205,CUST_00000337,PROD_AUTO_PREMIUM,CH_MOBILE,,2022-03-11,1117.93,0.9604,DECLINED,
QUO_0000000206,CUST_00000339,PROD_PET_STANDARD,CH_MOBILE,,2026-02-09,365.27,0.7531,SENT,
QUO_0000000207,CUST_00000340,PROD_LIFE_PREMIUM,CH_MOBILE,,2023-07-08,843.51,0.9577,DECLINED,
QUO_0000000208,CUST_00000344,PROD_AUTO_PREMIUM,CH_MOBILE,,2023-03-18,1083.4,1.1245,DECLINED,
QUO_0000000209,CUST_00000346,PROD_HEALTH_STANDARD,CH_MOBILE,,2025-12-07,1133.79,1.0039,SENT,
QUO_0000000210,CUST_00000347,PROD_HOME_PREMIUM,CH_MOBILE,,2025-10-08,776.22,1.0568,SENT,
QUO_0000000211,CUST_00000350,PROD_HEALTH_STANDARD,CH_EMAIL,,2025-06-18,1105.62,0.9831,EXPIRED,
QUO_0000000212,CUST_00000351,PROD_LIFE_STANDARD,CH_EMAIL,,2024-06-13,403.27,1.1493,SENT,
QUO_0000000213,CUST_00000352,PROD_AUTO_STANDARD,CH_MOBILE,,2021-07-06,850.21,0.8315,SENT,
QUO_0000000214,CUST_00000353,PROD_LIFE_BASIC,CH_MOBILE,,2026-02-27,215.01,0.8062,SENT,
QUO_0000000215,CUST_00000354,PROD_PET_STANDARD,CH_EMAIL,,2022-12-07,363.99,0.8757,SENT,
QUO_0000000216,CUST_00000355,PROD_HEALTH_STANDARD,CH_EMAIL,,2025-12-31,1125.21,1.0852,EXPIRED,
QUO_0000000217,CUST_00000356,PROD_HOME_STANDARD,CH_EMAIL,,2023-02-26,501.71,1.0184,SENT,
QUO_0000000218,CUST_00000359,PROD_LIFE_PREMIUM,CH_EMAIL,,2023-10-03,942.76,1.0436,DECLINED,
QUO_0000000219,CUST_00000361,PROD_ACCIDENT_STANDARD,CH_MOBILE,,2025-10-01,266.3,1.038,DECLINED,
QUO_0000000220,CUST_00000362,PROD_AUTO_STANDARD,CH_EMAIL,,2024-12-25,754.21,1.0104,SENT,
QUO_0000000221,CUST_00000363,PROD_HEALTH_STANDARD,CH_EMAIL,,2022-04-13,928.01,0.7966,EXPIRED,
QUO_0000000222,CUST_00000364,PROD_LIFE_PREMIUM,CH_CALL_CENTER,AGT_00077,2024-10-11,980.05,0.7914,DECLINED,
QUO_0000000223,CUST_00000365,PROD_HOME_PREMIUM,CH_EMAIL,,2021-07-19,738.99,0.9813,ACCEPTED,
QUO_0000000224,CUST_00000368,PROD_HOME_PREMIUM,CH_EMAIL,,2025-08-23,749.71,0.9594,DECLINED,
QUO_0000000225,CUST_00000369,PROD_PET_STANDARD,CH_EMAIL,,2026-01-17,331.47,0.9499,EXPIRED,
QUO_0000000226,CUST_00000370,PROD_HOME_STANDARD,CH_MOBILE,,2024-08-06,443.22,0.9976,SENT,
QUO_0000000227,CUST_00000371,PROD_AUTO_STANDARD,CH_MOBILE,,2025-10-03,854.15,1.0716,ACCEPTED,
QUO_0000000228,CUST_00000374,PROD_HOME_STANDARD,CH_EMAIL,,2024-09-10,560.56,0.9517,SENT,
QUO_0000000229,CUST_00000376,PROD_LIFE_BASIC,CH_MOBILE,,2025-06-27,246.48,0.9992,SENT,
QUO_0000000230,CUST_00000377,PROD_HOME_BASIC,CH_EMAIL,,2025-12-20,305.48,0.7493,ACCEPTED,
QUO_0000000231,CUST_00000378,PROD_AUTO_PREMIUM,CH_EMAIL,,2020-09-13,993.37,0.9648,ACCEPTED,
QUO_0000000232,CUST_00000379,PROD_LIFE_STANDARD,CH_MOBILE,,2026-03-21,483.33,1.1384,EXPIRED,
QUO_0000000233,CUST_00000380,PROD_ACCIDENT_STANDARD,CH_EMAIL,,2021-04-08,228.64,1.2178,DECLINED,
QUO_0000000234,CUST_00000381,PROD_AUTO_STANDARD,CH_EMAIL,,2024-11-01,858.19,0.864,SENT,
QUO_0000000235,CUST_00000382,PROD_HEALTH_BASIC,CH_EMAIL,,2026-06-22,611.08,0.9831,DECLINED,
QUO_0000000236,CUST_00000383,PROD_AUTO_PREMIUM,CH_EMAIL,,2025-12-13,979.09,1.0396,SENT,
QUO_0000000237,CUST_00000386,PROD_HEALTH_STANDARD,CH_EMAIL,,2022-09-04,868.28,0.9674,EXPIRED,
QUO_0000000238,CUST_00000388,PROD_LIFE_STANDARD,CH_MOBILE,,2024-10-04,481.88,1.0007,SENT,
QUO_0000000239,CUST_00000392,PROD_PET_STANDARD,CH_MOBILE,,2026-04-26,312.86,0.9603,SENT,
QUO_0000000240,CUST_00000394,PROD_PET_STANDARD,CH_MOBILE,,2025-12-18,295.12,0.809,DECLINED,
QUO_0000000241,CUST_00000396,PROD_ACCIDENT_STANDARD,CH_EMAIL,,2025-10-06,260.38,0.8727,SENT,
QUO_0000000242,CUST_00000398,PROD_LIFE_BASIC,CH_MOBILE,,2026-03-12,213.31,0.9032,SENT,
QUO_0000000243,CUST_00000402,PROD_AUTO_BASIC,CH_EMAIL,,2022-06-27,586.89,1.0401,DECLINED,
QUO_0000000244,CUST_00000403,PROD_HEALTH_STANDARD,CH_MOBILE,,2024-05-26,1055.15,0.8896,DECLINED,
QUO_0000000245,CUST_00000406,PROD_HEALTH_STANDARD,CH_MOBILE,,2026-02-03,942.5,0.7003,ACCEPTED,
QUO_0000000246,CUST_00000409,PROD_HEALTH_PREMIUM,CH_EMAIL,,2021-10-24,1548.48,1.0978,DECLINED,
QUO_0000000247,CUST_00000410,PROD_HEALTH_PREMIUM,CH_EMAIL,,2022-04-22,1549.86,1.0258,ACCEPTED,
QUO_0000000248,CUST_00000412,PROD_HOME_STANDARD,CH_EMAIL,,2024-08-05,519.34,1.1657,SENT,
QUO_0000000249,CUST_00000413,PROD_ACCIDENT_STANDARD,CH_MOBILE,,2026-04-28,240.67,0.8378,ACCEPTED,
QUO_0000000250,CUST_00000418,PROD_HEALTH_PREMIUM,CH_EMAIL,,2022-11-05,1615.04,0.9264,EXPIRED,
QUO_0000000251,CUST_00000422,PROD_LIFE_STANDARD,CH_EMAIL,,2026-05-31,483.4,0.9774,SENT,
QUO_0000000252,CUST_00000425,PROD_HOME_BASIC,CH_EMAIL,,2026-05-29,344.37,0.8509,SENT,
QUO_0000000253,CUST_00000426,PROD_HOME_PREMIUM,CH_BRANCH,AGT_00155,2025-08-29,859.85,0.9213,SENT,
QUO_0000000254,CUST_00000428,PROD_LIFE_BASIC,CH_EMAIL,,2024-12-09,271.37,0.6817,EXPIRED,
QUO_0000000255,CUST_00000429,PROD_HEALTH_STANDARD,CH_EMAIL,,2023-09-20,889.32,0.873,ACCEPTED,
QUO_0000000256,CUST_00000430,PROD_LIFE_STANDARD,CH_EMAIL,,2024-08-22,410.01,0.8035,SENT,
QUO_0000000257,CUST_00000433,PROD_AUTO_PREMIUM,CH_EMAIL,,2025-08-19,1311.43,1.0524,DECLINED,
QUO_0000000258,CUST_00000434,PROD_HOME_BASIC,CH_EMAIL,,2025-11-12,330.2,0.9549,EXPIRED,
QUO_0000000259,CUST_00000435,PROD_HOME_STANDARD,CH_EMAIL,,2026-01-01,488.6,0.8112,DECLINED,
QUO_0000000260,CUST_00000436,PROD_AUTO_PREMIUM,CH_MOBILE,,2026-06-21,1047.52,0.9533,DECLINED,
QUO_0000000261,CUST_00000438,PROD_TRAVEL_STANDARD,CH_EMAIL,,2025-04-01,132.71,0.9582,DECLINED,
QUO_0000000262,CUST_00000440,PROD_TRAVEL_STANDARD,CH_EMAIL,,2024-09-10,149.26,0.8866,DECLINED,
QUO_0000000263,CUST_00000442,PROD_AUTO_BASIC,CH_EMAIL,,2023-02-17,472.8,1.1736,ACCEPTED,
QUO_0000000264,CUST_00000444,PROD_HOME_PREMIUM,CH_MOBILE,,2025-08-26,690.54,0.8418,ACCEPTED,
QUO_0000000265,CUST_00000447,PROD_AUTO_STANDARD,CH_EMAIL,,2024-03-06,667.95,0.9116,SENT,
QUO_0000000266,CUST_00000449,PROD_PET_STANDARD,CH_EMAIL,,2026-03-10,344.9,0.7602,SENT,
QUO_0000000267,CUST_00000450,PROD_PET_STANDARD,CH_MOBILE,,2024-10-10,293.71,0.9761,SENT,
QUO_0000000268,CUST_00000451,PROD_HEALTH_PREMIUM,CH_EMAIL,,2025-07-21,1447.95,1.0924,ACCEPTED,
QUO_0000000269,CUST_00000452,PROD_ACCIDENT_STANDARD,CH_MOBILE,,2025-06-07,253.5,0.9041,SENT,
QUO_0000000270,CUST_00000453,PROD_AUTO_BASIC,CH_EMAIL,,2025-10-22,503.8,0.9798,DECLINED,
QUO_0000000271,CUST_00000455,PROD_LIFE_BASIC,CH_EMAIL,,2023-03-07,266.61,1.0299,SENT,
QUO_0000000272,CUST_00000456,PROD_HOME_BASIC,CH_EMAIL,,2024-10-17,314.31,1.0665,SENT,
QUO_0000000273,CUST_00000458,PROD_HEALTH_BASIC,CH_MOBILE,,2023-11-29,758.06,1.0936,DECLINED,
QUO_0000000274,CUST_00000459,PROD_AUTO_STANDARD,CH_EMAIL,,2026-02-19,818.79,0.9468,DECLINED,
QUO_0000000275,CUST_00000460,PROD_HOME_PREMIUM,CH_MOBILE,,2023-01-17,698.29,0.847,DECLINED,
QUO_0000000276,CUST_00000461,PROD_TRAVEL_STANDARD,CH_MOBILE,,2021-03-19,163.89,0.9757,DECLINED,
QUO_0000000277,CUST_00000462,PROD_PET_STANDARD,CH_EMAIL,,2022-11-08,309.99,0.9158,EXPIRED,
QUO_0000000278,CUST_00000463,PROD_HEALTH_PREMIUM,CH_EMAIL,,2026-04-02,1398.59,1.0594,DECLINED,
QUO_0000000279,CUST_00000465,PROD_AUTO_STANDARD,CH_EMAIL,,2021-07-19,664.7,0.9731,SENT,
QUO_0000000280,CUST_00000466,PROD_LIFE_PREMIUM,CH_EMAIL,,2023-03-08,794.8,1.0053,DECLINED,
QUO_0000000281,CUST_00000467,PROD_AUTO_BASIC,CH_MOBILE,,2022-01-28,511.27,0.8821,SENT,
QUO_0000000282,CUST_00000468,PROD_TRAVEL_STANDARD,CH_EMAIL,,2024-11-24,145.94,1.0296,DECLINED,
QUO_0000000283,CUST_00000470,PROD_AUTO_BASIC,CH_MOBILE,,2023-06-10,585.48,1.0253,EXPIRED,
QUO_0000000284,CUST_00000473,PROD_HOME_STANDARD,CH_MOBILE,,2021-09-21,522.87,1.1055,DECLINED,
QUO_0000000285,CUST_00000474,PROD_PET_STANDARD,CH_EMAIL,,2024-05-28,315.86,0.9423,SENT,
QUO_0000000286,CUST_00000475,PROD_AUTO_BASIC,CH_EMAIL,,2023-07-30,504.88,0.9184,ACCEPTED,
QUO_0000000287,CUST_00000476,PROD_HOME_BASIC,CH_EMAIL,,2023-09-17,303.09,1.0587,DECLINED,
QUO_0000000288,CUST_00000477,PROD_HEALTH_STANDARD,CH_MOBILE,,2025-03-20,1003.35,0.955,ACCEPTED,
QUO_0000000289,CUST_00000478,PROD_LIFE_BASIC,CH_EMAIL,,2026-04-23,219.11,0.9451,EXPIRED,
QUO_0000000290,CUST_00000479,PROD_TRAVEL_STANDARD,CH_EMAIL,,2026-01-18,135.23,0.8399,DECLINED,
QUO_0000000291,CUST_00000480,PROD_AUTO_STANDARD,CH_MOBILE,,2024-11-04,687.4,0.9235,SENT,
QUO_0000000292,CUST_00000481,PROD_HOME_PREMIUM,CH_MOBILE,,2022-11-08,877.17,0.8579,SENT,
QUO_0000000293,CUST_00000484,PROD_ACCIDENT_STANDARD,CH_EMAIL,,2025-10-24,249.16,1.2492,DECLINED,
QUO_0000000294,CUST_00000488,PROD_HEALTH_PREMIUM,CH_MOBILE,,2021-03-29,1714.22,1.1481,SENT,
QUO_0000000295,CUST_00000489,PROD_PET_STANDARD,CH_MOBILE,,2024-04-20,351.49,0.9375,EXPIRED,
QUO_0000000296,CUST_00000490,PROD_PET_STANDARD,CH_EMAIL,,2024-01-31,370.45,0.7788,SENT,
QUO_0000000297,CUST_00000493,PROD_HOME_STANDARD,CH_EMAIL,,2023-12-24,467.12,0.9075,DECLINED,
QUO_0000000298,CUST_00000494,PROD_HEALTH_BASIC,CH_EMAIL,,2024-10-25,736.55,1.0009,SENT,
QUO_0000000299,CUST_00000495,PROD_HEALTH_PREMIUM,CH_BROKER,,2023-12-07,1608.86,0.8825,EXPIRED,
QUO_0000000300,CUST_00000498,PROD_AUTO_STANDARD,CH_EMAIL,,2025-10-18,767.66,1.0951,ACCEPTED,
QUO_0000000301,CUST_00000501,PROD_AUTO_STANDARD,CH_EMAIL,,2024-10-19,870.3,0.8321,ACCEPTED,
QUO_0000000302,CUST_00000502,PROD_HOME_BASIC,CH_MOBILE,,2020-07-27,342.02,0.7596,SENT,
QUO_0000000303,CUST_00000504,PROD_PET_STANDARD,CH_MOBILE,,2023-09-19,394.77,0.9191,DECLINED,
QUO_0000000304,CUST_00000505,PROD_ACCIDENT_STANDARD,CH_MOBILE,,2022-07-15,197.91,0.8579,EXPIRED,
QUO_0000000305,CUST_00000506,PROD_PET_STANDARD,CH_EMAIL,,2026-04-09,357.96,0.9011,DECLINED,
QUO_0000000306,CUST_00000507,PROD_AUTO_BASIC,CH_EMAIL,,2023-12-19,606.36,1.1316,DECLINED,
QUO_0000000307,CUST_00000509,PROD_TRAVEL_STANDARD,CH_CALL_CENTER,AGT_00064,2024-08-05,155.09,0.9428,SENT,
QUO_0000000308,CUST_00000510,PROD_HEALTH_PREMIUM,CH_EMAIL,,2026-02-26,1585.04,0.9958,EXPIRED,
QUO_0000000309,CUST_00000511,PROD_HEALTH_BASIC,CH_EMAIL,,2023-07-20,751.56,0.9477,DECLINED,
QUO_0000000310,CUST_00000512,PROD_HOME_BASIC,CH_EMAIL,,2025-11-08,276.27,1.0608,SENT,
QUO_0000000311,CUST_00000513,PROD_AUTO_PREMIUM,CH_MOBILE,,2025-06-20,983.06,1.0909,EXPIRED,
QUO_0000000312,CUST_00000515,PROD_HOME_STANDARD,CH_EMAIL,,2026-01-18,511.26,1.0809,SENT,
QUO_0000000313,CUST_00000516,PROD_LIFE_BASIC,CH_EMAIL,,2025-09-19,243.42,1.0613,SENT,
QUO_0000000314,CUST_00000517,PROD_AUTO_PREMIUM,CH_MOBILE,,2022-12-01,964.38,0.9779,SENT,
QUO_0000000315,CUST_00000518,PROD_PET_STANDARD,CH_EMAIL,,2026-02-12,340.91,0.8655,SENT,
QUO_0000000316,CUST_00000521,PROD_LIFE_STANDARD,CH_CALL_CENTER,AGT_00056,2022-08-03,456.97,0.7237,DECLINED,
QUO_0000000317,CUST_00000523,PROD_HOME_BASIC,CH_EMAIL,,2024-08-24,273.88,0.9237,SENT,
QUO_0000000318,CUST_00000524,PROD_LIFE_STANDARD,CH_EMAIL,,2025-06-15,374.11,0.9785,DECLINED,
QUO_0000000319,CUST_00000525,PROD_HOME_BASIC,CH_EMAIL,,2021-06-27,298.65,1.08,DECLINED,
QUO_0000000320,CUST_00000528,PROD_AUTO_STANDARD,CH_MOBILE,,2022-09-14,782.88,0.9746,SENT,
QUO_0000000321,CUST_00000529,PROD_HEALTH_BASIC,CH_EMAIL,,2023-01-17,777.97,0.8626,EXPIRED,
QUO_0000000322,CUST_00000530,PROD_LIFE_BASIC,CH_MOBILE,,2021-12-24,272.25,0.7624,EXPIRED,
QUO_0000000323,CUST_00000531,PROD_AUTO_BASIC,CH_EMAIL,,2026-05-05,514.5,0.8545,SENT,
QUO_0000000324,CUST_00000533,PROD_HOME_BASIC,CH_MOBILE,,2022-01-26,312.99,0.6607,SENT,
QUO_0000000325,CUST_00000534,PROD_HOME_PREMIUM,CH_EMAIL,,2024-02-03,695.0,0.9214,EXPIRED,
QUO_0000000326,CUST_00000538,PROD_LIFE_PREMIUM,CH_MOBILE,,2024-10-05,962.36,1.121,SENT,
QUO_0000000327,CUST_00000540,PROD_HOME_PREMIUM,CH_MOBILE,,2026-01-25,682.75,1.025,SENT,
QUO_0000000328,CUST_00000541,PROD_ACCIDENT_STANDARD,CH_EMAIL,,2024-11-12,213.35,1.1724,SENT,
QUO_0000000329,CUST_00000542,PROD_PET_STANDARD,CH_MOBILE,,2024-01-23,350.03,0.9213,EXPIRED,
QUO_0000000330,CUST_00000543,PROD_TRAVEL_STANDARD,CH_MOBILE,,2025-08-16,132.15,1.0085,DECLINED,
QUO_0000000331,CUST_00000544,PROD_LIFE_STANDARD,CH_EMAIL,,2025-02-23,450.11,1.0686,SENT,
QUO_0000000332,CUST_00000547,PROD_AUTO_PREMIUM,CH_EMAIL,,2025-11-29,1018.11,1.0609,DECLINED,
QUO_0000000333,CUST_00000550,PROD_LIFE_PREMIUM,CH_EMAIL,,2024-04-27,813.4,0.9253,EXPIRED,
QUO_0000000334,CUST_00000553,PROD_LIFE_STANDARD,CH_MOBILE,,2025-09-08,418.91,0.9733,DECLINED,
QUO_0000000335,CUST_00000556,PROD_LIFE_STANDARD,CH_EMAIL,,2023-09-20,391.65,1.1086,ACCEPTED,
QUO_0000000336,CUST_00000558,PROD_LIFE_PREMIUM,CH_MOBILE,,2025-07-30,781.28,0.9971,SENT,
QUO_0000000337,CUST_00000559,PROD_TRAVEL_STANDARD,CH_MOBILE,,2025-09-16,145.3,0.9284,SENT,
QUO_0000000338,CUST_00000563,PROD_HOME_PREMIUM,CH_MOBILE,,2026-05-24,819.54,0.7043,SENT,
QUO_0000000339,CUST_00000566,PROD_HEALTH_STANDARD,CH_EMAIL,,2024-07-22,1001.94,1.0686,DECLINED,
QUO_0000000340,CUST_00000567,PROD_AUTO_BASIC,CH_EMAIL,,2024-09-27,454.34,1.0819,SENT,
QUO_0000000341,CUST_00000568,PROD_LIFE_BASIC,CH_EMAIL,,2026-01-29,269.31,0.8602,DECLINED,
QUO_0000000342,CUST_00000572,PROD_ACCIDENT_STANDARD,CH_EMAIL,,2025-07-30,232.16,1.0571,DECLINED,
QUO_0000000343,CUST_00000573,PROD_HOME_BASIC,CH_EMAIL,,2026-04-01,337.43,1.0863,SENT,
QUO_0000000344,CUST_00000574,PROD_HEALTH_PREMIUM,CH_MOBILE,,2026-02-16,1492.55,0.9413,DECLINED,
QUO_0000000345,CUST_00000575,PROD_AUTO_BASIC,CH_EMAIL,,2026-03-23,470.96,0.9733,EXPIRED,
QUO_0000000346,CUST_00000576,PROD_HOME_PREMIUM,CH_EMAIL,,2021-03-31,852.36,1.1963,EXPIRED,
QUO_0000000347,CUST_00000577,PROD_AUTO_STANDARD,CH_MOBILE,,2026-06-02,746.37,0.9822,DECLINED,
QUO_0000000348,CUST_00000578,PROD_HOME_STANDARD,CH_EMAIL,,2026-03-31,428.7,1.0768,SENT,
QUO_0000000349,CUST_00000585,PROD_HEALTH_BASIC,CH_MOBILE,,2026-04-19,772.77,0.9901,ACCEPTED,
QUO_0000000350,CUST_00000586,PROD_AUTO_PREMIUM,CH_MOBILE,,2026-01-14,1134.12,0.9146,SENT,
QUO_0000000351,CUST_00000587,PROD_HEALTH_PREMIUM,CH_EMAIL,,2023-01-27,1300.77,0.8363,SENT,
QUO_0000000352,CUST_00000588,PROD_PET_STANDARD,CH_EMAIL,,2024-09-17,364.98,1.1046,EXPIRED,
QUO_0000000353,CUST_00000589,PROD_TRAVEL_STANDARD,CH_EMAIL,,2024-01-13,139.27,1.0171,EXPIRED,
QUO_0000000354,CUST_00000590,PROD_LIFE_STANDARD,CH_EMAIL,,2025-10-12,390.23,1.0864,DECLINED,
QUO_0000000355,CUST_00000591,PROD_HEALTH_BASIC,CH_MOBILE,,2023-09-28,764.32,1.0782,DECLINED,
QUO_0000000356,CUST_00000594,PROD_LIFE_STANDARD,CH_EMAIL,,2024-12-26,373.27,0.8529,SENT,
QUO_0000000357,CUST_00000595,PROD_HOME_STANDARD,CH_EMAIL,,2025-04-14,437.53,1.0559,SENT,
QUO_0000000358,CUST_00000596,PROD_ACCIDENT_STANDARD,CH_MOBILE,,2025-01-20,216.42,1.0604,EXPIRED,
QUO_0000000359,CUST_00000598,PROD_AUTO_STANDARD,CH_MOBILE,,2026-06-03,806.48,0.9389,SENT,
QUO_0000000360,CUST_00000599,PROD_PET_STANDARD,CH_EMAIL,,2026-02-24,354.9,1.0192,ACCEPTED,
QUO_0000000361,CUST_00000609,PROD_AUTO_PREMIUM,CH_EMAIL,,2025-05-30,1077.26,1.1386,SENT,
QUO_0000000362,CUST_00000612,PROD_PET_STANDARD,CH_MOBILE,,2024-09-01,355.83,0.8487,ACCEPTED,
QUO_0000000363,CUST_00000613,PROD_LIFE_STANDARD,CH_MOBILE,,2025-08-05,485.11,1.0463,EXPIRED,
QUO_0000000364,CUST_00000614,PROD_LIFE_STANDARD,CH_MOBILE,,2024-06-21,379.09,1.1748,SENT,
QUO_0000000365,CUST_00000618,PROD_LIFE_BASIC,CH_MOBILE,,2025-07-10,241.13,0.9888,EXPIRED,
QUO_0000000366,CUST_00000619,PROD_LIFE_PREMIUM,CH_EMAIL,,2025-07-08,950.18,0.8386,DECLINED,
QUO_0000000367,CUST_00000623,PROD_HOME_PREMIUM,CH_MOBILE,,2024-06-09,759.13,1.0486,EXPIRED,
QUO_0000000368,CUST_00000624,PROD_HEALTH_STANDARD,CH_MOBILE,,2025-06-05,936.31,1.2848,DECLINED,
QUO_0000000369,CUST_00000626,PROD_AUTO_STANDARD,CH_EMAIL,,2025-10-11,743.38,0.9336,DECLINED,
QUO_0000000370,CUST_00000627,PROD_LIFE_STANDARD,CH_MOBILE,,2021-04-09,446.68,0.9563,DECLINED,
QUO_0000000371,CUST_00000628,PROD_HEALTH_BASIC,CH_EMAIL,,2025-08-01,661.46,0.9018,SENT,
QUO_0000000372,CUST_00000629,PROD_HOME_BASIC,CH_EMAIL,,2026-03-26,337.23,0.8657,EXPIRED,
QUO_0000000373,CUST_00000630,PROD_LIFE_BASIC,CH_EMAIL,,2023-12-10,275.13,0.7841,DECLINED,
QUO_0000000374,CUST_00000631,PROD_HEALTH_BASIC,CH_EMAIL,,2023-11-08,727.1,1.1149,EXPIRED,
QUO_0000000375,CUST_00000633,PROD_HEALTH_PREMIUM,CH_MOBILE,,2024-09-08,1589.53,0.8542,DECLINED,
QUO_0000000376,CUST_00000638,PROD_ACCIDENT_STANDARD,CH_MOBILE,,2023-09-09,205.36,1.0267,ACCEPTED,
QUO_0000000377,CUST_00000639,PROD_HOME_STANDARD,CH_MOBILE,,2022-06-29,564.63,0.7835,SENT,
QUO_0000000378,CUST_00000640,PROD_TRAVEL_STANDARD,CH_EMAIL,,2025-09-06,137.16,0.9069,DECLINED,
QUO_0000000379,CUST_00000647,PROD_LIFE_STANDARD,CH_EMAIL,,2024-01-04,403.74,0.8856,DECLINED,
QUO_0000000380,CUST_00000649,PROD_PET_STANDARD,CH_EMAIL,,2025-12-10,331.87,0.9546,EXPIRED,
QUO_0000000381,CUST_00000651,PROD_ACCIDENT_STANDARD,CH_MOBILE,,2026-01-16,212.62,1.0572,SENT,
QUO_0000000382,CUST_00000652,PROD_LIFE_STANDARD,CH_BRANCH,AGT_00140,2023-04-18,363.48,1.059,ACCEPTED,
QUO_0000000383,CUST_00000654,PROD_AUTO_STANDARD,CH_MOBILE,,2025-10-17,665.42,1.1191,SENT,
QUO_0000000384,CUST_00000655,PROD_LIFE_PREMIUM,CH_MOBILE,,2024-12-08,783.89,1.056,EXPIRED,
QUO_0000000385,CUST_00000657,PROD_ACCIDENT_STANDARD,CH_MOBILE,,2021-06-27,198.66,1.011,SENT,
QUO_0000000386,CUST_00000658,PROD_HOME_PREMIUM,CH_MOBILE,,2026-06-23,840.85,0.7908,DECLINED,
QUO_0000000387,CUST_00000659,PROD_AUTO_BASIC,CH_WEB,,2023-08-06,547.11,0.938,EXPIRED,
QUO_0000000388,CUST_00000660,PROD_AUTO_BASIC,CH_MOBILE,,2026-01-28,495.27,1.0632,DECLINED,
QUO_0000000389,CUST_00000661,PROD_HOME_BASIC,CH_MOBILE,,2025-06-24,352.62,1.0403,SENT,
QUO_0000000390,CUST_00000663,PROD_HOME_PREMIUM,CH_EMAIL,,2026-03-30,855.93,0.9878,SENT,
QUO_0000000391,CUST_00000664,PROD_HEALTH_STANDARD,CH_MOBILE,,2023-12-17,1015.21,1.0801,DECLINED,
QUO_0000000392,CUST_00000667,PROD_HOME_BASIC,CH_MOBILE,,2026-04-08,347.83,0.9669,SENT,
QUO_0000000393,CUST_00000668,PROD_AUTO_STANDARD,CH_EMAIL,,2026-03-18,804.18,0.9916,SENT,
QUO_0000000394,CUST_00000671,PROD_HOME_BASIC,CH_MOBILE,,2025-09-03,346.72,1.1067,ACCEPTED,
QUO_0000000395,CUST_00000672,PROD_HOME_BASIC,CH_EMAIL,,2025-04-12,346.35,0.7752,DECLINED,
QUO_0000000396,CUST_00000673,PROD_HEALTH_STANDARD,CH_EMAIL,,2023-02-24,1007.47,0.9632,SENT,
QUO_0000000397,CUST_00000674,PROD_HEALTH_STANDARD,CH_EMAIL,,2026-03-09,1056.35,0.8045,ACCEPTED,
QUO_0000000398,CUST_00000675,PROD_AUTO_STANDARD,CH_MOBILE,,2024-09-01,879.98,1.0233,EXPIRED,
QUO_0000000399,CUST_00000677,PROD_LIFE_PREMIUM,CH_EMAIL,,2024-05-29,917.22,0.9538,DECLINED,
QUO_0000000400,CUST_00000678,PROD_HOME_STANDARD,CH_EMAIL,,2022-06-10,539.33,0.8545,SENT,
QUO_0000000401,CUST_00000679,PROD_HEALTH_STANDARD,CH_EMAIL,,2025-04-17,893.05,1.0061,DECLINED,
QUO_0000000402,CUST_00000680,PROD_HOME_STANDARD,CH_EMAIL,,2026-04-14,485.89,1.0036,SENT,
QUO_0000000403,CUST_00000681,PROD_TRAVEL_STANDARD,CH_MOBILE,,2025-08-09,169.75,0.9971,SENT,
QUO_0000000404,CUST_00000685,PROD_ACCIDENT_STANDARD,CH_EMAIL,,2025-04-10,242.34,1.0505,ACCEPTED,
QUO_0000000405,CUST_00000687,PROD_AUTO_BASIC,CH_EMAIL,,2025-12-20,596.68,1.1047,ACCEPTED,
QUO_0000000406,CUST_00000689,PROD_HOME_PREMIUM,CH_MOBILE,,2025-04-21,832.81,1.028,ACCEPTED,
QUO_0000000407,CUST_00000690,PROD_HEALTH_PREMIUM,CH_MOBILE,,2026-02-02,1336.09,1.1426,ACCEPTED,
QUO_0000000408,CUST_00000691,PROD_HEALTH_PREMIUM,CH_MOBILE,,2025-12-15,1619.85,0.9127,SENT,
QUO_0000000409,CUST_00000696,PROD_AUTO_BASIC,CH_EMAIL,,2025-01-19,587.08,1.091,ACCEPTED,
QUO_0000000410,CUST_00000698,PROD_TRAVEL_STANDARD,CH_MOBILE,,2025-10-01,144.53,1.1143,SENT,
QUO_0000000411,CUST_00000699,PROD_LIFE_PREMIUM,CH_MOBILE,,2026-04-02,761.07,1.0466,DECLINED,
QUO_0000000412,CUST_00000700,PROD_HEALTH_STANDARD,CH_MOBILE,,2025-11-24,858.09,0.8226,ACCEPTED,
QUO_0000000413,CUST_00000702,PROD_HOME_BASIC,CH_MOBILE,,2025-11-12,284.18,1.0521,SENT,
QUO_0000000414,CUST_00000705,PROD_HOME_BASIC,CH_EMAIL,,2021-04-23,273.82,1.0447,EXPIRED,
QUO_0000000415,CUST_00000707,PROD_PET_STANDARD,CH_MOBILE,,2025-09-19,344.94,1.0631,EXPIRED,
QUO_0000000416,CUST_00000708,PROD_HOME_PREMIUM,CH_EMAIL,,2025-06-07,690.58,1.0546,DECLINED,
QUO_0000000417,CUST_00000711,PROD_HEALTH_STANDARD,CH_EMAIL,,2026-04-15,1088.99,0.9035,SENT,
QUO_0000000418,CUST_00000712,PROD_HOME_BASIC,CH_MOBILE,,2024-04-14,356.56,1.0121,DECLINED,
QUO_0000000419,CUST_00000719,PROD_TRAVEL_STANDARD,CH_MOBILE,,2021-09-07,155.56,0.9842,EXPIRED,
QUO_0000000420,CUST_00000721,PROD_HOME_STANDARD,CH_EMAIL,,2026-05-13,422.46,0.9929,DECLINED,
QUO_0000000421,CUST_00000722,PROD_TRAVEL_STANDARD,CH_EMAIL,,2024-07-29,124.95,1.1178,EXPIRED,
QUO_0000000422,CUST_00000723,PROD_HOME_BASIC,CH_EMAIL,,2022-06-12,280.29,1.0146,EXPIRED,
QUO_0000000423,CUST_00000724,PROD_AUTO_PREMIUM,CH_EMAIL,,2024-09-23,1222.66,0.9154,SENT,
QUO_0000000424,CUST_00000725,PROD_AUTO_STANDARD,CH_MOBILE,,2025-11-14,813.89,0.8248,DECLINED,
QUO_0000000425,CUST_00000727,PROD_PET_STANDARD,CH_EMAIL,,2025-07-31,374.29,0.8596,ACCEPTED,
QUO_0000000426,CUST_00000729,PROD_HOME_BASIC,CH_MOBILE,,2025-08-09,325.05,0.7265,DECLINED,
QUO_0000000427,CUST_00000730,PROD_ACCIDENT_STANDARD,CH_EMAIL,,2025-07-05,204.73,1.0549,EXPIRED,
QUO_0000000428,CUST_00000731,PROD_HOME_BASIC,CH_MOBILE,,2026-03-28,274.78,1.0323,EXPIRED,
QUO_0000000429,CUST_00000734,PROD_HOME_STANDARD,CH_CALL_CENTER,,2025-08-11,443.06,1.0522,SENT,
QUO_0000000430,CUST_00000736,PROD_AUTO_BASIC,CH_EMAIL,,2024-11-15,574.27,1.0494,DECLINED,
QUO_0000000431,CUST_00000737,PROD_LIFE_STANDARD,CH_EMAIL,,2024-06-24,449.2,0.9374,DECLINED,
QUO_0000000432,CUST_00000739,PROD_LIFE_BASIC,CH_EMAIL,,2024-08-03,267.38,0.9309,DECLINED,
QUO_0000000433,CUST_00000740,PROD_HOME_BASIC,CH_MOBILE,,2026-01-24,270.41,0.9076,EXPIRED,
QUO_0000000434,CUST_00000742,PROD_ACCIDENT_STANDARD,CH_MOBILE,,2025-10-15,229.4,0.9823,DECLINED,
QUO_0000000435,CUST_00000743,PROD_LIFE_PREMIUM,CH_EMAIL,,2025-05-26,792.07,1.0675,EXPIRED,
QUO_0000000436,CUST_00000744,PROD_HOME_STANDARD,CH_MOBILE,,2025-05-22,502.41,0.8926,DECLINED,
QUO_0000000437,CUST_00000747,PROD_LIFE_BASIC,CH_EMAIL,,2024-04-17,264.88,0.8656,ACCEPTED,
QUO_0000000438,CUST_00000749,PROD_AUTO_BASIC,CH_EMAIL,,2024-08-07,492.86,0.9334,DECLINED,
QUO_0000000439,CUST_00000750,PROD_AUTO_STANDARD,CH_MOBILE,,2023-09-29,661.94,0.839,DECLINED,
QUO_0000000440,CUST_00000755,PROD_TRAVEL_STANDARD,CH_EMAIL,,2026-01-07,126.68,0.89,SENT,
QUO_0000000441,CUST_00000757,PROD_LIFE_BASIC,CH_EMAIL,,2026-03-19,248.92,0.883,SENT,
QUO_0000000442,CUST_00000758,PROD_AUTO_PREMIUM,CH_MOBILE,,2026-02-15,1165.24,0.9525,DECLINED,
QUO_0000000443,CUST_00000759,PROD_HOME_BASIC,CH_EMAIL,,2026-06-11,346.47,1.0569,ACCEPTED,
QUO_0000000444,CUST_00000760,PROD_HOME_PREMIUM,CH_MOBILE,,2025-04-29,890.95,1.0076,SENT,
QUO_0000000445,CUST_00000761,PROD_HOME_PREMIUM,CH_MOBILE,,2025-04-14,711.8,0.951,DECLINED,
QUO_0000000446,CUST_00000766,PROD_HEALTH_STANDARD,CH_EMAIL,,2023-07-07,948.91,0.65,EXPIRED,
QUO_0000000447,CUST_00000767,PROD_LIFE_BASIC,CH_EMAIL,,2023-02-27,258.67,1.1345,ACCEPTED,
QUO_0000000448,CUST_00000768,PROD_LIFE_STANDARD,CH_EMAIL,,2025-10-10,361.28,0.9113,ACCEPTED,
QUO_0000000449,CUST_00000769,PROD_ACCIDENT_STANDARD,CH_MOBILE,,2024-06-07,209.42,0.65,SENT,
QUO_0000000450,CUST_00000770,PROD_LIFE_BASIC,CH_EMAIL,,2023-01-27,267.7,1.0183,EXPIRED,
QUO_0000000451,CUST_00000771,PROD_LIFE_PREMIUM,CH_EMAIL,,2026-03-05,764.37,1.006,SENT,
QUO_0000000452,CUST_00000772,PROD_PET_STANDARD,CH_EMAIL,,2023-11-22,299.87,1.2,SENT,
QUO_0000000453,CUST_00000775,PROD_LIFE_PREMIUM,CH_MOBILE,,2024-11-25,779.46,0.9342,DECLINED,
QUO_0000000454,CUST_00000779,PROD_LIFE_STANDARD,CH_EMAIL,,2022-01-17,487.69,0.9341,SENT,
QUO_0000000455,CUST_00000781,PROD_LIFE_PREMIUM,CH_EMAIL,,2024-04-12,924.35,1.2718,DECLINED,
QUO_0000000456,CUST_00000782,PROD_LIFE_BASIC,CH_EMAIL,,2026-02-20,228.74,1.074,DECLINED,
QUO_0000000457,CUST_00000784,PROD_HOME_BASIC,CH_MOBILE,,2024-08-26,326.67,1.119,EXPIRED,
QUO_0000000458,CUST_00000785,PROD_HEALTH_BASIC,CH_EMAIL,,2024-09-30,713.05,0.8429,DECLINED,
QUO_0000000459,CUST_00000789,PROD_HEALTH_BASIC,CH_EMAIL,,2026-04-29,656.45,0.9941,DECLINED,
QUO_0000000460,CUST_00000790,PROD_LIFE_BASIC,CH_MOBILE,,2025-08-21,251.42,0.8398,SENT,
QUO_0000000461,CUST_00000791,PROD_TRAVEL_STANDARD,CH_EMAIL,,2024-02-25,139.09,1.0053,EXPIRED,
QUO_0000000462,CUST_00000798,PROD_AUTO_PREMIUM,CH_MOBILE,,2026-01-07,1116.11,1.0198,EXPIRED,
QUO_0000000463,CUST_00000800,PROD_LIFE_PREMIUM,CH_EMAIL,,2023-06-08,1000.19,1.1921,EXPIRED,
QUO_0000000464,CUST_00000801,PROD_HEALTH_STANDARD,CH_EMAIL,,2022-07-24,855.34,0.8156,SENT,
QUO_0000000465,CUST_00000806,PROD_HEALTH_BASIC,CH_MOBILE,,2023-08-18,650.38,1.0687,DECLINED,
QUO_0000000466,CUST_00000808,PROD_PET_STANDARD,CH_EMAIL,,2024-06-24,375.17,1.2018,SENT,
QUO_0000000467,CUST_00000809,PROD_HEALTH_PREMIUM,CH_MOBILE,,2023-07-25,1365.09,0.9306,ACCEPTED,
QUO_0000000468,CUST_00000810,PROD_AUTO_PREMIUM,CH_EMAIL,,2024-12-07,1106.4,0.8404,EXPIRED,
QUO_0000000469,CUST_00000812,PROD_AUTO_PREMIUM,CH_EMAIL,,2023-06-05,1292.2,0.7636,ACCEPTED,
QUO_0000000470,CUST_00000813,PROD_LIFE_PREMIUM,CH_EMAIL,,2024-06-19,994.61,0.9387,DECLINED,
QUO_0000000471,CUST_00000823,PROD_PET_STANDARD,CH_MOBILE,,2024-02-19,323.44,0.8758,DECLINED,
QUO_0000000472,CUST_00000824,PROD_HEALTH_BASIC,CH_MOBILE,,2025-09-30,724.33,0.9455,SENT,
QUO_0000000473,CUST_00000826,PROD_ACCIDENT_STANDARD,CH_EMAIL,,2021-12-04,269.33,0.9522,EXPIRED,
QUO_0000000474,CUST_00000827,PROD_ACCIDENT_STANDARD,CH_EMAIL,,2025-09-16,208.75,1.1953,EXPIRED,
QUO_0000000475,CUST_00000828,PROD_HOME_STANDARD,CH_EMAIL,,2025-04-18,463.1,0.9257,SENT,
QUO_0000000476,CUST_00000831,PROD_AUTO_STANDARD,CH_EMAIL,,2024-05-28,865.6,0.9644,EXPIRED,
QUO_0000000477,CUST_00000832,PROD_ACCIDENT_STANDARD,CH_MOBILE,,2026-04-30,237.86,0.8598,DECLINED,
QUO_0000000478,CUST_00000833,PROD_LIFE_PREMIUM,CH_MOBILE,,2023-12-22,763.75,1.0064,EXPIRED,
QUO_0000000479,CUST_00000834,PROD_LIFE_STANDARD,CH_EMAIL,,2023-05-07,493.76,1.1334,EXPIRED,
QUO_0000000480,CUST_00000836,PROD_TRAVEL_STANDARD,CH_EMAIL,,2026-06-05,155.62,1.0913,SENT,
QUO_0000000481,CUST_00000837,PROD_AUTO_STANDARD,CH_EMAIL,,2025-10-09,840.39,0.7774,EXPIRED,
QUO_0000000482,CUST_00000839,PROD_TRAVEL_STANDARD,CH_MOBILE,,2025-08-05,139.83,1.0632,EXPIRED,
QUO_0000000483,CUST_00000840,PROD_LIFE_BASIC,CH_MOBILE,,2026-02-18,226.16,1.1398,EXPIRED,
QUO_0000000484,CUST_00000843,PROD_HOME_BASIC,CH_MOBILE,,2024-07-15,354.01,1.0464,ACCEPTED,
QUO_0000000485,CUST_00000845,PROD_LIFE_STANDARD,CH_EMAIL,,2022-08-20,386.68,0.7658,DECLINED,
QUO_0000000486,CUST_00000846,PROD_HEALTH_STANDARD,CH_EMAIL,,2023-03-24,1092.05,0.8503,ACCEPTED,
QUO_0000000487,CUST_00000847,PROD_HOME_STANDARD,CH_EMAIL,,2023-07-31,542.42,0.8347,DECLINED,
QUO_0000000488,CUST_00000848,PROD_LIFE_PREMIUM,CH_MOBILE,,2025-06-03,948.09,1.1484,DECLINED,
QUO_0000000489,CUST_00000849,PROD_HEALTH_PREMIUM,CH_MOBILE,,2023-09-30,1474.66,1.1375,SENT,
QUO_0000000490,CUST_00000851,PROD_AUTO_PREMIUM,CH_EMAIL,,2026-05-29,1047.76,0.8232,SENT,
QUO_0000000491,CUST_00000855,PROD_AUTO_BASIC,CH_EMAIL,,2021-09-13,476.63,1.3017,DECLINED,
QUO_0000000492,CUST_00000856,PROD_PET_STANDARD,CH_EMAIL,,2021-08-09,309.84,0.8248,ACCEPTED,
QUO_0000000493,CUST_00000858,PROD_HEALTH_BASIC,CH_MOBILE,,2024-05-22,645.63,0.9422,DECLINED,
QUO_0000000494,CUST_00000860,PROD_AUTO_PREMIUM,CH_MOBILE,,2026-01-25,982.93,1.0265,ACCEPTED,
QUO_0000000495,CUST_00000863,PROD_TRAVEL_STANDARD,CH_EMAIL,,2026-02-10,158.71,0.9441,ACCEPTED,
QUO_0000000496,CUST_00000867,PROD_PET_STANDARD,CH_EMAIL,,2026-04-25,377.26,0.879,SENT,
QUO_0000000497,CUST_00000869,PROD_HOME_PREMIUM,CH_EMAIL,,2025-08-07,750.75,1.0103,SENT,
QUO_0000000498,CUST_00000872,PROD_HEALTH_STANDARD,CH_EMAIL,,2026-03-04,1022.48,0.7948,ACCEPTED,
QUO_0000000499,CUST_00000875,PROD_HOME_BASIC,CH_WEB,,2025-09-22,292.57,1.1199,ACCEPTED,
QUO_0000000500,CUST_00000876,PROD_LIFE_PREMIUM,CH_MOBILE,,2023-11-24,802.56,0.918,SENT,
QUO_0000000501,CUST_00000879,PROD_LIFE_PREMIUM,CH_EMAIL,,2023-03-06,750.89,0.8692,DECLINED,
QUO_0000000502,CUST_00000880,PROD_TRAVEL_STANDARD,CH_MOBILE,,2024-07-24,166.2,0.9849,ACCEPTED,
QUO_0000000503,CUST_00000881,PROD_HOME_PREMIUM,CH_EMAIL,,2026-06-15,828.42,1.0611,SENT,
QUO_0000000504,CUST_00000884,PROD_LIFE_BASIC,CH_MOBILE,,2025-12-07,259.84,0.8909,SENT,
QUO_0000000505,CUST_00000885,PROD_AUTO_BASIC,CH_EMAIL,,2024-02-16,589.29,0.7902,SENT,
QUO_0000000506,CUST_00000886,PROD_LIFE_BASIC,CH_MOBILE,,2023-04-20,208.81,0.8957,DECLINED,
QUO_0000000507,CUST_00000887,PROD_ACCIDENT_STANDARD,CH_EMAIL,,2024-01-12,255.7,0.9992,ACCEPTED,
QUO_0000000508,CUST_00000891,PROD_HOME_PREMIUM,CH_BROKER,,2024-06-26,768.1,0.9584,SENT,
QUO_0000000509,CUST_00000892,PROD_TRAVEL_STANDARD,CH_EMAIL,,2023-07-16,137.6,1.0001,SENT,
QUO_0000000510,CUST_00000894,PROD_ACCIDENT_STANDARD,CH_MOBILE,,2026-04-19,254.86,0.8365,DECLINED,
QUO_0000000511,CUST_00000897,PROD_HEALTH_PREMIUM,CH_EMAIL,,2025-10-28,1606.1,0.9147,SENT,
QUO_0000000512,CUST_00000899,PROD_HOME_PREMIUM,CH_EMAIL,,2024-10-18,692.69,0.8593,DECLINED,
QUO_0000000513,CUST_00000900,PROD_LIFE_STANDARD,CH_MOBILE,,2026-05-06,460.73,1.0665,DECLINED,
QUO_0000000514,CUST_00000901,PROD_AUTO_STANDARD,CH_MOBILE,,2024-11-08,835.89,0.7911,SENT,
QUO_0000000515,CUST_00000902,PROD_AUTO_BASIC,CH_EMAIL,,2026-05-07,521.73,1.0014,DECLINED,
QUO_0000000516,CUST_00000903,PROD_HEALTH_BASIC,CH_EMAIL,,2023-03-27,772.51,0.9429,EXPIRED,
QUO_0000000517,CUST_00000906,PROD_AUTO_STANDARD,CH_MOBILE,,2022-04-24,817.4,0.999,DECLINED,
QUO_0000000518,CUST_00000911,PROD_AUTO_BASIC,CH_MOBILE,,2024-11-02,479.46,0.86,SENT,
QUO_0000000519,CUST_00000913,PROD_HEALTH_PREMIUM,CH_EMAIL,,2026-05-07,1577.71,0.9711,SENT,
QUO_0000000520,CUST_00000917,PROD_LIFE_BASIC,CH_EMAIL,,2026-02-03,277.72,1.0566,ACCEPTED,
QUO_0000000521,CUST_00000919,PROD_AUTO_BASIC,CH_EMAIL,,2025-02-28,590.87,0.9813,SENT,
QUO_0000000522,CUST_00000920,PROD_LIFE_PREMIUM,CH_MOBILE,,2025-12-14,838.75,0.9559,EXPIRED,
QUO_0000000523,CUST_00000921,PROD_LIFE_STANDARD,CH_EMAIL,,2026-01-08,412.58,0.9591,DECLINED,
QUO_0000000524,CUST_00000922,PROD_HOME_PREMIUM,CH_MOBILE,,2026-03-18,791.08,0.864,DECLINED,
QUO_0000000525,CUST_00000925,PROD_AUTO_BASIC,CH_EMAIL,,2025-04-28,570.79,0.8591,DECLINED,
QUO_0000000526,CUST_00000926,PROD_TRAVEL_STANDARD,CH_MOBILE,,2024-11-07,136.31,1.0903,DECLINED,
QUO_0000000527,CUST_00000927,PROD_HOME_BASIC,CH_EMAIL,,2024-05-06,288.26,1.0653,SENT,
QUO_0000000528,CUST_00000932,PROD_HEALTH_STANDARD,CH_CALL_CENTER,AGT_00099,2024-08-21,989.24,1.0666,SENT,
QUO_0000000529,CUST_00000935,PROD_ACCIDENT_STANDARD,CH_EMAIL,,2021-01-17,269.19,1.0186,DECLINED,
QUO_0000000530,CUST_00000937,PROD_LIFE_STANDARD,CH_MOBILE,,2026-01-21,489.63,0.788,SENT,
QUO_0000000531,CUST_00000944,PROD_HOME_BASIC,CH_BROKER,,2025-12-06,295.15,0.8301,SENT,
QUO_0000000532,CUST_00000945,PROD_AUTO_BASIC,CH_MOBILE,,2025-09-06,532.96,0.9047,SENT,
QUO_0000000533,CUST_00000946,PROD_HOME_PREMIUM,CH_EMAIL,,2024-02-22,826.86,0.8835,SENT,
QUO_0000000534,CUST_00000947,PROD_HOME_PREMIUM,CH_MOBILE,,2024-01-23,757.33,0.8699,EXPIRED,
QUO_0000000535,CUST_00000948,PROD_HEALTH_STANDARD,CH_EMAIL,,2025-11-18,883.01,1.0061,EXPIRED,
QUO_0000000536,CUST_00000954,PROD_ACCIDENT_STANDARD,CH_EMAIL,,2025-02-26,214.12,0.9353,ACCEPTED,
QUO_0000000537,CUST_00000955,PROD_ACCIDENT_STANDARD,CH_MOBILE,,2025-02-27,265.03,0.9993,DECLINED,
QUO_0000000538,CUST_00000956,PROD_TRAVEL_STANDARD,CH_EMAIL,,2023-05-03,132.6,1.0703,EXPIRED,
QUO_0000000539,CUST_00000957,PROD_TRAVEL_STANDARD,CH_EMAIL,,2022-10-11,131.26,1.0159,ACCEPTED,
QUO_0000000540,CUST_00000958,PROD_HOME_BASIC,CH_EMAIL,,2025-12-20,333.99,1.0229,DECLINED,
QUO_0000000541,CUST_00000959,PROD_AUTO_PREMIUM,CH_MOBILE,,2024-11-16,1117.65,0.8771,SENT,
QUO_0000000542,CUST_00000960,PROD_AUTO_PREMIUM,CH_MOBILE,,2022-01-14,1115.35,0.842,DECLINED,
QUO_0000000543,CUST_00000961,PROD_AUTO_BASIC,CH_EMAIL,,2024-07-22,479.93,0.9287,SENT,
QUO_0000000544,CUST_00000963,PROD_HOME_STANDARD,CH_EMAIL,,2021-07-10,419.71,1.1431,DECLINED,
QUO_0000000545,CUST_00000966,PROD_LIFE_PREMIUM,CH_EMAIL,,2025-09-19,804.24,0.8233,SENT,
QUO_0000000546,CUST_00000969,PROD_LIFE_BASIC,CH_BRANCH,AGT_00099,2024-11-27,241.6,1.0561,DECLINED,
QUO_0000000547,CUST_00000971,PROD_LIFE_STANDARD,CH_EMAIL,,2024-09-17,386.64,0.9507,DECLINED,
QUO_0000000548,CUST_00000972,PROD_PET_STANDARD,CH_EMAIL,,2024-06-19,301.65,1.0033,DECLINED,
QUO_0000000549,CUST_00000973,PROD_AUTO_STANDARD,CH_MOBILE,,2026-03-08,733.35,0.9089,ACCEPTED,
QUO_0000000550,CUST_00000974,PROD_HEALTH_BASIC,CH_EMAIL,,2026-03-08,765.98,1.0645,ACCEPTED,
QUO_0000000551,CUST_00000978,PROD_AUTO_BASIC,CH_EMAIL,,2024-04-01,468.84,0.8394,SENT,
QUO_0000000552,CUST_00000979,PROD_HEALTH_BASIC,CH_MOBILE,,2021-10-10,594.71,0.8623,EXPIRED,
QUO_0000000553,CUST_00000980,PROD_HOME_STANDARD,CH_MOBILE,,2023-08-31,498.41,1.0551,DECLINED,
QUO_0000000554,CUST_00000981,PROD_LIFE_STANDARD,CH_MOBILE,,2021-06-02,413.65,0.8082,EXPIRED,
QUO_0000000555,CUST_00000982,PROD_HEALTH_STANDARD,CH_MOBILE,,2025-09-25,933.5,1.12,EXPIRED,
QUO_0000000556,CUST_00000984,PROD_AUTO_STANDARD,CH_EMAIL,,2024-02-07,876.25,0.9244,SENT,
QUO_0000000557,CUST_00000985,PROD_ACCIDENT_STANDARD,CH_EMAIL,,2026-05-06,219.46,1.0427,DECLINED,
QUO_0000000558,CUST_00000986,PROD_AUTO_STANDARD,CH_MOBILE,,2024-08-20,696.07,0.8535,DECLINED,
QUO_0000000559,CUST_00000989,PROD_LIFE_BASIC,CH_MOBILE,,2025-03-13,246.85,1.0362,SENT,
QUO_0000000560,CUST_00000990,PROD_HEALTH_BASIC,CH_EMAIL,,2025-03-24,759.32,1.0345,ACCEPTED,
QUO_0000000561,CUST_00000995,PROD_HOME_BASIC,CH_MOBILE,,2023-04-13,326.53,0.9358,ACCEPTED,
QUO_0000000562,CUST_00000998,PROD_ACCIDENT_STANDARD,CH_MOBILE,,2022-11-11,208.67,1.0008,DECLINED,
QUO_0000000563,CUST_00000999,PROD_HEALTH_BASIC,CH_EMAIL,,2021-11-25,675.57,0.7462,DECLINED,
QUO_0000000564,CUST_00001001,PROD_HEALTH_BASIC,CH_MOBILE,,2024-06-27,668.61,0.9412,ACCEPTED,
QUO_0000000565,CUST_00001002,PROD_LIFE_BASIC,CH_EMAIL,,2024-10-20,209.88,1.1427,ACCEPTED,
QUO_0000000566,CUST_00001005,PROD_AUTO_STANDARD,CH_EMAIL,,2025-07-23,824.72,1.1087,DECLINED,
QUO_0000000567,CUST_00001006,PROD_LIFE_PREMIUM,CH_MOBILE,,2022-11-09,794.32,1.0259,DECLINED,
QUO_0000000568,CUST_00001007,PROD_HEALTH_BASIC,CH_MOBILE,,2024-04-09,784.52,0.9783,EXPIRED,
QUO_0000000569,CUST_00001009,PROD_PET_STANDARD,CH_MOBILE,,2026-06-03,399.8,0.8116,SENT,
QUO_0000000570,CUST_00001011,PROD_LIFE_PREMIUM,CH_EMAIL,,2022-09-08,881.54,0.8141,SENT,
QUO_0000000571,CUST_00001012,PROD_LIFE_BASIC,CH_EMAIL,,2025-07-31,279.88,1.0073,SENT,
QUO_0000000572,CUST_00001014,PROD_LIFE_STANDARD,CH_EMAIL,,2025-10-18,412.72,0.9734,SENT,
QUO_0000000573,CUST_00001016,PROD_AUTO_STANDARD,CH_EMAIL,,2025-01-25,865.87,0.9747,SENT,
QUO_0000000574,CUST_00001020,PROD_ACCIDENT_STANDARD,CH_EMAIL,,2022-04-05,197.8,0.9225,SENT,
QUO_0000000575,CUST_00001021,PROD_TRAVEL_STANDARD,CH_EMAIL,,2025-10-10,163.36,0.9768,SENT,
QUO_0000000576,CUST_00001022,PROD_PET_STANDARD,CH_EMAIL,,2023-05-30,339.43,1.0445,DECLINED,
QUO_0000000577,CUST_00001024,PROD_AUTO_STANDARD,CH_EMAIL,,2022-07-22,756.33,0.9024,DECLINED,
QUO_0000000578,CUST_00001026,PROD_AUTO_STANDARD,CH_EMAIL,,2026-03-18,702.91,1.1122,DECLINED,
QUO_0000000579,CUST_00001027,PROD_PET_STANDARD,CH_EMAIL,,2024-12-10,391.48,0.9923,EXPIRED,
QUO_0000000580,CUST_00001028,PROD_LIFE_PREMIUM,CH_EMAIL,,2022-06-08,846.86,1.0505,DECLINED,
QUO_0000000581,CUST_00001029,PROD_ACCIDENT_STANDARD,CH_MOBILE,,2025-11-23,264.63,1.108,DECLINED,
QUO_0000000582,CUST_00001031,PROD_LIFE_PREMIUM,CH_EMAIL,,2025-05-27,793.48,0.8922,DECLINED,
QUO_0000000583,CUST_00001034,PROD_AUTO_BASIC,CH_EMAIL,,2023-10-30,492.31,0.6941,DECLINED,
QUO_0000000584,CUST_00001035,PROD_HEALTH_PREMIUM,CH_CALL_CENTER,AGT_00119,2025-11-06,1405.98,0.7471,ACCEPTED,
QUO_0000000585,CUST_00001043,PROD_PET_STANDARD,CH_EMAIL,,2024-08-27,370.01,0.9215,SENT,
QUO_0000000586,CUST_00001044,PROD_HEALTH_BASIC,CH_EMAIL,,2023-11-21,586.77,0.7914,DECLINED,
QUO_0000000587,CUST_00001045,PROD_HOME_STANDARD,CH_EMAIL,,2023-12-08,466.41,0.741,DECLINED,
QUO_0000000588,CUST_00001046,PROD_TRAVEL_STANDARD,CH_EMAIL,,2022-05-29,127.49,0.8745,SENT,
QUO_0000000589,CUST_00001047,PROD_HEALTH_STANDARD,CH_EMAIL,,2025-01-26,843.35,1.0525,SENT,
QUO_0000000590,CUST_00001053,PROD_HOME_PREMIUM,CH_EMAIL,,2023-04-12,851.89,1.0369,DECLINED,
QUO_0000000591,CUST_00001054,PROD_HEALTH_BASIC,CH_MOBILE,,2025-01-30,767.09,1.0427,DECLINED,
QUO_0000000592,CUST_00001056,PROD_HOME_PREMIUM,CH_EMAIL,,2021-03-27,726.58,0.8279,SENT,
QUO_0000000593,CUST_00001058,PROD_ACCIDENT_STANDARD,CH_MOBILE,,2025-11-20,263.65,0.9655,SENT,
QUO_0000000594,CUST_00001061,PROD_PET_STANDARD,CH_EMAIL,,2022-05-02,368.21,0.9736,DECLINED,
QUO_0000000595,CUST_00001063,PROD_HOME_PREMIUM,CH_EMAIL,,2025-08-26,789.58,0.8982,SENT,
QUO_0000000596,CUST_00001064,PROD_PET_STANDARD,CH_EMAIL,,2026-04-14,299.83,1.0639,SENT,
QUO_0000000597,CUST_00001069,PROD_HEALTH_STANDARD,CH_EMAIL,,2022-03-20,968.93,0.9672,SENT,
QUO_0000000598,CUST_00001073,PROD_LIFE_PREMIUM,CH_EMAIL,,2024-12-30,832.65,1.0135,DECLINED,
QUO_0000000599,CUST_00001074,PROD_LIFE_BASIC,CH_EMAIL,,2025-01-28,246.43,0.8357,SENT,
QUO_0000000600,CUST_00001076,PROD_HOME_BASIC,CH_MOBILE,,2022-01-27,359.53,1.1895,DECLINED,
QUO_0000000601,CUST_00001078,PROD_AUTO_STANDARD,CH_MOBILE,,2026-01-09,883.99,0.9678,ACCEPTED,
QUO_0000000602,CUST_00001080,PROD_HOME_PREMIUM,CH_MOBILE,,2024-06-04,809.08,0.9549,SENT,
QUO_0000000603,CUST_00001081,PROD_HEALTH_STANDARD,CH_MOBILE,,2023-07-25,897.48,0.8901,DECLINED,
QUO_0000000604,CUST_00001085,PROD_LIFE_BASIC,CH_EMAIL,,2024-09-02,218.72,1.0961,DECLINED,
QUO_0000000605,CUST_00001089,PROD_AUTO_BASIC,CH_MOBILE,,2026-04-02,559.71,1.0091,EXPIRED,
QUO_0000000606,CUST_00001090,PROD_HOME_PREMIUM,CH_EMAIL,,2024-10-27,703.52,1.0036,DECLINED,
QUO_0000000607,CUST_00001093,PROD_PET_STANDARD,CH_EMAIL,,2025-04-30,383.94,1.0106,DECLINED,
QUO_0000000608,CUST_00001096,PROD_AUTO_BASIC,CH_EMAIL,,2025-04-19,502.19,0.9685,EXPIRED,
QUO_0000000609,CUST_00001097,PROD_HOME_STANDARD,CH_EMAIL,,2025-08-17,440.24,0.8639,DECLINED,
QUO_0000000610,CUST_00001098,PROD_HEALTH_STANDARD,CH_EMAIL,,2021-10-04,1120.06,1.0008,DECLINED,
QUO_0000000611,CUST_00001099,PROD_PET_STANDARD,CH_EMAIL,,2023-12-07,301.05,1.2528,SENT,
QUO_0000000612,CUST_00001100,PROD_ACCIDENT_STANDARD,CH_EMAIL,,2024-01-23,245.16,0.8136,DECLINED,
QUO_0000000613,CUST_00001103,PROD_HOME_STANDARD,CH_MOBILE,,2022-02-11,497.79,0.8157,SENT,
QUO_0000000614,CUST_00001104,PROD_LIFE_STANDARD,CH_EMAIL,,2025-06-09,434.68,0.9891,SENT,
QUO_0000000615,CUST_00001106,PROD_AUTO_STANDARD,CH_EMAIL,,2026-03-27,724.26,1.0377,DECLINED,
QUO_0000000616,CUST_00001107,PROD_PET_STANDARD,CH_EMAIL,,2024-08-26,363.05,0.9388,DECLINED,
QUO_0000000617,CUST_00001108,PROD_LIFE_PREMIUM,CH_EMAIL,,2023-03-21,734.86,0.9386,DECLINED,
QUO_0000000618,CUST_00001110,PROD_AUTO_BASIC,CH_EMAIL,,2026-01-11,518.08,0.9508,SENT,
QUO_0000000619,CUST_00001112,PROD_TRAVEL_STANDARD,CH_EMAIL,,2023-12-04,163.99,0.9197,EXPIRED,
QUO_0000000620,CUST_00001113,PROD_HOME_BASIC,CH_EMAIL,,2026-01-06,303.27,1.0144,DECLINED,
QUO_0000000621,CUST_00001116,PROD_AUTO_STANDARD,CH_EMAIL,,2022-08-27,875.1,1.0285,SENT,
QUO_0000000622,CUST_00001119,PROD_LIFE_PREMIUM,CH_EMAIL,,2024-08-30,820.06,1.0386,SENT,
QUO_0000000623,CUST_00001121,PROD_LIFE_BASIC,CH_MOBILE,,2025-10-16,250.77,0.8737,EXPIRED,
QUO_0000000624,CUST_00001122,PROD_HOME_PREMIUM,CH_EMAIL,,2023-12-17,690.02,0.9865,DECLINED,
QUO_0000000625,CUST_00001123,PROD_AUTO_BASIC,CH_MOBILE,,2025-11-14,542.22,1.0609,DECLINED,
QUO_0000000626,CUST_00001125,PROD_HOME_PREMIUM,CH_EMAIL,,2025-10-26,872.88,1.0739,DECLINED,
QUO_0000000627,CUST_00001126,PROD_LIFE_PREMIUM,CH_EMAIL,,2022-06-07,732.58,1.1057,DECLINED,
QUO_0000000628,CUST_00001127,PROD_HEALTH_BASIC,CH_MOBILE,,2026-02-17,769.57,0.9118,ACCEPTED,
QUO_0000000629,CUST_00001130,PROD_HOME_BASIC,CH_EMAIL,,2025-03-24,291.11,1.0361,ACCEPTED,
QUO_0000000630,CUST_00001134,PROD_LIFE_BASIC,CH_MOBILE,,2021-06-13,276.99,0.9658,ACCEPTED,
QUO_0000000631,CUST_00001135,PROD_LIFE_BASIC,CH_MOBILE,,2025-10-24,266.8,0.954,EXPIRED,
QUO_0000000632,CUST_00001140,PROD_HEALTH_BASIC,CH_EMAIL,,2024-12-19,699.58,1.0897,EXPIRED,
QUO_0000000633,CUST_00001141,PROD_PET_STANDARD,CH_MOBILE,,2023-03-20,387.52,0.9577,ACCEPTED,
QUO_0000000634,CUST_00001142,PROD_LIFE_STANDARD,CH_EMAIL,,2024-11-08,361.75,1.1,DECLINED,
QUO_0000000635,CUST_00001144,PROD_ACCIDENT_STANDARD,CH_MOBILE,,2022-05-27,221.84,0.9428,EXPIRED,
QUO_0000000636,CUST_00001145,PROD_AUTO_STANDARD,CH_MOBILE,,2024-12-22,765.01,1.0396,EXPIRED,
QUO_0000000637,CUST_00001146,PROD_HEALTH_BASIC,CH_EMAIL,,2024-03-25,779.55,1.0108,SENT,
QUO_0000000638,CUST_00001147,PROD_AUTO_PREMIUM,CH_EMAIL,,2026-06-03,1234.16,0.8914,ACCEPTED,
QUO_0000000639,CUST_00001149,PROD_LIFE_BASIC,CH_EMAIL,,2025-09-14,215.44,1.0404,ACCEPTED,
QUO_0000000640,CUST_00001152,PROD_TRAVEL_STANDARD,CH_MOBILE,,2025-12-13,128.35,1.0567,SENT,
QUO_0000000641,CUST_00001154,PROD_AUTO_STANDARD,CH_EMAIL,,2021-11-11,745.74,1.1381,ACCEPTED,
QUO_0000000642,CUST_00001155,PROD_AUTO_STANDARD,CH_MOBILE,,2023-10-11,684.29,1.173,SENT,
QUO_0000000643,CUST_00001161,PROD_HEALTH_BASIC,CH_MOBILE,,2025-03-15,801.33,0.9693,EXPIRED,
QUO_0000000644,CUST_00001165,PROD_LIFE_BASIC,CH_EMAIL,,2023-04-24,276.57,1.2383,ACCEPTED,
QUO_0000000645,CUST_00001167,PROD_ACCIDENT_STANDARD,CH_MOBILE,,2024-06-10,212.8,1.0085,DECLINED,
QUO_0000000646,CUST_00001172,PROD_AUTO_PREMIUM,CH_EMAIL,,2025-12-18,1069.94,1.0747,SENT,
QUO_0000000647,CUST_00001176,PROD_LIFE_PREMIUM,CH_MOBILE,,2026-01-12,944.2,1.1328,EXPIRED,
QUO_0000000648,CUST_00001179,PROD_HEALTH_PREMIUM,CH_MOBILE,,2026-01-07,1590.26,0.8738,SENT,
QUO_0000000649,CUST_00001180,PROD_HOME_PREMIUM,CH_EMAIL,,2023-07-19,682.27,0.9876,ACCEPTED,
QUO_0000000650,CUST_00001183,PROD_HEALTH_BASIC,CH_MOBILE,,2022-10-09,658.35,0.9367,DECLINED,
QUO_0000000651,CUST_00001184,PROD_AUTO_BASIC,CH_MOBILE,,2024-01-20,585.44,0.9213,DECLINED,
QUO_0000000652,CUST_00001188,PROD_AUTO_PREMIUM,CH_MOBILE,,2023-11-03,1072.1,0.8647,ACCEPTED,
QUO_0000000653,CUST_00001189,PROD_HEALTH_STANDARD,CH_EMAIL,,2024-11-11,1017.47,0.797,EXPIRED,
QUO_0000000654,CUST_00001190,PROD_AUTO_PREMIUM,CH_MOBILE,,2025-10-25,1137.13,0.9605,SENT,
QUO_0000000655,CUST_00001191,PROD_AUTO_BASIC,CH_MOBILE,,2025-11-05,592.04,1.0748,SENT,
QUO_0000000656,CUST_00001198,PROD_ACCIDENT_STANDARD,CH_EMAIL,,2023-02-23,259.56,0.9995,SENT,
QUO_0000000657,CUST_00001199,PROD_HOME_PREMIUM,CH_EMAIL,,2026-02-04,791.98,1.1285,DECLINED,
QUO_0000000658,CUST_00001204,PROD_TRAVEL_STANDARD,CH_MOBILE,,2026-04-21,140.56,1.0118,EXPIRED,
QUO_0000000659,CUST_00001206,PROD_AUTO_BASIC,CH_MOBILE,,2024-10-10,460.04,0.8998,EXPIRED,
QUO_0000000660,CUST_00001207,PROD_ACCIDENT_STANDARD,CH_EMAIL,,2026-03-09,244.94,0.8704,ACCEPTED,
QUO_0000000661,CUST_00001209,PROD_ACCIDENT_STANDARD,CH_EMAIL,,2025-09-27,268.24,1.0251,EXPIRED,
QUO_0000000662,CUST_00001212,PROD_ACCIDENT_STANDARD,CH_EMAIL,,2024-10-07,234.24,0.8555,SENT,
QUO_0000000663,CUST_00001214,PROD_LIFE_PREMIUM,CH_EMAIL,,2024-07-16,911.16,1.0796,DECLINED,
QUO_0000000664,CUST_00001216,PROD_TRAVEL_STANDARD,CH_EMAIL,,2026-06-25,142.08,0.8811,SENT,
QUO_0000000665,CUST_00001218,PROD_TRAVEL_STANDARD,CH_MOBILE,,2020-11-18,160.44,0.9626,EXPIRED,
QUO_0000000666,CUST_00001219,PROD_PET_STANDARD,CH_EMAIL,,2026-05-15,300.05,0.8629,SENT,
QUO_0000000667,CUST_00001220,PROD_ACCIDENT_STANDARD,CH_EMAIL,,2022-05-04,230.76,1.038,SENT,
QUO_0000000668,CUST_00001221,PROD_PET_STANDARD,CH_EMAIL,,2026-04-20,302.52,1.135,SENT,
QUO_0000000669,CUST_00001222,PROD_LIFE_PREMIUM,CH_EMAIL,,2023-01-16,943.88,0.9706,DECLINED,
QUO_0000000670,CUST_00001223,PROD_LIFE_BASIC,CH_EMAIL,,2023-05-15,218.18,0.8001,ACCEPTED,
QUO_0000000671,CUST_00001225,PROD_AUTO_STANDARD,CH_MOBILE,,2025-10-07,777.97,0.8908,DECLINED,
QUO_0000000672,CUST_00001226,PROD_HEALTH_PREMIUM,CH_MOBILE,,2026-02-26,1316.18,0.9932,EXPIRED,
QUO_0000000673,CUST_00001227,PROD_ACCIDENT_STANDARD,CH_EMAIL,,2026-02-15,200.59,0.8183,SENT,
QUO_0000000674,CUST_00001228,PROD_LIFE_BASIC,CH_EMAIL,,2022-05-31,268.1,1.0907,DECLINED,
QUO_0000000675,CUST_00001229,PROD_HEALTH_BASIC,CH_MOBILE,,2022-08-10,732.41,1.15,SENT,
QUO_0000000676,CUST_00001231,PROD_HEALTH_PREMIUM,CH_EMAIL,,2026-01-16,1699.04,0.8299,ACCEPTED,
QUO_0000000677,CUST_00001232,PROD_LIFE_PREMIUM,CH_EMAIL,,2020-10-27,746.7,1.1495,ACCEPTED,
QUO_0000000678,CUST_00001234,PROD_ACCIDENT_STANDARD,CH_MOBILE,,2024-08-25,245.45,0.9194,ACCEPTED,
QUO_0000000679,CUST_00001235,PROD_PET_STANDARD,CH_EMAIL,,2024-01-12,349.37,0.9864,DECLINED,
QUO_0000000680,CUST_00001236,PROD_LIFE_BASIC,CH_MOBILE,,2025-03-31,241.77,0.9207,DECLINED,
QUO_0000000681,CUST_00001238,PROD_ACCIDENT_STANDARD,CH_EMAIL,,2020-12-05,233.59,1.1592,DECLINED,
QUO_0000000682,CUST_00001241,PROD_HEALTH_STANDARD,CH_EMAIL,,2023-06-11,869.07,0.8033,DECLINED,
QUO_0000000683,CUST_00001243,PROD_HOME_BASIC,CH_PARTNER,,2024-02-22,288.98,0.9209,DECLINED,
QUO_0000000684,CUST_00001244,PROD_AUTO_PREMIUM,CH_EMAIL,,2025-12-15,1098.08,0.9507,DECLINED,
QUO_0000000685,CUST_00001247,PROD_AUTO_PREMIUM,CH_EMAIL,,2025-12-15,1312.25,1.079,SENT,
QUO_0000000686,CUST_00001248,PROD_HEALTH_PREMIUM,CH_EMAIL,,2024-08-12,1525.01,0.8732,SENT,
QUO_0000000687,CUST_00001249,PROD_AUTO_BASIC,CH_EMAIL,,2026-04-17,586.0,0.8906,DECLINED,
QUO_0000000688,CUST_00001250,PROD_LIFE_STANDARD,CH_MOBILE,,2023-02-10,440.14,0.9162,EXPIRED,
QUO_0000000689,CUST_00001251,PROD_HOME_PREMIUM,CH_MOBILE,,2025-09-24,831.36,1.0608,EXPIRED,
QUO_0000000690,CUST_00001254,PROD_HOME_BASIC,CH_MOBILE,,2026-06-05,337.79,1.0876,SENT,
QUO_0000000691,CUST_00001255,PROD_TRAVEL_STANDARD,CH_MOBILE,,2021-11-12,160.15,0.9677,ACCEPTED,
QUO_0000000692,CUST_00001256,PROD_HOME_PREMIUM,CH_EMAIL,,2025-11-21,818.0,0.9512,SENT,
QUO_0000000693,CUST_00001258,PROD_HOME_BASIC,CH_MOBILE,,2025-06-11,328.14,0.8165,DECLINED,
QUO_0000000694,CUST_00001259,PROD_TRAVEL_STANDARD,CH_EMAIL,,2025-08-23,140.93,1.1021,EXPIRED,
QUO_0000000695,CUST_00001260,PROD_HOME_BASIC,CH_EMAIL,,2023-05-18,363.44,0.9144,DECLINED,
QUO_0000000696,CUST_00001261,PROD_HOME_STANDARD,CH_EMAIL,,2024-07-16,459.67,0.8527,SENT,
QUO_0000000697,CUST_00001264,PROD_LIFE_BASIC,CH_MOBILE,,2026-01-24,232.8,1.2099,ACCEPTED,
QUO_0000000698,CUST_00001270,PROD_ACCIDENT_STANDARD,CH_MOBILE,,2023-12-05,247.81,0.9116,EXPIRED,
QUO_0000000699,CUST_00001271,PROD_AUTO_STANDARD,CH_EMAIL,,2024-01-26,693.73,1.0346,ACCEPTED,
QUO_0000000700,CUST_00001273,PROD_AUTO_BASIC,CH_EMAIL,,2025-12-09,551.01,0.8412,SENT,
QUO_0000000701,CUST_00001275,PROD_AUTO_PREMIUM,CH_MOBILE,,2024-12-12,1054.47,1.0216,DECLINED,
QUO_0000000702,CUST_00001276,PROD_LIFE_PREMIUM,CH_EMAIL,,2025-05-05,744.99,0.9694,DECLINED,
QUO_0000000703,CUST_00001277,PROD_PET_STANDARD,CH_MOBILE,,2026-02-12,325.71,0.9018,SENT,
QUO_0000000704,CUST_00001279,PROD_ACCIDENT_STANDARD,CH_EMAIL,,2021-10-21,269.05,1.2332,SENT,
QUO_0000000705,CUST_00001283,PROD_HEALTH_BASIC,CH_EMAIL,,2023-01-29,718.67,0.8353,DECLINED,
QUO_0000000706,CUST_00001284,PROD_AUTO_BASIC,CH_EMAIL,,2021-11-23,467.96,1.0276,DECLINED,
QUO_0000000707,CUST_00001287,PROD_HEALTH_STANDARD,CH_MOBILE,,2026-04-14,1107.4,0.961,SENT,
QUO_0000000708,CUST_00001288,PROD_LIFE_PREMIUM,CH_MOBILE,,2021-12-15,811.04,0.9144,DECLINED,
QUO_0000000709,CUST_00001290,PROD_ACCIDENT_STANDARD,CH_MOBILE,,2026-06-22,268.56,0.6702,EXPIRED,
QUO_0000000710,CUST_00001292,PROD_HEALTH_PREMIUM,CH_MOBILE,,2022-11-13,1303.93,0.8995,ACCEPTED,
QUO_0000000711,CUST_00001294,PROD_HOME_STANDARD,CH_MOBILE,,2022-07-13,464.86,0.7906,DECLINED,
QUO_0000000712,CUST_00001296,PROD_LIFE_PREMIUM,CH_MOBILE,,2024-08-20,754.43,0.8025,SENT,
QUO_0000000713,CUST_00001298,PROD_LIFE_PREMIUM,CH_EMAIL,,2021-11-23,967.92,1.004,ACCEPTED,
QUO_0000000714,CUST_00001299,PROD_AUTO_BASIC,CH_EMAIL,,2026-04-28,458.39,1.0284,EXPIRED,
QUO_0000000715,CUST_00001300,PROD_HOME_STANDARD,CH_EMAIL,,2022-01-20,564.09,0.9532,EXPIRED,
QUO_0000000716,CUST_00001302,PROD_LIFE_PREMIUM,CH_EMAIL,,2024-09-15,962.05,0.9457,SENT,
QUO_0000000717,CUST_00001304,PROD_AUTO_PREMIUM,CH_EMAIL,,2025-11-29,1238.39,1.0513,SENT,
QUO_0000000718,CUST_00001311,PROD_HEALTH_STANDARD,CH_MOBILE,,2025-10-19,879.98,0.9579,EXPIRED,
QUO_0000000719,CUST_00001312,PROD_HOME_STANDARD,CH_EMAIL,,2026-03-06,460.65,1.1105,SENT,
QUO_0000000720,CUST_00001313,PROD_LIFE_BASIC,CH_MOBILE,,2026-06-18,242.12,0.7474,DECLINED,
QUO_0000000721,CUST_00001314,PROD_HOME_STANDARD,CH_EMAIL,,2025-04-07,422.91,0.947,DECLINED,
QUO_0000000722,CUST_00001315,PROD_HOME_BASIC,CH_EMAIL,,2021-10-03,320.82,0.8673,EXPIRED,
QUO_0000000723,CUST_00001316,PROD_AUTO_BASIC,CH_MOBILE,,2024-09-21,538.38,0.8304,DECLINED,
QUO_0000000724,CUST_00001318,PROD_HEALTH_PREMIUM,CH_MOBILE,,2022-05-27,1569.75,1.0068,EXPIRED,
QUO_0000000725,CUST_00001322,PROD_AUTO_BASIC,CH_EMAIL,,2025-08-11,516.24,1.0637,SENT,
QUO_0000000726,CUST_00001325,PROD_HEALTH_PREMIUM,CH_EMAIL,,2025-09-13,1401.81,1.0389,DECLINED,
QUO_0000000727,CUST_00001326,PROD_HEALTH_STANDARD,CH_MOBILE,,2024-09-16,981.49,0.8282,ACCEPTED,
QUO_0000000728,CUST_00001327,PROD_ACCIDENT_STANDARD,CH_EMAIL,,2025-10-27,264.84,0.9403,DECLINED,
QUO_0000000729,CUST_00001328,PROD_HEALTH_STANDARD,CH_EMAIL,,2026-04-26,856.59,0.9548,DECLINED,
QUO_0000000730,CUST_00001333,PROD_AUTO_PREMIUM,CH_MOBILE,,2021-12-28,1198.32,0.871,SENT,
QUO_0000000731,CUST_00001334,PROD_LIFE_STANDARD,CH_EMAIL,,2026-04-28,493.64,0.7915,SENT,
QUO_0000000732,CUST_00001336,PROD_LIFE_STANDARD,CH_EMAIL,,2026-01-25,380.81,1.067,ACCEPTED,
QUO_0000000733,CUST_00001337,PROD_LIFE_STANDARD,CH_EMAIL,,2025-11-08,440.15,1.0911,EXPIRED,
QUO_0000000734,CUST_00001338,PROD_LIFE_PREMIUM,CH_MOBILE,,2024-02-24,761.03,0.9643,DECLINED,
QUO_0000000735,CUST_00001339,PROD_LIFE_BASIC,CH_EMAIL,,2024-01-17,277.75,0.7732,DECLINED,
QUO_0000000736,CUST_00001340,PROD_PET_STANDARD,CH_EMAIL,,2025-06-06,380.4,0.7827,SENT,
QUO_0000000737,CUST_00001343,PROD_PET_STANDARD,CH_MOBILE,,2021-02-27,329.64,1.1187,EXPIRED,
QUO_0000000738,CUST_00001345,PROD_PET_STANDARD,CH_MOBILE,,2022-10-29,359.05,0.9403,EXPIRED,
QUO_0000000739,CUST_00001347,PROD_HEALTH_BASIC,CH_MOBILE,,2022-12-09,657.69,0.8025,ACCEPTED,
QUO_0000000740,CUST_00001348,PROD_ACCIDENT_STANDARD,CH_EMAIL,,2023-11-15,270.37,1.1558,SENT,
QUO_0000000741,CUST_00001349,PROD_HOME_BASIC,CH_EMAIL,,2026-04-18,275.83,1.1586,DECLINED,
QUO_0000000742,CUST_00001350,PROD_HEALTH_BASIC,CH_EMAIL,,2023-08-21,799.14,0.8755,EXPIRED,
QUO_0000000743,CUST_00001352,PROD_HOME_STANDARD,CH_MOBILE,,2025-09-11,545.36,0.8983,DECLINED,
QUO_0000000744,CUST_00001355,PROD_AUTO_PREMIUM,CH_MOBILE,,2026-06-19,1010.93,1.0714,DECLINED,
QUO_0000000745,CUST_00001356,PROD_HEALTH_STANDARD,CH_EMAIL,,2024-12-03,1007.81,1.0811,DECLINED,
QUO_0000000746,CUST_00001357,PROD_LIFE_PREMIUM,CH_EMAIL,,2025-06-16,875.46,0.8855,EXPIRED,
QUO_0000000747,CUST_00001358,PROD_ACCIDENT_STANDARD,CH_MOBILE,,2022-10-24,250.4,0.9254,ACCEPTED,
QUO_0000000748,CUST_00001359,PROD_HOME_BASIC,CH_MOBILE,,2025-04-10,268.59,1.1628,SENT,
QUO_0000000749,CUST_00001360,PROD_ACCIDENT_STANDARD,CH_EMAIL,,2023-02-17,229.52,0.7282,EXPIRED,
QUO_0000000750,CUST_00001361,PROD_HOME_PREMIUM,CH_EMAIL,,2023-10-23,763.16,0.8785,EXPIRED,
QUO_0000000751,CUST_00001364,PROD_LIFE_BASIC,CH_EMAIL,,2024-01-22,208.06,0.9968,EXPIRED,
QUO_0000000752,CUST_00001367,PROD_ACCIDENT_STANDARD,CH_EMAIL,,2025-02-23,210.75,0.9177,SENT,
QUO_0000000753,CUST_00001368,PROD_LIFE_STANDARD,CH_MOBILE,,2021-09-25,393.23,1.0418,DECLINED,
QUO_0000000754,CUST_00001373,PROD_TRAVEL_STANDARD,CH_EMAIL,,2023-02-25,166.21,1.2146,ACCEPTED,
QUO_0000000755,CUST_00001374,PROD_LIFE_PREMIUM,CH_EMAIL,,2023-04-15,837.8,1.2191,SENT,
QUO_0000000756,CUST_00001375,PROD_PET_STANDARD,CH_EMAIL,,2024-08-23,316.02,1.1236,DECLINED,
QUO_0000000757,CUST_00001377,PROD_HOME_BASIC,CH_MOBILE,,2024-12-22,324.93,1.0986,SENT,
QUO_0000000758,CUST_00001379,PROD_AUTO_PREMIUM,CH_MOBILE,,2025-01-02,1084.91,1.1294,ACCEPTED,
QUO_0000000759,CUST_00001381,PROD_AUTO_BASIC,CH_MOBILE,,2024-01-29,563.18,1.0439,EXPIRED,
QUO_0000000760,CUST_00001383,PROD_LIFE_STANDARD,CH_EMAIL,,2024-08-30,399.49,1.2098,SENT,
QUO_0000000761,CUST_00001384,PROD_LIFE_BASIC,CH_EMAIL,,2026-01-25,254.31,1.0437,SENT,
QUO_0000000762,CUST_00001387,PROD_AUTO_PREMIUM,CH_EMAIL,,2025-11-28,965.0,1.0952,DECLINED,
QUO_0000000763,CUST_00001388,PROD_LIFE_STANDARD,CH_MOBILE,,2026-02-26,483.07,1.1009,EXPIRED,
QUO_0000000764,CUST_00001389,PROD_TRAVEL_STANDARD,CH_EMAIL,,2024-11-24,154.3,1.0362,DECLINED,
QUO_0000000765,CUST_00001390,PROD_AUTO_PREMIUM,CH_EMAIL,,2024-10-29,1234.18,1.0241,ACCEPTED,
QUO_0000000766,CUST_00001391,PROD_TRAVEL_STANDARD,CH_MOBILE,,2023-09-13,134.58,1.0105,DECLINED,
QUO_0000000767,CUST_00001392,PROD_PET_STANDARD,CH_EMAIL,,2025-08-17,362.95,0.8496,EXPIRED,
QUO_0000000768,CUST_00001394,PROD_ACCIDENT_STANDARD,CH_EMAIL,,2025-06-13,242.23,1.0621,DECLINED,
QUO_0000000769,CUST_00001396,PROD_AUTO_PREMIUM,CH_EMAIL,,2026-04-17,974.06,1.0486,ACCEPTED,
QUO_0000000770,CUST_00001397,PROD_LIFE_BASIC,CH_EMAIL,,2025-10-22,222.77,0.9735,EXPIRED,
QUO_0000000771,CUST_00001398,PROD_HEALTH_BASIC,CH_MOBILE,,2026-05-17,678.98,1.0726,EXPIRED,
QUO_0000000772,CUST_00001399,PROD_HEALTH_PREMIUM,CH_MOBILE,,2025-11-10,1335.24,0.7013,DECLINED,
QUO_0000000773,CUST_00001402,PROD_HEALTH_BASIC,CH_MOBILE,,2022-11-08,742.89,1.0321,ACCEPTED,
QUO_0000000774,CUST_00001403,PROD_ACCIDENT_STANDARD,CH_BRANCH,AGT_00128,2022-05-10,256.23,1.05,SENT,
QUO_0000000775,CUST_00001405,PROD_LIFE_BASIC,CH_EMAIL,,2023-04-21,217.5,0.77,ACCEPTED,
QUO_0000000776,CUST_00001407,PROD_AUTO_BASIC,CH_MOBILE,,2025-04-19,530.74,0.8804,ACCEPTED,
QUO_0000000777,CUST_00001408,PROD_AUTO_PREMIUM,CH_EMAIL,,2022-06-14,1201.64,0.9504,DECLINED,
QUO_0000000778,CUST_00001410,PROD_HOME_BASIC,CH_EMAIL,,2025-02-07,292.31,1.1754,EXPIRED,
QUO_0000000779,CUST_00001411,PROD_HOME_BASIC,CH_MOBILE,,2022-05-19,273.5,1.0307,SENT,
QUO_0000000780,CUST_00001412,PROD_HOME_STANDARD,CH_BROKER,,2025-04-25,447.55,1.0769,ACCEPTED,
QUO_0000000781,CUST_00001415,PROD_HEALTH_BASIC,CH_EMAIL,,2021-08-16,710.37,0.9587,SENT,
QUO_0000000782,CUST_00001417,PROD_LIFE_BASIC,CH_MOBILE,,2023-12-21,246.15,0.9499,SENT,
QUO_0000000783,CUST_00001418,PROD_AUTO_BASIC,CH_EMAIL,,2026-03-27,541.37,0.8551,SENT,
QUO_0000000784,CUST_00001421,PROD_HEALTH_BASIC,CH_EMAIL,,2024-06-02,706.09,0.9412,SENT,
QUO_0000000785,CUST_00001422,PROD_HOME_STANDARD,CH_EMAIL,,2022-06-20,489.86,1.0155,DECLINED,
QUO_0000000786,CUST_00001423,PROD_HEALTH_PREMIUM,CH_MOBILE,,2024-12-09,1506.68,0.9523,DECLINED,
QUO_0000000787,CUST_00001424,PROD_HOME_STANDARD,CH_EMAIL,,2021-07-31,420.82,0.9346,SENT,
QUO_0000000788,CUST_00001426,PROD_AUTO_BASIC,CH_EMAIL,,2026-02-13,526.52,0.8682,ACCEPTED,
QUO_0000000789,CUST_00001428,PROD_TRAVEL_STANDARD,CH_MOBILE,,2025-04-24,148.62,1.1261,DECLINED,
QUO_0000000790,CUST_00001429,PROD_PET_STANDARD,CH_EMAIL,,2022-08-22,314.98,0.7145,SENT,
QUO_0000000791,CUST_00001430,PROD_HOME_STANDARD,CH_MOBILE,,2025-10-09,488.88,1.1093,SENT,
QUO_0000000792,CUST_00001431,PROD_LIFE_STANDARD,CH_EMAIL,,2024-09-08,444.99,1.1061,SENT,
QUO_0000000793,CUST_00001432,PROD_PET_STANDARD,CH_MOBILE,,2025-03-28,332.82,1.0495,SENT,
QUO_0000000794,CUST_00001443,PROD_TRAVEL_STANDARD,CH_EMAIL,,2024-09-07,141.99,0.884,EXPIRED,
QUO_0000000795,CUST_00001444,PROD_ACCIDENT_STANDARD,CH_MOBILE,,2026-04-28,253.52,1.0302,SENT,
QUO_0000000796,CUST_00001446,PROD_LIFE_PREMIUM,CH_MOBILE,,2023-08-21,843.96,0.8587,ACCEPTED,
QUO_0000000797,CUST_00001447,PROD_ACCIDENT_STANDARD,CH_MOBILE,,2026-05-19,249.29,1.3344,DECLINED,
QUO_0000000798,CUST_00001451,PROD_HOME_STANDARD,CH_MOBILE,,2024-01-06,434.31,0.9755,SENT,
QUO_0000000799,CUST_00001452,PROD_LIFE_STANDARD,CH_EMAIL,,2025-05-31,414.88,0.9474,EXPIRED,
QUO_0000000800,CUST_00001453,PROD_HEALTH_STANDARD,CH_MOBILE,,2025-04-08,1070.4,1.2914,SENT,
QUO_0000000801,CUST_00001455,PROD_HEALTH_PREMIUM,CH_CALL_CENTER,AGT_00128,2025-09-29,1293.78,0.9429,SENT,
QUO_0000000802,CUST_00001456,PROD_TRAVEL_STANDARD,CH_EMAIL,,2025-12-31,162.0,1.0756,SENT,
QUO_0000000803,CUST_00001457,PROD_HOME_STANDARD,CH_MOBILE,,2025-12-04,537.99,1.012,DECLINED,
QUO_0000000804,CUST_00001458,PROD_TRAVEL_STANDARD,CH_EMAIL,,2024-05-30,136.16,0.9098,DECLINED,
QUO_0000000805,CUST_00001460,PROD_HOME_PREMIUM,CH_EMAIL,,2024-09-13,780.5,1.0819,ACCEPTED,
QUO_0000000806,CUST_00001461,PROD_HOME_PREMIUM,CH_EMAIL,,2025-04-30,836.39,0.8756,ACCEPTED,
QUO_0000000807,CUST_00001463,PROD_AUTO_BASIC,CH_EMAIL,,2025-09-05,563.15,0.828,EXPIRED,
QUO_0000000808,CUST_00001465,PROD_HOME_PREMIUM,CH_MOBILE,,2024-03-05,739.18,0.9752,SENT,
QUO_0000000809,CUST_00001469,PROD_AUTO_BASIC,CH_EMAIL,,2026-06-13,578.76,1.0132,DECLINED,
QUO_0000000810,CUST_00001470,PROD_ACCIDENT_STANDARD,CH_EMAIL,,2025-06-05,222.74,1.0636,ACCEPTED,
QUO_0000000811,CUST_00001473,PROD_HEALTH_BASIC,CH_MOBILE,,2025-11-16,783.33,0.9391,DECLINED,
QUO_0000000812,CUST_00001476,PROD_TRAVEL_STANDARD,CH_MOBILE,,2024-01-16,164.21,1.0946,SENT,
QUO_0000000813,CUST_00001477,PROD_HEALTH_STANDARD,CH_MOBILE,,2025-06-02,933.87,0.811,ACCEPTED,
QUO_0000000814,CUST_00001478,PROD_HOME_BASIC,CH_MOBILE,,2026-01-05,293.33,0.8802,DECLINED,
QUO_0000000815,CUST_00001479,PROD_HEALTH_BASIC,CH_EMAIL,,2026-04-06,789.09,0.9695,DECLINED,
QUO_0000000816,CUST_00001480,PROD_HOME_PREMIUM,CH_EMAIL,,2021-12-20,721.45,1.111,EXPIRED,
QUO_0000000817,CUST_00001483,PROD_HEALTH_PREMIUM,CH_EMAIL,,2025-09-13,1658.56,1.1627,EXPIRED,
QUO_0000000818,CUST_00001484,PROD_AUTO_PREMIUM,CH_EMAIL,,2026-01-22,1195.11,0.6635,DECLINED,
QUO_0000000819,CUST_00001486,PROD_ACCIDENT_STANDARD,CH_MOBILE,,2024-11-10,213.64,0.9079,DECLINED,
QUO_0000000820,CUST_00001488,PROD_TRAVEL_STANDARD,CH_EMAIL,,2025-09-05,140.58,0.9504,EXPIRED,
QUO_0000000821,CUST_00001489,PROD_AUTO_BASIC,CH_EMAIL,,2023-04-14,569.99,0.954,DECLINED,
QUO_0000000822,CUST_00001491,PROD_HOME_PREMIUM,CH_EMAIL,,2025-08-20,768.77,0.775,ACCEPTED,
QUO_0000000823,CUST_00001493,PROD_LIFE_BASIC,CH_EMAIL,,2022-10-12,223.03,0.9395,EXPIRED,
QUO_0000000824,CUST_00001494,PROD_TRAVEL_STANDARD,CH_EMAIL,,2026-05-25,144.01,0.8665,ACCEPTED,
QUO_0000000825,CUST_00001495,PROD_HOME_BASIC,CH_MOBILE,,2025-12-29,279.09,1.0893,ACCEPTED,
QUO_0000000826,CUST_00001496,PROD_LIFE_BASIC,CH_MOBILE,,2025-11-03,251.08,0.7746,DECLINED,
QUO_0000000827,CUST_00001497,PROD_HOME_BASIC,CH_EMAIL,,2025-10-30,344.08,1.0933,SENT,
QUO_0000000828,CUST_00001499,PROD_AUTO_BASIC,CH_EMAIL,,2025-07-16,466.55,1.0169,EXPIRED,
QUO_0000000829,CUST_00001501,PROD_HEALTH_STANDARD,CH_EMAIL,,2026-05-08,1110.26,0.964,DECLINED,
QUO_0000000830,CUST_00001503,PROD_LIFE_BASIC,CH_EMAIL,,2026-02-21,247.54,0.7922,SENT,
QUO_0000000831,CUST_00001504,PROD_LIFE_PREMIUM,CH_EMAIL,,2021-11-03,984.13,0.8743,SENT,
QUO_0000000832,CUST_00001505,PROD_LIFE_BASIC,CH_EMAIL,,2026-02-07,259.62,0.9988,ACCEPTED,
QUO_0000000833,CUST_00001506,PROD_PET_STANDARD,CH_EMAIL,,2023-09-04,327.51,1.1154,SENT,
QUO_0000000834,CUST_00001507,PROD_LIFE_STANDARD,CH_EMAIL,,2025-07-10,399.16,1.0517,SENT,
QUO_0000000835,CUST_00001509,PROD_AUTO_STANDARD,CH_EMAIL,,2023-10-23,704.7,0.7393,ACCEPTED,
QUO_0000000836,CUST_00001512,PROD_HOME_PREMIUM,CH_MOBILE,,2026-02-17,656.06,1.0859,SENT,
QUO_0000000837,CUST_00001513,PROD_HEALTH_STANDARD,CH_MOBILE,,2025-11-18,953.61,0.9364,DECLINED,
QUO_0000000838,CUST_00001515,PROD_HEALTH_PREMIUM,CH_MOBILE,,2025-04-20,1404.89,1.1953,EXPIRED,
QUO_0000000839,CUST_00001517,PROD_ACCIDENT_STANDARD,CH_EMAIL,,2026-04-15,230.12,1.0285,ACCEPTED,
QUO_0000000840,CUST_00001520,PROD_LIFE_PREMIUM,CH_MOBILE,,2025-11-28,989.63,1.2256,EXPIRED,
QUO_0000000841,CUST_00001521,PROD_AUTO_BASIC,CH_MOBILE,,2026-05-07,603.63,1.1964,DECLINED,
QUO_0000000842,CUST_00001523,PROD_HEALTH_STANDARD,CH_CALL_CENTER,AGT_00105,2025-11-24,1019.05,0.7376,EXPIRED,
QUO_0000000843,CUST_00001524,PROD_LIFE_STANDARD,CH_MOBILE,,2022-07-01,428.52,0.9922,SENT,
QUO_0000000844,CUST_00001531,PROD_HOME_BASIC,CH_MOBILE,,2025-03-06,276.47,0.9644,DECLINED,
QUO_0000000845,CUST_00001533,PROD_LIFE_BASIC,CH_MOBILE,,2025-10-14,221.57,0.9823,SENT,
QUO_0000000846,CUST_00001534,PROD_HEALTH_PREMIUM,CH_EMAIL,,2020-12-24,1360.3,0.8681,EXPIRED,
QUO_0000000847,CUST_00001536,PROD_HOME_PREMIUM,CH_BROKER,,2025-12-01,831.62,0.9859,SENT,
QUO_0000000848,CUST_00001538,PROD_PET_STANDARD,CH_EMAIL,,2023-08-31,320.58,0.9906,DECLINED,
QUO_0000000849,CUST_00001540,PROD_HEALTH_BASIC,CH_EMAIL,,2023-07-28,758.41,0.9831,DECLINED,
QUO_0000000850,CUST_00001542,PROD_HOME_STANDARD,CH_MOBILE,,2025-06-15,414.0,0.9758,DECLINED,
QUO_0000000851,CUST_00001543,PROD_HOME_PREMIUM,CH_EMAIL,,2023-10-29,838.4,1.0468,SENT,
QUO_0000000852,CUST_00001544,PROD_HOME_BASIC,CH_EMAIL,,2025-05-26,311.88,0.8289,SENT,
QUO_0000000853,CUST_00001546,PROD_HEALTH_BASIC,CH_MOBILE,,2025-08-18,717.52,0.8886,EXPIRED,
QUO_0000000854,CUST_00001547,PROD_HOME_STANDARD,CH_EMAIL,,2026-02-07,502.35,1.2017,ACCEPTED,
QUO_0000000855,CUST_00001550,PROD_HOME_STANDARD,CH_MOBILE,,2025-05-23,422.84,1.076,SENT,
QUO_0000000856,CUST_00001551,PROD_LIFE_PREMIUM,CH_MOBILE,,2026-03-16,988.6,1.2852,DECLINED,
QUO_0000000857,CUST_00001553,PROD_TRAVEL_STANDARD,CH_EMAIL,,2025-10-02,159.62,0.8502,DECLINED,
QUO_0000000858,CUST_00001554,PROD_HEALTH_STANDARD,CH_EMAIL,,2024-11-11,1137.19,1.1137,ACCEPTED,
QUO_0000000859,CUST_00001556,PROD_ACCIDENT_STANDARD,CH_MOBILE,,2024-04-03,267.01,1.1516,DECLINED,
QUO_0000000860,CUST_00001559,PROD_HEALTH_PREMIUM,CH_EMAIL,,2024-11-27,1439.79,0.9855,EXPIRED,
QUO_0000000861,CUST_00001560,PROD_PET_STANDARD,CH_EMAIL,,2022-03-18,321.07,0.9633,SENT,
QUO_0000000862,CUST_00001562,PROD_PET_STANDARD,CH_MOBILE,,2023-05-27,365.22,0.936,DECLINED,
QUO_0000000863,CUST_00001563,PROD_HOME_PREMIUM,CH_MOBILE,,2024-08-27,831.53,0.8253,ACCEPTED,
QUO_0000000864,CUST_00001564,PROD_HOME_STANDARD,CH_EMAIL,,2023-07-13,514.66,1.1029,DECLINED,
QUO_0000000865,CUST_00001566,PROD_PET_STANDARD,CH_EMAIL,,2023-07-30,352.7,1.0902,DECLINED,
QUO_0000000866,CUST_00001569,PROD_LIFE_STANDARD,CH_EMAIL,,2026-03-28,386.33,1.1216,SENT,
QUO_0000000867,CUST_00001572,PROD_HOME_BASIC,CH_MOBILE,,2025-11-30,332.83,1.1449,DECLINED,
QUO_0000000868,CUST_00001574,PROD_ACCIDENT_STANDARD,CH_MOBILE,,2026-06-13,222.35,0.9781,SENT,
QUO_0000000869,CUST_00001575,PROD_AUTO_STANDARD,CH_MOBILE,,2024-10-19,670.43,0.8058,SENT,
QUO_0000000870,CUST_00001577,PROD_HEALTH_BASIC,CH_EMAIL,,2021-06-22,700.83,1.0256,EXPIRED,
QUO_0000000871,CUST_00001580,PROD_HEALTH_PREMIUM,CH_EMAIL,,2023-08-06,1366.18,0.732,SENT,
QUO_0000000872,CUST_00001582,PROD_HEALTH_STANDARD,CH_MOBILE,,2022-10-25,1103.92,0.8929,SENT,
QUO_0000000873,CUST_00001583,PROD_HOME_BASIC,CH_EMAIL,,2023-06-04,333.28,0.9214,SENT,
QUO_0000000874,CUST_00001584,PROD_LIFE_BASIC,CH_EMAIL,,2025-02-11,216.82,0.9911,SENT,
QUO_0000000875,CUST_00001585,PROD_AUTO_BASIC,CH_EMAIL,,2025-09-15,523.98,1.1696,DECLINED,
QUO_0000000876,CUST_00001586,PROD_HEALTH_BASIC,CH_MOBILE,,2022-02-22,655.98,1.1057,DECLINED,
QUO_0000000877,CUST_00001588,PROD_HEALTH_STANDARD,CH_MOBILE,,2026-03-21,1013.89,0.9738,SENT,
QUO_0000000878,CUST_00001590,PROD_HEALTH_STANDARD,CH_EMAIL,,2024-07-28,1020.83,1.1914,ACCEPTED,
QUO_0000000879,CUST_00001591,PROD_LIFE_STANDARD,CH_EMAIL,,2021-07-01,470.51,1.0222,SENT,
QUO_0000000880,CUST_00001592,PROD_ACCIDENT_STANDARD,CH_EMAIL,,2024-07-08,257.52,1.0337,EXPIRED,
QUO_0000000881,CUST_00001593,PROD_TRAVEL_STANDARD,CH_EMAIL,,2024-11-03,153.15,0.9946,DECLINED,
QUO_0000000882,CUST_00001594,PROD_LIFE_PREMIUM,CH_MOBILE,,2025-01-27,863.55,0.9902,SENT,
QUO_0000000883,CUST_00001596,PROD_LIFE_STANDARD,CH_EMAIL,,2021-05-23,435.69,1.0811,SENT,
QUO_0000000884,CUST_00001597,PROD_HEALTH_STANDARD,CH_MOBILE,,2024-11-24,894.92,1.0072,DECLINED,
QUO_0000000885,CUST_00001601,PROD_HEALTH_BASIC,CH_EMAIL,,2026-05-07,668.8,0.9109,ACCEPTED,
QUO_0000000886,CUST_00001604,PROD_AUTO_PREMIUM,CH_MOBILE,,2023-07-06,1205.71,1.1609,ACCEPTED,
QUO_0000000887,CUST_00001605,PROD_AUTO_BASIC,CH_EMAIL,,2021-12-27,506.09,0.9329,EXPIRED,
QUO_0000000888,CUST_00001608,PROD_HEALTH_STANDARD,CH_EMAIL,,2022-12-08,993.95,0.9441,ACCEPTED,
QUO_0000000889,CUST_00001609,PROD_HOME_BASIC,CH_EMAIL,,2022-12-15,359.98,1.073,ACCEPTED,
QUO_0000000890,CUST_00001610,PROD_HOME_BASIC,CH_EMAIL,,2023-09-28,350.93,1.0961,SENT,
QUO_0000000891,CUST_00001614,PROD_PET_STANDARD,CH_EMAIL,,2025-03-15,333.72,1.0515,DECLINED,
QUO_0000000892,CUST_00001615,PROD_HEALTH_BASIC,CH_EMAIL,,2024-05-20,649.93,0.8354,EXPIRED,
QUO_0000000893,CUST_00001616,PROD_HOME_STANDARD,CH_EMAIL,,2025-11-22,461.95,0.7657,DECLINED,
QUO_0000000894,CUST_00001617,PROD_LIFE_PREMIUM,CH_EMAIL,,2025-03-11,795.54,1.0448,SENT,
QUO_0000000895,CUST_00001619,PROD_TRAVEL_STANDARD,CH_MOBILE,,2025-01-14,162.06,0.8242,SENT,
QUO_0000000896,CUST_00001620,PROD_AUTO_PREMIUM,CH_EMAIL,,2024-08-21,1080.79,1.1728,EXPIRED,
QUO_0000000897,CUST_00001621,PROD_AUTO_STANDARD,CH_EMAIL,,2026-05-03,788.7,1.0991,SENT,
QUO_0000000898,CUST_00001622,PROD_ACCIDENT_STANDARD,CH_EMAIL,,2024-11-30,237.03,0.8877,ACCEPTED,
QUO_0000000899,CUST_00001623,PROD_HEALTH_PREMIUM,CH_EMAIL,,2024-10-14,1484.83,1.2028,ACCEPTED,
QUO_0000000900,CUST_00001624,PROD_AUTO_PREMIUM,CH_EMAIL,,2025-08-04,1209.6,0.8961,DECLINED,
QUO_0000000901,CUST_00001628,PROD_LIFE_BASIC,CH_EMAIL,,2025-06-25,221.11,1.0295,ACCEPTED,
QUO_0000000902,CUST_00001630,PROD_LIFE_PREMIUM,CH_EMAIL,,2025-12-31,902.47,0.8287,DECLINED,
QUO_0000000903,CUST_00001631,PROD_LIFE_BASIC,CH_EMAIL,,2020-06-28,215.61,1.1331,DECLINED,
QUO_0000000904,CUST_00001634,PROD_AUTO_PREMIUM,CH_MOBILE,,2025-01-25,1261.0,0.9446,DECLINED,
QUO_0000000905,CUST_00001635,PROD_HEALTH_PREMIUM,CH_EMAIL,,2021-11-12,1689.23,0.9061,ACCEPTED,
QUO_0000000906,CUST_00001636,PROD_HEALTH_STANDARD,CH_EMAIL,,2022-10-21,875.26,1.0064,SENT,
QUO_0000000907,CUST_00001638,PROD_HOME_BASIC,CH_BROKER,,2023-07-10,292.02,1.2351,EXPIRED,
QUO_0000000908,CUST_00001642,PROD_HOME_PREMIUM,CH_PARTNER,,2021-05-03,796.6,0.949,SENT,
QUO_0000000909,CUST_00001644,PROD_HEALTH_BASIC,CH_MOBILE,,2025-08-25,679.4,0.6989,DECLINED,
QUO_0000000910,CUST_00001645,PROD_AUTO_STANDARD,CH_EMAIL,,2025-10-24,801.66,1.0368,SENT,
QUO_0000000911,CUST_00001647,PROD_LIFE_BASIC,CH_MOBILE,,2022-01-17,240.69,1.0349,SENT,
QUO_0000000912,CUST_00001648,PROD_AUTO_BASIC,CH_EMAIL,,2025-07-05,603.33,0.9433,EXPIRED,
QUO_0000000913,CUST_00001650,PROD_ACCIDENT_STANDARD,CH_EMAIL,,2025-08-18,243.87,1.0845,SENT,
QUO_0000000914,CUST_00001651,PROD_HEALTH_BASIC,CH_EMAIL,,2025-10-05,662.3,0.9759,DECLINED,
QUO_0000000915,CUST_00001653,PROD_PET_STANDARD,CH_EMAIL,,2025-11-06,332.57,0.8544,EXPIRED,
QUO_0000000916,CUST_00001654,PROD_HOME_STANDARD,CH_MOBILE,,2023-03-18,488.02,0.9227,EXPIRED,
QUO_0000000917,CUST_00001658,PROD_AUTO_PREMIUM,CH_EMAIL,,2025-11-09,1066.91,1.0302,EXPIRED,
QUO_0000000918,CUST_00001659,PROD_HEALTH_BASIC,CH_EMAIL,,2026-01-14,773.79,1.0333,EXPIRED,
QUO_0000000919,CUST_00001660,PROD_HOME_PREMIUM,CH_EMAIL,,2024-08-30,793.89,0.946,SENT,
QUO_0000000920,CUST_00001661,PROD_HOME_BASIC,CH_MOBILE,,2025-02-27,313.94,1.0375,ACCEPTED,
QUO_0000000921,CUST_00001662,PROD_HOME_PREMIUM,CH_MOBILE,,2025-09-02,754.47,0.9991,DECLINED,
QUO_0000000922,CUST_00001664,PROD_HEALTH_PREMIUM,CH_MOBILE,,2025-02-15,1362.67,1.0848,SENT,
QUO_0000000923,CUST_00001665,PROD_HOME_BASIC,CH_MOBILE,,2026-06-21,324.02,1.11,SENT,
QUO_0000000924,CUST_00001666,PROD_HEALTH_STANDARD,CH_EMAIL,,2026-02-18,1065.97,0.9008,SENT,
QUO_0000000925,CUST_00001668,PROD_HEALTH_PREMIUM,CH_WEB,,2026-05-23,1522.46,1.0,DECLINED,
QUO_0000000926,CUST_00001669,PROD_PET_STANDARD,CH_EMAIL,,2023-12-13,348.0,1.0053,DECLINED,
QUO_0000000927,CUST_00001671,PROD_HEALTH_PREMIUM,CH_MOBILE,,2025-10-31,1433.55,0.7422,DECLINED,
QUO_0000000928,CUST_00001672,PROD_HEALTH_BASIC,CH_EMAIL,,2025-08-30,601.29,0.9935,SENT,
QUO_0000000929,CUST_00001675,PROD_TRAVEL_STANDARD,CH_EMAIL,,2023-11-30,166.73,1.0049,DECLINED,
QUO_0000000930,CUST_00001676,PROD_TRAVEL_STANDARD,CH_MOBILE,,2024-02-27,127.4,1.1016,DECLINED,
QUO_0000000931,CUST_00001678,PROD_TRAVEL_STANDARD,CH_MOBILE,,2021-10-06,143.37,0.9509,SENT,
QUO_0000000932,CUST_00001679,PROD_ACCIDENT_STANDARD,CH_EMAIL,,2026-04-05,236.74,1.0834,DECLINED,
QUO_0000000933,CUST_00001681,PROD_HEALTH_STANDARD,CH_MOBILE,,2026-04-18,1037.94,0.8819,DECLINED,
QUO_0000000934,CUST_00001687,PROD_HOME_BASIC,CH_MOBILE,,2026-01-13,321.88,0.9035,ACCEPTED,
QUO_0000000935,CUST_00001692,PROD_AUTO_BASIC,CH_EMAIL,,2024-03-22,566.01,1.0087,SENT,
QUO_0000000936,CUST_00001697,PROD_AUTO_BASIC,CH_MOBILE,,2025-05-12,600.82,0.7047,ACCEPTED,
QUO_0000000937,CUST_00001698,PROD_ACCIDENT_STANDARD,CH_EMAIL,,2024-01-25,227.05,1.2311,DECLINED,
QUO_0000000938,CUST_00001699,PROD_AUTO_PREMIUM,CH_EMAIL,,2025-07-23,1145.76,0.9442,DECLINED,
QUO_0000000939,CUST_00001701,PROD_TRAVEL_STANDARD,CH_EMAIL,,2022-09-23,170.9,1.0862,DECLINED,
QUO_0000000940,CUST_00001702,PROD_HEALTH_PREMIUM,CH_MOBILE,,2023-09-10,1494.53,1.0037,ACCEPTED,
QUO_0000000941,CUST_00001706,PROD_HOME_STANDARD,CH_MOBILE,,2026-05-16,500.79,1.0104,ACCEPTED,
QUO_0000000942,CUST_00001708,PROD_ACCIDENT_STANDARD,CH_MOBILE,,2025-04-13,265.44,1.1063,DECLINED,
QUO_0000000943,CUST_00001709,PROD_TRAVEL_STANDARD,CH_MOBILE,,2023-10-19,166.67,0.9266,DECLINED,
QUO_0000000944,CUST_00001714,PROD_HOME_STANDARD,CH_EMAIL,,2025-10-17,456.57,0.878,SENT,
QUO_0000000945,CUST_00001716,PROD_LIFE_BASIC,CH_MOBILE,,2024-09-01,222.72,1.0493,SENT,
QUO_0000000946,CUST_00001717,PROD_AUTO_PREMIUM,CH_EMAIL,,2024-09-15,1091.07,0.8446,EXPIRED,
QUO_0000000947,CUST_00001721,PROD_AUTO_BASIC,CH_MOBILE,,2024-05-26,566.95,1.0966,ACCEPTED,
QUO_0000000948,CUST_00001724,PROD_LIFE_PREMIUM,CH_MOBILE,,2026-01-21,799.15,1.0087,EXPIRED,
QUO_0000000949,CUST_00001726,PROD_AUTO_STANDARD,CH_EMAIL,,2025-11-25,723.04,0.9488,EXPIRED,
QUO_0000000950,CUST_00001727,PROD_ACCIDENT_STANDARD,CH_EMAIL,,2025-03-07,235.7,0.9085,SENT,
QUO_0000000951,CUST_00001728,PROD_HEALTH_PREMIUM,CH_EMAIL,,2023-03-30,1512.61,0.6772,ACCEPTED,
QUO_0000000952,CUST_00001729,PROD_HOME_PREMIUM,CH_EMAIL,,2023-07-14,689.55,1.2987,SENT,
QUO_0000000953,CUST_00001730,PROD_LIFE_STANDARD,CH_EMAIL,,2026-01-20,362.51,1.2221,DECLINED,
QUO_0000000954,CUST_00001731,PROD_AUTO_STANDARD,CH_EMAIL,,2026-04-12,716.6,0.8805,ACCEPTED,
QUO_0000000955,CUST_00001732,PROD_HEALTH_STANDARD,CH_EMAIL,,2024-10-24,951.36,1.0956,SENT,
QUO_0000000956,CUST_00001734,PROD_LIFE_BASIC,CH_EMAIL,,2025-10-14,224.57,1.1831,EXPIRED,
QUO_0000000957,CUST_00001735,PROD_HEALTH_STANDARD,CH_MOBILE,,2026-04-13,1054.91,1.0749,SENT,
QUO_0000000958,CUST_00001738,PROD_HOME_BASIC,CH_EMAIL,,2026-02-07,347.28,0.9003,EXPIRED,
QUO_0000000959,CUST_00001739,PROD_LIFE_PREMIUM,CH_EMAIL,,2025-08-17,987.84,0.7776,DECLINED,
QUO_0000000960,CUST_00001741,PROD_HEALTH_BASIC,CH_EMAIL,,2021-01-29,770.7,1.111,SENT,
QUO_0000000961,CUST_00001742,PROD_HEALTH_STANDARD,CH_MOBILE,,2024-03-03,885.57,0.65,SENT,
QUO_0000000962,CUST_00001746,PROD_HEALTH_STANDARD,CH_MOBILE,,2022-11-08,1068.35,0.8831,EXPIRED,
QUO_0000000963,CUST_00001752,PROD_AUTO_STANDARD,CH_BROKER,,2024-01-22,867.16,0.8762,DECLINED,
QUO_0000000964,CUST_00001753,PROD_HOME_BASIC,CH_EMAIL,,2026-01-24,316.01,1.0657,EXPIRED,
QUO_0000000965,CUST_00001756,PROD_HEALTH_PREMIUM,CH_MOBILE,,2025-12-14,1662.7,1.0457,DECLINED,
QUO_0000000966,CUST_00001757,PROD_TRAVEL_STANDARD,CH_MOBILE,,2025-11-17,160.96,0.9515,ACCEPTED,
QUO_0000000967,CUST_00001759,PROD_ACCIDENT_STANDARD,CH_MOBILE,,2024-11-22,260.42,0.9367,ACCEPTED,
QUO_0000000968,CUST_00001760,PROD_HOME_BASIC,CH_EMAIL,,2023-09-11,353.48,0.907,EXPIRED,
QUO_0000000969,CUST_00001762,PROD_AUTO_PREMIUM,CH_EMAIL,,2026-02-01,1080.74,0.764,SENT,
QUO_0000000970,CUST_00001763,PROD_AUTO_BASIC,CH_MOBILE,,2025-07-12,599.58,0.6822,DECLINED,
QUO_0000000971,CUST_00001764,PROD_HEALTH_STANDARD,CH_EMAIL,,2025-07-17,1045.88,0.9641,SENT,
QUO_0000000972,CUST_00001765,PROD_HEALTH_STANDARD,CH_MOBILE,,2025-06-15,1025.37,0.9759,EXPIRED,
QUO_0000000973,CUST_00001767,PROD_LIFE_STANDARD,CH_EMAIL,,2025-07-02,399.38,1.019,SENT,
QUO_0000000974,CUST_00001768,PROD_AUTO_PREMIUM,CH_EMAIL,,2024-01-18,1318.63,1.003,SENT,
QUO_0000000975,CUST_00001769,PROD_HOME_STANDARD,CH_MOBILE,,2025-03-21,472.34,0.9449,SENT,
QUO_0000000976,CUST_00001773,PROD_PET_STANDARD,CH_MOBILE,,2023-05-22,328.17,1.0235,DECLINED,
QUO_0000000977,CUST_00001776,PROD_AUTO_PREMIUM,CH_MOBILE,,2025-11-13,1085.41,0.8495,EXPIRED,
QUO_0000000978,CUST_00001778,PROD_HEALTH_STANDARD,CH_EMAIL,,2026-06-25,887.81,0.8614,EXPIRED,
QUO_0000000979,CUST_00001779,PROD_HEALTH_PREMIUM,CH_MOBILE,,2022-02-17,1528.47,1.0125,ACCEPTED,
QUO_0000000980,CUST_00001780,PROD_LIFE_PREMIUM,CH_MOBILE,,2025-05-05,988.16,1.0314,DECLINED,
QUO_0000000981,CUST_00001782,PROD_HEALTH_STANDARD,CH_MOBILE,,2023-09-28,1110.15,1.1076,EXPIRED,
QUO_0000000982,CUST_00001783,PROD_HEALTH_PREMIUM,CH_MOBILE,,2026-06-20,1410.15,0.9085,EXPIRED,
QUO_0000000983,CUST_00001785,PROD_PET_STANDARD,CH_EMAIL,,2024-06-09,365.01,1.0934,SENT,
QUO_0000000984,CUST_00001787,PROD_LIFE_PREMIUM,CH_EMAIL,,2022-05-06,834.94,1.0433,ACCEPTED,
QUO_0000000985,CUST_00001790,PROD_HOME_PREMIUM,CH_EMAIL,,2025-09-12,726.84,1.0866,DECLINED,
QUO_0000000986,CUST_00001794,PROD_HOME_BASIC,CH_EMAIL,,2026-04-27,276.42,0.9082,SENT,
QUO_0000000987,CUST_00001799,PROD_PET_STANDARD,CH_EMAIL,,2025-01-14,365.88,0.7841,ACCEPTED,
QUO_0000000988,CUST_00001802,PROD_LIFE_BASIC,CH_EMAIL,,2022-01-13,226.97,1.1619,SENT,
QUO_0000000989,CUST_00001803,PROD_ACCIDENT_STANDARD,CH_EMAIL,,2026-03-24,261.97,0.9591,ACCEPTED,
QUO_0000000990,CUST_00001808,PROD_HEALTH_STANDARD,CH_MOBILE,,2023-11-09,1049.15,0.9511,EXPIRED,
QUO_0000000991,CUST_00001811,PROD_TRAVEL_STANDARD,CH_BROKER,,2025-10-24,144.88,0.8849,ACCEPTED,
QUO_0000000992,CUST_00001814,PROD_HOME_PREMIUM,CH_EMAIL,,2025-05-09,670.63,0.8414,EXPIRED,
QUO_0000000993,CUST_00001815,PROD_LIFE_BASIC,CH_EMAIL,,2025-08-24,215.08,0.9686,SENT,
QUO_0000000994,CUST_00001816,PROD_AUTO_BASIC,CH_MOBILE,,2025-03-07,552.75,0.9381,DECLINED,
QUO_0000000995,CUST_00001818,PROD_AUTO_PREMIUM,CH_EMAIL,,2026-04-14,1145.96,0.9634,EXPIRED,
QUO_0000000996,CUST_00001819,PROD_ACCIDENT_STANDARD,CH_EMAIL,,2026-04-17,226.43,1.0166,SENT,
QUO_0000000997,CUST_00001820,PROD_HOME_STANDARD,CH_EMAIL,,2020-10-29,435.96,1.0462,EXPIRED,
QUO_0000000998,CUST_00001821,PROD_HOME_BASIC,CH_MOBILE,,2024-12-08,306.22,0.8662,SENT,
QUO_0000000999,CUST_00001823,PROD_PET_STANDARD,CH_MOBILE,,2025-10-10,346.11,1.084,SENT,
QUO_0000001000,CUST_00001826,PROD_LIFE_BASIC,CH_EMAIL,,2023-09-01,272.63,0.8702,SENT,
QUO_0000001001,CUST_00001827,PROD_LIFE_BASIC,CH_EMAIL,,2023-02-12,239.63,0.8704,EXPIRED,
QUO_0000001002,CUST_00001828,PROD_HOME_BASIC,CH_EMAIL,,2026-05-25,309.26,1.1137,SENT,
QUO_0000001003,CUST_00001830,PROD_HEALTH_STANDARD,CH_MOBILE,,2024-08-11,869.64,1.0586,DECLINED,
QUO_0000001004,CUST_00001835,PROD_HEALTH_BASIC,CH_EMAIL,,2025-12-09,600.07,1.0172,DECLINED,
QUO_0000001005,CUST_00001837,PROD_LIFE_PREMIUM,CH_MOBILE,,2025-10-06,766.44,0.9233,DECLINED,
QUO_0000001006,CUST_00001838,PROD_HEALTH_BASIC,CH_EMAIL,,2022-08-12,711.54,0.8137,DECLINED,
QUO_0000001007,CUST_00001840,PROD_AUTO_PREMIUM,CH_MOBILE,,2025-12-13,1306.27,1.1314,SENT,
QUO_0000001008,CUST_00001841,PROD_AUTO_STANDARD,CH_EMAIL,,2023-10-29,867.45,1.0288,DECLINED,
QUO_0000001009,CUST_00001845,PROD_AUTO_STANDARD,CH_EMAIL,,2023-02-21,680.77,1.0686,SENT,
QUO_0000001010,CUST_00001846,PROD_LIFE_PREMIUM,CH_EMAIL,,2025-11-15,934.16,1.0542,DECLINED,
QUO_0000001011,CUST_00001847,PROD_AUTO_STANDARD,CH_MOBILE,,2021-07-21,732.05,1.0261,DECLINED,
QUO_0000001012,CUST_00001848,PROD_AUTO_PREMIUM,CH_MOBILE,,2024-11-18,1078.92,0.7795,ACCEPTED,
QUO_0000001013,CUST_00001849,PROD_PET_STANDARD,CH_MOBILE,,2022-09-24,299.31,0.9905,SENT,
QUO_0000001014,CUST_00001852,PROD_HEALTH_BASIC,CH_EMAIL,,2026-05-21,759.59,1.0936,DECLINED,
QUO_0000001015,CUST_00001854,PROD_LIFE_STANDARD,CH_MOBILE,,2024-05-02,444.21,1.0598,SENT,
QUO_0000001016,CUST_00001855,PROD_LIFE_BASIC,CH_MOBILE,,2024-12-27,237.36,1.0328,SENT,
QUO_0000001017,CUST_00001856,PROD_AUTO_BASIC,CH_MOBILE,,2022-04-14,495.21,1.0761,EXPIRED,
QUO_0000001018,CUST_00001857,PROD_LIFE_BASIC,CH_EMAIL,,2022-09-16,236.53,1.039,EXPIRED,
QUO_0000001019,CUST_00001858,PROD_HEALTH_BASIC,CH_MOBILE,,2021-06-12,653.5,1.0597,ACCEPTED,
QUO_0000001020,CUST_00001859,PROD_HEALTH_PREMIUM,CH_EMAIL,,2023-02-16,1731.64,1.0847,DECLINED,
QUO_0000001021,CUST_00001861,PROD_HOME_STANDARD,CH_EMAIL,,2023-08-26,450.75,1.068,SENT,
QUO_0000001022,CUST_00001862,PROD_TRAVEL_STANDARD,CH_MOBILE,,2025-01-31,138.48,0.7559,EXPIRED,
QUO_0000001023,CUST_00001863,PROD_HOME_BASIC,CH_MOBILE,,2025-06-02,330.75,0.886,SENT,
QUO_0000001024,CUST_00001864,PROD_PET_STANDARD,CH_MOBILE,,2023-04-29,306.88,0.9568,SENT,
QUO_0000001025,CUST_00001865,PROD_PET_STANDARD,CH_EMAIL,,2025-05-28,382.55,0.9707,SENT,
QUO_0000001026,CUST_00001866,PROD_ACCIDENT_STANDARD,CH_EMAIL,,2021-11-08,216.52,1.1374,ACCEPTED,
QUO_0000001027,CUST_00001867,PROD_HOME_BASIC,CH_EMAIL,,2025-02-04,348.74,0.8229,DECLINED,
QUO_0000001028,CUST_00001868,PROD_HEALTH_BASIC,CH_MOBILE,,2024-08-08,593.64,1.004,SENT,
QUO_0000001029,CUST_00001869,PROD_AUTO_BASIC,CH_EMAIL,,2025-01-29,474.63,0.9726,ACCEPTED,
QUO_0000001030,CUST_00001870,PROD_HOME_PREMIUM,CH_EMAIL,,2022-06-18,788.98,1.0178,SENT,
QUO_0000001031,CUST_00001873,PROD_HOME_BASIC,CH_EMAIL,,2025-04-27,333.06,0.9653,EXPIRED,
QUO_0000001032,CUST_00001875,PROD_TRAVEL_STANDARD,CH_MOBILE,,2025-08-06,152.01,0.951,DECLINED,
QUO_0000001033,CUST_00001878,PROD_AUTO_STANDARD,CH_MOBILE,,2023-12-27,687.11,0.84,ACCEPTED,
QUO_0000001034,CUST_00001879,PROD_HOME_STANDARD,CH_EMAIL,,2025-04-05,503.98,0.7842,EXPIRED,
QUO_0000001035,CUST_00001881,PROD_TRAVEL_STANDARD,CH_EMAIL,,2025-11-24,139.42,1.0356,SENT,
QUO_0000001036,CUST_00001885,PROD_AUTO_PREMIUM,CH_MOBILE,,2023-12-07,1210.8,0.986,SENT,
QUO_0000001037,CUST_00001886,PROD_HEALTH_BASIC,CH_EMAIL,,2024-11-26,747.7,0.8564,EXPIRED,
QUO_0000001038,CUST_00001888,PROD_LIFE_STANDARD,CH_EMAIL,,2023-09-19,397.89,1.1835,SENT,
QUO_0000001039,CUST_00001891,PROD_ACCIDENT_STANDARD,CH_EMAIL,,2025-08-15,225.97,1.0645,ACCEPTED,
QUO_0000001040,CUST_00001892,PROD_LIFE_STANDARD,CH_EMAIL,,2025-11-20,432.04,0.9084,SENT,
QUO_0000001041,CUST_00001893,PROD_HOME_PREMIUM,CH_EMAIL,,2022-06-10,763.64,0.8269,EXPIRED,
QUO_0000001042,CUST_00001895,PROD_AUTO_PREMIUM,CH_EMAIL,,2022-11-30,1080.21,0.8675,SENT,
QUO_0000001043,CUST_00001896,PROD_ACCIDENT_STANDARD,CH_EMAIL,,2023-10-17,262.54,0.7692,DECLINED,
QUO_0000001044,CUST_00001897,PROD_TRAVEL_STANDARD,CH_EMAIL,,2025-12-06,126.56,1.048,DECLINED,
QUO_0000001045,CUST_00001898,PROD_AUTO_PREMIUM,CH_CALL_CENTER,AGT_00098,2025-12-18,1236.29,0.9585,SENT,
QUO_0000001046,CUST_00001900,PROD_PET_STANDARD,CH_MOBILE,,2025-12-20,349.62,0.9328,SENT,
QUO_0000001047,CUST_00001903,PROD_LIFE_PREMIUM,CH_EMAIL,,2026-03-05,842.84,0.9739,ACCEPTED,
QUO_0000001048,CUST_00001904,PROD_LIFE_BASIC,CH_EMAIL,,2025-06-19,258.36,1.0606,DECLINED,
QUO_0000001049,CUST_00001905,PROD_AUTO_STANDARD,CH_MOBILE,,2024-06-02,719.0,1.0834,DECLINED,
QUO_0000001050,CUST_00001906,PROD_ACCIDENT_STANDARD,CH_MOBILE,,2021-06-18,255.76,1.0028,DECLINED,
QUO_0000001051,CUST_00001908,PROD_LIFE_PREMIUM,CH_EMAIL,,2022-02-21,870.95,0.822,SENT,
QUO_0000001052,CUST_00001909,PROD_AUTO_STANDARD,CH_EMAIL,,2025-06-24,757.72,1.0075,SENT,
QUO_0000001053,CUST_00001911,PROD_HOME_STANDARD,CH_MOBILE,,2024-12-07,490.4,1.0214,DECLINED,
QUO_0000001054,CUST_00001912,PROD_AUTO_PREMIUM,CH_EMAIL,,2026-05-04,984.5,0.8999,SENT,
QUO_0000001055,CUST_00001913,PROD_HOME_PREMIUM,CH_EMAIL,,2024-09-15,705.33,1.1256,SENT,
QUO_0000001056,CUST_00001920,PROD_HOME_STANDARD,CH_EMAIL,,2026-05-09,454.96,0.958,ACCEPTED,
QUO_0000001057,CUST_00001921,PROD_PET_STANDARD,CH_MOBILE,,2025-08-25,400.81,1.1119,DECLINED,
QUO_0000001058,CUST_00001922,PROD_LIFE_PREMIUM,CH_MOBILE,,2025-09-28,905.03,1.0996,SENT,
QUO_0000001059,CUST_00001925,PROD_AUTO_STANDARD,CH_EMAIL,,2023-02-21,792.1,1.0977,EXPIRED,
QUO_0000001060,CUST_00001926,PROD_LIFE_PREMIUM,CH_MOBILE,,2022-12-08,834.23,1.0178,SENT,
QUO_0000001061,CUST_00001928,PROD_LIFE_BASIC,CH_MOBILE,,2026-05-02,211.54,0.8927,ACCEPTED,
QUO_0000001062,CUST_00001935,PROD_AUTO_PREMIUM,CH_EMAIL,,2025-08-12,1057.85,0.9995,EXPIRED,
QUO_0000001063,CUST_00001936,PROD_LIFE_BASIC,CH_MOBILE,,2026-04-24,232.51,1.0436,ACCEPTED,
QUO_0000001064,CUST_00001937,PROD_HOME_PREMIUM,CH_EMAIL,,2026-02-02,667.47,1.1876,ACCEPTED,
QUO_0000001065,CUST_00001939,PROD_HEALTH_STANDARD,CH_BRANCH,AGT_00071,2026-02-15,957.76,1.1227,SENT,
QUO_0000001066,CUST_00001944,PROD_ACCIDENT_STANDARD,CH_MOBILE,,2024-10-25,255.59,1.1455,EXPIRED,
QUO_0000001067,CUST_00001945,PROD_AUTO_BASIC,CH_MOBILE,,2026-03-04,455.03,1.0227,ACCEPTED,
QUO_0000001068,CUST_00001950,PROD_LIFE_PREMIUM,CH_EMAIL,,2026-03-02,883.76,1.0472,DECLINED,
QUO_0000001069,CUST_00001952,PROD_AUTO_PREMIUM,CH_EMAIL,,2026-04-14,1138.26,0.8548,EXPIRED,
QUO_0000001070,CUST_00001954,PROD_PET_STANDARD,CH_EMAIL,,2025-11-16,315.85,1.2403,ACCEPTED,
QUO_0000001071,CUST_00001958,PROD_ACCIDENT_STANDARD,CH_MOBILE,,2023-01-07,203.31,1.0581,DECLINED,
QUO_0000001072,CUST_00001960,PROD_ACCIDENT_STANDARD,CH_EMAIL,,2024-11-18,260.45,1.0075,DECLINED,
QUO_0000001073,CUST_00001961,PROD_TRAVEL_STANDARD,CH_EMAIL,,2026-06-12,154.25,0.8838,SENT,
QUO_0000001074,CUST_00001963,PROD_PET_STANDARD,CH_MOBILE,,2023-04-13,331.31,0.8005,DECLINED,
QUO_0000001075,CUST_00001964,PROD_AUTO_STANDARD,CH_EMAIL,,2026-02-22,788.69,0.7989,SENT,
QUO_0000001076,CUST_00001965,PROD_AUTO_STANDARD,CH_MOBILE,,2024-01-16,846.61,1.0014,DECLINED,
QUO_0000001077,CUST_00001966,PROD_AUTO_STANDARD,CH_MOBILE,,2025-05-29,657.0,0.7775,DECLINED,
QUO_0000001078,CUST_00001967,PROD_AUTO_STANDARD,CH_EMAIL,,2025-11-22,877.58,0.9552,EXPIRED,
QUO_0000001079,CUST_00001968,PROD_HOME_PREMIUM,CH_EMAIL,,2024-08-17,749.31,0.9345,ACCEPTED,
QUO_0000001080,CUST_00001969,PROD_AUTO_BASIC,CH_EMAIL,,2026-06-13,458.12,1.0072,ACCEPTED,
QUO_0000001081,CUST_00001970,PROD_HOME_PREMIUM,CH_MOBILE,,2025-02-19,793.71,0.9925,SENT,
QUO_0000001082,CUST_00001974,PROD_HEALTH_PREMIUM,CH_MOBILE,,2025-12-13,1537.13,0.8824,DECLINED,
QUO_0000001083,CUST_00001975,PROD_AUTO_PREMIUM,CH_EMAIL,,2022-12-01,1236.81,1.0072,DECLINED,
QUO_0000001084,CUST_00001977,PROD_AUTO_PREMIUM,CH_EMAIL,,2021-04-16,1191.29,1.1243,DECLINED,
QUO_0000001085,CUST_00001978,PROD_AUTO_BASIC,CH_MOBILE,,2025-03-14,501.01,1.161,DECLINED,
QUO_0000001086,CUST_00001979,PROD_LIFE_PREMIUM,CH_EMAIL,,2025-12-30,826.72,1.1121,EXPIRED,
QUO_0000001087,CUST_00001980,PROD_HOME_PREMIUM,CH_EMAIL,,2023-04-11,843.4,0.9846,SENT,
QUO_0000001088,CUST_00001982,PROD_ACCIDENT_STANDARD,CH_EMAIL,,2024-02-13,230.55,0.8116,DECLINED,
QUO_0000001089,CUST_00001983,PROD_HOME_PREMIUM,CH_EMAIL,,2023-05-17,758.51,1.122,SENT,
QUO_0000001090,CUST_00001984,PROD_HEALTH_PREMIUM,CH_EMAIL,,2025-07-15,1647.17,1.115,SENT,
QUO_0000001091,CUST_00001985,PROD_ACCIDENT_STANDARD,CH_EMAIL,,2024-05-02,230.84,0.9618,DECLINED,
QUO_0000001092,CUST_00001988,PROD_TRAVEL_STANDARD,CH_EMAIL,,2024-03-13,142.9,0.8417,ACCEPTED,
QUO_0000001093,CUST_00001991,PROD_LIFE_PREMIUM,CH_MOBILE,,2026-02-07,885.06,1.0437,EXPIRED,
QUO_0000001094,CUST_00001992,PROD_TRAVEL_STANDARD,CH_EMAIL,,2025-11-20,132.74,1.0523,SENT,
QUO_0000001095,CUST_00001995,PROD_LIFE_BASIC,CH_EMAIL,,2023-02-02,253.32,1.0296,DECLINED,
QUO_0000001096,CUST_00001996,PROD_HEALTH_BASIC,CH_EMAIL,,2024-11-08,643.22,0.9746,DECLINED,
QUO_0000001097,CUST_00001997,PROD_AUTO_PREMIUM,CH_MOBILE,,2024-12-03,1011.99,1.0321,ACCEPTED,
QUO_0000001098,CUST_00002000,PROD_HEALTH_PREMIUM,CH_MOBILE,,2026-03-27,1533.24,0.9061,EXPIRED,
QUO_0000001099,CUST_00002002,PROD_LIFE_PREMIUM,CH_WEB,,2024-07-22,832.8,0.9502,ACCEPTED,
QUO_0000001100,CUST_00002006,PROD_HEALTH_BASIC,CH_CALL_CENTER,AGT_00126,2026-05-03,767.08,1.0137,SENT,
QUO_0000001101,CUST_00002007,PROD_AUTO_PREMIUM,CH_MOBILE,,2025-11-02,1169.06,0.9786,SENT,
QUO_0000001102,CUST_00002008,PROD_HOME_PREMIUM,CH_MOBILE,,2024-05-19,800.06,1.0449,ACCEPTED,
QUO_0000001103,CUST_00002009,PROD_AUTO_BASIC,CH_EMAIL,,2025-10-21,466.1,1.3012,DECLINED,
QUO_0000001104,CUST_00002010,PROD_PET_STANDARD,CH_MOBILE,,2024-02-24,299.13,0.7728,SENT,
QUO_0000001105,CUST_00002012,PROD_AUTO_STANDARD,CH_MOBILE,,2022-09-16,654.48,1.0491,ACCEPTED,
QUO_0000001106,CUST_00002013,PROD_AUTO_BASIC,CH_EMAIL,,2025-12-18,549.69,1.0982,DECLINED,
QUO_0000001107,CUST_00002017,PROD_ACCIDENT_STANDARD,CH_EMAIL,,2021-08-04,251.83,0.7149,EXPIRED,
QUO_0000001108,CUST_00002018,PROD_ACCIDENT_STANDARD,CH_MOBILE,,2023-11-18,248.97,0.9704,SENT,
QUO_0000001109,CUST_00002020,PROD_LIFE_PREMIUM,CH_MOBILE,,2025-12-02,885.21,0.9532,EXPIRED,
QUO_0000001110,CUST_00002022,PROD_HEALTH_STANDARD,CH_EMAIL,,2025-09-21,984.62,0.7758,SENT,
QUO_0000001111,CUST_00002023,PROD_LIFE_BASIC,CH_EMAIL,,2026-04-24,212.42,0.9223,EXPIRED,
QUO_0000001112,CUST_00002024,PROD_TRAVEL_STANDARD,CH_EMAIL,,2025-02-15,140.95,1.1252,SENT,
QUO_0000001113,CUST_00002026,PROD_LIFE_PREMIUM,CH_MOBILE,,2026-04-29,965.09,0.7247,DECLINED,
QUO_0000001114,CUST_00002029,PROD_ACCIDENT_STANDARD,CH_MOBILE,,2026-06-07,268.53,0.9376,SENT,
QUO_0000001115,CUST_00002031,PROD_LIFE_BASIC,CH_BROKER,,2025-03-08,281.24,0.977,DECLINED,
QUO_0000001116,CUST_00002033,PROD_ACCIDENT_STANDARD,CH_EMAIL,,2023-04-23,266.56,1.1156,DECLINED,
QUO_0000001117,CUST_00002034,PROD_AUTO_STANDARD,CH_EMAIL,,2026-03-20,833.74,1.0401,SENT,
QUO_0000001118,CUST_00002035,PROD_PET_STANDARD,CH_EMAIL,,2022-11-10,313.23,1.0054,DECLINED,
QUO_0000001119,CUST_00002036,PROD_LIFE_STANDARD,CH_EMAIL,,2023-11-29,410.23,0.7272,DECLINED,
QUO_0000001120,CUST_00002045,PROD_HEALTH_STANDARD,CH_EMAIL,,2026-06-16,890.2,1.0703,SENT,
QUO_0000001121,CUST_00002049,PROD_LIFE_BASIC,CH_MOBILE,,2025-04-07,232.81,0.9539,SENT,
QUO_0000001122,CUST_00002057,PROD_HOME_PREMIUM,CH_EMAIL,,2022-12-19,844.36,1.1085,DECLINED,
QUO_0000001123,CUST_00002059,PROD_HOME_STANDARD,CH_EMAIL,,2025-06-25,508.32,0.9446,ACCEPTED,
QUO_0000001124,CUST_00002060,PROD_LIFE_PREMIUM,CH_EMAIL,,2024-09-01,967.73,1.0553,EXPIRED,
QUO_0000001125,CUST_00002061,PROD_LIFE_BASIC,CH_EMAIL,,2025-01-10,216.69,1.2304,DECLINED,
QUO_0000001126,CUST_00002062,PROD_AUTO_STANDARD,CH_MOBILE,,2024-12-26,822.82,0.9829,SENT,
QUO_0000001127,CUST_00002065,PROD_TRAVEL_STANDARD,CH_MOBILE,,2021-09-08,125.84,0.9738,DECLINED,
QUO_0000001128,CUST_00002067,PROD_ACCIDENT_STANDARD,CH_MOBILE,,2021-04-25,213.91,1.2648,SENT,
QUO_0000001129,CUST_00002069,PROD_HOME_STANDARD,CH_MOBILE,,2025-08-10,416.41,1.1632,SENT,
QUO_0000001130,CUST_00002070,PROD_HEALTH_STANDARD,CH_EMAIL,,2025-06-30,891.23,0.971,ACCEPTED,
QUO_0000001131,CUST_00002072,PROD_HEALTH_STANDARD,CH_MOBILE,,2022-08-25,1037.65,1.0099,EXPIRED,
QUO_0000001132,CUST_00002073,PROD_HEALTH_STANDARD,CH_EMAIL,,2025-11-30,878.92,0.764,ACCEPTED,
QUO_0000001133,CUST_00002076,PROD_AUTO_PREMIUM,CH_EMAIL,,2022-11-09,1088.03,1.0491,DECLINED,
QUO_0000001134,CUST_00002080,PROD_HEALTH_PREMIUM,CH_MOBILE,,2021-02-10,1716.15,1.154,EXPIRED,
QUO_0000001135,CUST_00002081,PROD_AUTO_STANDARD,CH_MOBILE,,2024-06-09,825.17,0.8011,SENT,
QUO_0000001136,CUST_00002082,PROD_ACCIDENT_STANDARD,CH_EMAIL,,2026-06-04,218.96,0.8646,EXPIRED,
QUO_0000001137,CUST_00002083,PROD_HOME_STANDARD,CH_MOBILE,,2025-12-06,523.83,0.9874,ACCEPTED,
QUO_0000001138,CUST_00002084,PROD_ACCIDENT_STANDARD,CH_MOBILE,,2026-06-10,203.06,1.1534,SENT,
QUO_0000001139,CUST_00002089,PROD_HEALTH_BASIC,CH_EMAIL,,2022-01-25,721.74,1.0132,SENT,
QUO_0000001140,CUST_00002091,PROD_AUTO_BASIC,CH_EMAIL,,2023-02-17,574.98,0.9991,EXPIRED,
QUO_0000001141,CUST_00002093,PROD_PET_STANDARD,CH_MOBILE,,2025-02-17,331.95,1.0882,EXPIRED,
QUO_0000001142,CUST_00002096,PROD_HEALTH_PREMIUM,CH_MOBILE,,2023-05-08,1302.15,1.0059,SENT,
QUO_0000001143,CUST_00002097,PROD_AUTO_STANDARD,CH_MOBILE,,2026-05-03,773.35,0.9712,DECLINED,
QUO_0000001144,CUST_00002098,PROD_HEALTH_STANDARD,CH_MOBILE,,2024-10-17,980.29,1.0473,SENT,
QUO_0000001145,CUST_00002100,PROD_AUTO_PREMIUM,CH_MOBILE,,2022-06-28,1278.42,1.043,EXPIRED,
QUO_0000001146,CUST_00002101,PROD_LIFE_PREMIUM,CH_MOBILE,,2024-01-27,881.56,0.951,SENT,
QUO_0000001147,CUST_00002102,PROD_PET_STANDARD,CH_EMAIL,,2023-10-30,372.73,1.0294,SENT,
QUO_0000001148,CUST_00002103,PROD_HOME_PREMIUM,CH_EMAIL,,2022-08-12,797.21,1.0924,EXPIRED,
QUO_0000001149,CUST_00002106,PROD_ACCIDENT_STANDARD,CH_MOBILE,,2022-08-21,256.99,1.0223,DECLINED,
QUO_0000001150,CUST_00002107,PROD_ACCIDENT_STANDARD,CH_EMAIL,,2024-02-21,250.73,1.0912,ACCEPTED,
QUO_0000001151,CUST_00002111,PROD_LIFE_STANDARD,CH_EMAIL,,2025-10-12,392.84,1.1444,ACCEPTED,
QUO_0000001152,CUST_00002114,PROD_HOME_BASIC,CH_EMAIL,,2025-11-23,317.64,0.9387,SENT,
QUO_0000001153,CUST_00002116,PROD_HOME_PREMIUM,CH_EMAIL,,2025-02-26,878.29,1.0869,SENT,
QUO_0000001154,CUST_00002118,PROD_HOME_BASIC,CH_EMAIL,,2026-04-26,296.57,1.0129,SENT,
QUO_0000001155,CUST_00002119,PROD_LIFE_BASIC,CH_MOBILE,,2026-03-02,214.75,1.2206,ACCEPTED,
QUO_0000001156,CUST_00002120,PROD_HEALTH_PREMIUM,CH_EMAIL,,2026-01-06,1304.96,0.8428,SENT,
QUO_0000001157,CUST_00002121,PROD_PET_STANDARD,CH_MOBILE,,2024-02-04,351.43,0.9181,SENT,
QUO_0000001158,CUST_00002124,PROD_AUTO_BASIC,CH_MOBILE,,2025-04-16,512.27,0.8713,EXPIRED,
QUO_0000001159,CUST_00002125,PROD_HEALTH_STANDARD,CH_MOBILE,,2023-07-25,976.11,0.8873,SENT,
QUO_0000001160,CUST_00002127,PROD_AUTO_PREMIUM,CH_MOBILE,,2022-07-16,1304.15,0.9749,EXPIRED,
QUO_0000001161,CUST_00002131,PROD_AUTO_STANDARD,CH_EMAIL,,2024-08-05,752.37,0.8059,SENT,
QUO_0000001162,CUST_00002134,PROD_TRAVEL_STANDARD,CH_EMAIL,,2024-11-18,150.91,0.9175,DECLINED,
QUO_0000001163,CUST_00002135,PROD_ACCIDENT_STANDARD,CH_EMAIL,,2024-03-17,262.2,1.0055,ACCEPTED,
QUO_0000001164,CUST_00002136,PROD_HOME_PREMIUM,CH_EMAIL,,2023-04-02,879.73,0.9157,SENT,
QUO_0000001165,CUST_00002139,PROD_HEALTH_PREMIUM,CH_BRANCH,AGT_00148,2025-10-18,1479.49,1.0308,SENT,
QUO_0000001166,CUST_00002143,PROD_ACCIDENT_STANDARD,CH_CALL_CENTER,AGT_00079,2023-12-17,261.42,1.2271,EXPIRED,
QUO_0000001167,CUST_00002146,PROD_HOME_BASIC,CH_MOBILE,,2024-02-18,284.97,1.1603,DECLINED,
QUO_0000001168,CUST_00002147,PROD_HEALTH_STANDARD,CH_MOBILE,,2025-08-12,1135.6,1.1601,ACCEPTED,
QUO_0000001169,CUST_00002148,PROD_HOME_PREMIUM,CH_MOBILE,,2022-03-23,708.08,1.0858,DECLINED,
QUO_0000001170,CUST_00002151,PROD_AUTO_PREMIUM,CH_EMAIL,,2023-03-04,1321.38,0.9128,ACCEPTED,
QUO_0000001171,CUST_00002152,PROD_ACCIDENT_STANDARD,CH_MOBILE,,2023-04-27,200.37,0.8947,EXPIRED,
QUO_0000001172,CUST_00002155,PROD_HOME_PREMIUM,CH_MOBILE,,2022-08-24,757.78,0.832,SENT,
QUO_0000001173,CUST_00002159,PROD_HEALTH_STANDARD,CH_MOBILE,,2023-12-25,857.42,0.9869,ACCEPTED,
QUO_0000001174,CUST_00002160,PROD_AUTO_STANDARD,CH_MOBILE,,2025-10-02,842.52,0.9878,SENT,
QUO_0000001175,CUST_00002165,PROD_HOME_BASIC,CH_MOBILE,,2025-08-23,315.91,1.2802,SENT,
QUO_0000001176,CUST_00002166,PROD_LIFE_BASIC,CH_EMAIL,,2024-11-03,263.04,0.8393,DECLINED,
QUO_0000001177,CUST_00002167,PROD_AUTO_BASIC,CH_EMAIL,,2025-04-30,471.92,0.9819,EXPIRED,
QUO_0000001178,CUST_00002170,PROD_HEALTH_STANDARD,CH_MOBILE,,2025-11-30,973.54,0.9881,EXPIRED,
QUO_0000001179,CUST_00002171,PROD_HEALTH_PREMIUM,CH_MOBILE,,2025-11-12,1387.05,1.1413,DECLINED,
QUO_0000001180,CUST_00002173,PROD_PET_STANDARD,CH_MOBILE,,2024-03-31,352.98,0.7126,DECLINED,
QUO_0000001181,CUST_00002174,PROD_PET_STANDARD,CH_EMAIL,,2025-03-10,305.72,0.9543,SENT,
QUO_0000001182,CUST_00002175,PROD_HOME_PREMIUM,CH_EMAIL,,2023-12-30,711.7,0.7552,ACCEPTED,
QUO_0000001183,CUST_00002176,PROD_HEALTH_PREMIUM,CH_MOBILE,,2025-10-19,1310.89,0.803,ACCEPTED,
QUO_0000001184,CUST_00002178,PROD_HEALTH_PREMIUM,CH_EMAIL,,2023-01-15,1566.06,0.9845,DECLINED,
QUO_0000001185,CUST_00002180,PROD_TRAVEL_STANDARD,CH_EMAIL,,2023-01-29,124.82,0.9827,SENT,
QUO_0000001186,CUST_00002184,PROD_HEALTH_PREMIUM,CH_MOBILE,,2024-01-23,1489.07,0.9614,DECLINED,
QUO_0000001187,CUST_00002185,PROD_AUTO_BASIC,CH_MOBILE,,2024-11-30,598.93,0.765,EXPIRED,
QUO_0000001188,CUST_00002186,PROD_AUTO_BASIC,CH_MOBILE,,2026-05-27,552.77,0.65,DECLINED,
QUO_0000001189,CUST_00002187,PROD_HEALTH_STANDARD,CH_MOBILE,,2026-03-26,1127.72,0.8202,ACCEPTED,
QUO_0000001190,CUST_00002189,PROD_PET_STANDARD,CH_EMAIL,,2023-03-05,362.36,0.8458,SENT,
QUO_0000001191,CUST_00002190,PROD_HOME_PREMIUM,CH_EMAIL,,2024-06-14,797.0,1.0072,SENT,
QUO_0000001192,CUST_00002192,PROD_TRAVEL_STANDARD,CH_MOBILE,,2024-01-24,144.25,0.9271,SENT,
QUO_0000001193,CUST_00002194,PROD_TRAVEL_STANDARD,CH_EMAIL,,2024-03-12,146.91,0.9643,SENT,
QUO_0000001194,CUST_00002195,PROD_AUTO_STANDARD,CH_EMAIL,,2023-08-17,735.67,1.0175,ACCEPTED,
QUO_0000001195,CUST_00002196,PROD_HOME_BASIC,CH_MOBILE,,2026-05-08,269.53,0.999,SENT,
QUO_0000001196,CUST_00002200,PROD_HOME_STANDARD,CH_MOBILE,,2025-11-30,504.49,1.1605,DECLINED,
QUO_0000001197,CUST_00002204,PROD_LIFE_BASIC,CH_MOBILE,,2021-12-01,219.01,1.28,ACCEPTED,
QUO_0000001198,CUST_00002205,PROD_LIFE_BASIC,CH_MOBILE,,2022-05-21,262.39,0.9448,SENT,
QUO_0000001199,CUST_00002206,PROD_AUTO_PREMIUM,CH_EMAIL,,2025-12-22,1171.16,1.0751,SENT,
QUO_0000001200,CUST_00002209,PROD_LIFE_BASIC,CH_MOBILE,,2022-05-23,252.04,0.7024,DECLINED,
QUO_0000001201,CUST_00002210,PROD_HOME_STANDARD,CH_MOBILE,,2023-08-13,420.32,0.8965,DECLINED,
QUO_0000001202,CUST_00002212,PROD_HEALTH_STANDARD,CH_EMAIL,,2025-02-15,1105.5,1.0322,SENT,
QUO_0000001203,CUST_00002214,PROD_HOME_PREMIUM,CH_MOBILE,,2025-03-24,823.3,0.9808,ACCEPTED,
QUO_0000001204,CUST_00002216,PROD_HEALTH_STANDARD,CH_EMAIL,,2024-08-24,983.14,0.907,SENT,
QUO_0000001205,CUST_00002220,PROD_HOME_STANDARD,CH_EMAIL,,2026-03-06,529.66,1.0543,SENT,
QUO_0000001206,CUST_00002222,PROD_HEALTH_PREMIUM,CH_CALL_CENTER,,2021-02-05,1356.19,0.8317,DECLINED,
QUO_0000001207,CUST_00002226,PROD_AUTO_BASIC,CH_MOBILE,,2022-05-08,505.27,0.9769,EXPIRED,
QUO_0000001208,CUST_00002227,PROD_HEALTH_BASIC,CH_EMAIL,,2024-08-31,643.25,1.0108,DECLINED,
QUO_0000001209,CUST_00002228,PROD_LIFE_PREMIUM,CH_EMAIL,,2026-03-16,745.44,1.0952,DECLINED,
QUO_0000001210,CUST_00002230,PROD_HEALTH_STANDARD,CH_MOBILE,,2024-07-12,1150.06,0.827,DECLINED,
QUO_0000001211,CUST_00002232,PROD_HEALTH_STANDARD,CH_CALL_CENTER,,2024-10-23,973.49,1.086,SENT,
QUO_0000001212,CUST_00002233,PROD_LIFE_BASIC,CH_MOBILE,,2025-08-16,251.28,1.1586,DECLINED,
QUO_0000001213,CUST_00002234,PROD_HEALTH_STANDARD,CH_EMAIL,,2025-12-01,1134.99,0.9491,SENT,
QUO_0000001214,CUST_00002236,PROD_HEALTH_PREMIUM,CH_EMAIL,,2025-10-26,1515.07,1.1226,SENT,
QUO_0000001215,CUST_00002238,PROD_LIFE_BASIC,CH_MOBILE,,2025-03-16,236.47,1.01,EXPIRED,
QUO_0000001216,CUST_00002239,PROD_TRAVEL_STANDARD,CH_MOBILE,,2025-12-14,155.25,0.943,DECLINED,
QUO_0000001217,CUST_00002240,PROD_HEALTH_STANDARD,CH_EMAIL,,2026-01-03,1096.04,0.8651,SENT,
QUO_0000001218,CUST_00002241,PROD_LIFE_BASIC,CH_EMAIL,,2025-08-25,230.31,1.0258,ACCEPTED,
QUO_0000001219,CUST_00002242,PROD_HOME_PREMIUM,CH_MOBILE,,2024-12-08,847.69,0.9921,ACCEPTED,
QUO_0000001220,CUST_00002244,PROD_ACCIDENT_STANDARD,CH_MOBILE,,2022-06-27,229.12,1.1041,DECLINED,
QUO_0000001221,CUST_00002248,PROD_AUTO_PREMIUM,CH_MOBILE,,2025-12-22,1202.8,0.9754,EXPIRED,
QUO_0000001222,CUST_00002249,PROD_AUTO_BASIC,CH_MOBILE,,2023-01-04,496.02,0.7998,EXPIRED,
QUO_0000001223,CUST_00002250,PROD_PET_STANDARD,CH_EMAIL,,2026-02-24,322.57,1.0165,ACCEPTED,
QUO_0000001224,CUST_00002253,PROD_HOME_STANDARD,CH_MOBILE,,2023-08-30,523.29,0.9127,EXPIRED,
QUO_0000001225,CUST_00002254,PROD_LIFE_BASIC,CH_MOBILE,,2024-01-26,221.45,0.8451,ACCEPTED,
QUO_0000001226,CUST_00002256,PROD_HEALTH_PREMIUM,CH_MOBILE,,2026-06-15,1331.25,1.1063,DECLINED,
QUO_0000001227,CUST_00002258,PROD_AUTO_STANDARD,CH_EMAIL,,2026-04-08,802.37,1.008,ACCEPTED,
QUO_0000001228,CUST_00002259,PROD_AUTO_BASIC,CH_EMAIL,,2026-04-28,559.23,0.9596,ACCEPTED,
QUO_0000001229,CUST_00002261,PROD_AUTO_STANDARD,CH_EMAIL,,2026-04-10,823.74,1.1075,SENT,
QUO_0000001230,CUST_00002262,PROD_HOME_BASIC,CH_MOBILE,,2024-11-19,280.89,1.0053,DECLINED,
QUO_0000001231,CUST_00002265,PROD_HEALTH_PREMIUM,CH_EMAIL,,2020-08-12,1311.85,1.0582,DECLINED,
QUO_0000001232,CUST_00002266,PROD_HOME_PREMIUM,CH_EMAIL,,2024-09-04,811.3,0.919,SENT,
QUO_0000001233,CUST_00002267,PROD_AUTO_BASIC,CH_WEB,,2025-01-18,533.27,1.1037,SENT,
QUO_0000001234,CUST_00002271,PROD_HEALTH_PREMIUM,CH_MOBILE,,2025-10-17,1423.58,1.1205,DECLINED,
QUO_0000001235,CUST_00002272,PROD_LIFE_PREMIUM,CH_BRANCH,AGT_00105,2023-09-05,802.95,0.7896,SENT,
QUO_0000001236,CUST_00002273,PROD_LIFE_PREMIUM,CH_EMAIL,,2024-11-01,783.89,1.2774,EXPIRED,
QUO_0000001237,CUST_00002275,PROD_TRAVEL_STANDARD,CH_MOBILE,,2023-12-02,139.59,0.8334,SENT,
QUO_0000001238,CUST_00002276,PROD_HEALTH_STANDARD,CH_EMAIL,,2026-06-16,887.31,0.8785,DECLINED,
QUO_0000001239,CUST_00002280,PROD_HOME_STANDARD,CH_EMAIL,,2024-11-04,529.63,0.9484,SENT,
QUO_0000001240,CUST_00002281,PROD_LIFE_PREMIUM,CH_EMAIL,,2026-03-11,759.18,0.9893,DECLINED,
QUO_0000001241,CUST_00002282,PROD_HEALTH_STANDARD,CH_EMAIL,,2026-05-08,983.89,0.9333,SENT,
QUO_0000001242,CUST_00002284,PROD_PET_STANDARD,CH_MOBILE,,2026-01-25,372.76,0.7485,EXPIRED,
QUO_0000001243,CUST_00002285,PROD_PET_STANDARD,CH_EMAIL,,2025-03-05,342.0,0.9987,ACCEPTED,
QUO_0000001244,CUST_00002290,PROD_HEALTH_PREMIUM,CH_MOBILE,,2026-06-25,1738.68,1.0053,DECLINED,
QUO_0000001245,CUST_00002291,PROD_HOME_PREMIUM,CH_MOBILE,,2024-07-23,815.69,0.8214,DECLINED,
QUO_0000001246,CUST_00002294,PROD_HEALTH_STANDARD,CH_EMAIL,,2022-12-08,1136.2,0.8717,EXPIRED,
QUO_0000001247,CUST_00002296,PROD_HEALTH_BASIC,CH_MOBILE,,2026-03-29,684.04,0.8281,DECLINED,
QUO_0000001248,CUST_00002300,PROD_HEALTH_PREMIUM,CH_MOBILE,,2026-03-12,1288.18,0.9019,DECLINED,
QUO_0000001249,CUST_00002302,PROD_HEALTH_BASIC,CH_MOBILE,,2025-09-03,634.3,1.0276,SENT,
QUO_0000001250,CUST_00002304,PROD_TRAVEL_STANDARD,CH_MOBILE,,2023-09-21,159.7,0.7925,DECLINED,
QUO_0000001251,CUST_00002308,PROD_HEALTH_PREMIUM,CH_MOBILE,,2024-05-16,1578.9,0.826,DECLINED,
QUO_0000001252,CUST_00002309,PROD_PET_STANDARD,CH_EMAIL,,2025-11-26,342.33,1.0224,ACCEPTED,
QUO_0000001253,CUST_00002310,PROD_AUTO_STANDARD,CH_MOBILE,,2024-10-31,773.28,1.0871,DECLINED,
QUO_0000001254,CUST_00002312,PROD_HEALTH_STANDARD,CH_MOBILE,,2024-10-09,867.32,0.9776,DECLINED,
QUO_0000001255,CUST_00002313,PROD_AUTO_STANDARD,CH_MOBILE,,2025-06-14,773.83,0.6611,ACCEPTED,
QUO_0000001256,CUST_00002314,PROD_AUTO_BASIC,CH_CALL_CENTER,AGT_00168,2026-02-11,510.47,1.0585,DECLINED,
QUO_0000001257,CUST_00002319,PROD_ACCIDENT_STANDARD,CH_EMAIL,,2021-11-02,216.36,0.8823,DECLINED,
QUO_0000001258,CUST_00002321,PROD_HOME_PREMIUM,CH_EMAIL,,2025-10-15,819.88,0.9043,ACCEPTED,
QUO_0000001259,CUST_00002322,PROD_HEALTH_BASIC,CH_MOBILE,,2024-09-04,666.88,1.0151,SENT,
QUO_0000001260,CUST_00002323,PROD_HOME_STANDARD,CH_MOBILE,,2023-03-29,480.42,1.1093,DECLINED,
QUO_0000001261,CUST_00002324,PROD_HEALTH_BASIC,CH_MOBILE,,2023-10-26,585.32,0.9206,SENT,
QUO_0000001262,CUST_00002325,PROD_HOME_PREMIUM,CH_EMAIL,,2023-01-14,817.22,0.9465,SENT,
QUO_0000001263,CUST_00002326,PROD_HOME_STANDARD,CH_MOBILE,,2026-01-21,491.58,1.0261,SENT,
QUO_0000001264,CUST_00002328,PROD_AUTO_PREMIUM,CH_EMAIL,,2025-11-23,1194.74,1.0501,SENT,
QUO_0000001265,CUST_00002329,PROD_HOME_PREMIUM,CH_MOBILE,,2023-11-20,734.3,1.1097,ACCEPTED,
QUO_0000001266,CUST_00002330,PROD_HEALTH_BASIC,CH_MOBILE,,2024-10-28,654.29,1.0986,DECLINED,
QUO_0000001267,CUST_00002331,PROD_HEALTH_BASIC,CH_EMAIL,,2024-04-26,743.93,0.8402,DECLINED,
QUO_0000001268,CUST_00002333,PROD_AUTO_PREMIUM,CH_EMAIL,,2024-08-11,969.77,1.0404,SENT,
QUO_0000001269,CUST_00002335,PROD_HEALTH_PREMIUM,CH_EMAIL,,2025-08-05,1628.58,1.0774,EXPIRED,
QUO_0000001270,CUST_00002336,PROD_ACCIDENT_STANDARD,CH_EMAIL,,2025-09-14,220.36,0.9931,ACCEPTED,
QUO_0000001271,CUST_00002337,PROD_HOME_BASIC,CH_MOBILE,,2021-01-28,328.74,0.9244,SENT,
QUO_0000001272,CUST_00002338,PROD_ACCIDENT_STANDARD,CH_EMAIL,,2026-05-22,225.75,1.1265,DECLINED,
QUO_0000001273,CUST_00002349,PROD_HOME_BASIC,CH_MOBILE,,2023-12-29,317.78,1.0227,SENT,
QUO_0000001274,CUST_00002350,PROD_AUTO_PREMIUM,CH_EMAIL,,2026-04-27,1123.64,0.8293,DECLINED,
QUO_0000001275,CUST_00002354,PROD_HEALTH_STANDARD,CH_BROKER,,2025-10-14,1001.24,1.208,SENT,
QUO_0000001276,CUST_00002355,PROD_HOME_BASIC,CH_EMAIL,,2025-10-15,298.85,1.1241,EXPIRED,
QUO_0000001277,CUST_00002356,PROD_HOME_STANDARD,CH_EMAIL,,2021-09-04,441.02,0.8913,DECLINED,
QUO_0000001278,CUST_00002358,PROD_AUTO_STANDARD,CH_EMAIL,,2023-03-04,877.94,0.9316,ACCEPTED,
QUO_0000001279,CUST_00002359,PROD_HEALTH_PREMIUM,CH_EMAIL,,2024-07-08,1733.65,1.0555,EXPIRED,
QUO_0000001280,CUST_00002361,PROD_AUTO_PREMIUM,CH_EMAIL,,2023-07-09,1097.55,1.1658,ACCEPTED,
QUO_0000001281,CUST_00002362,PROD_HEALTH_BASIC,CH_MOBILE,,2025-05-16,698.69,0.9444,DECLINED,
QUO_0000001282,CUST_00002364,PROD_LIFE_PREMIUM,CH_MOBILE,,2021-07-12,753.17,1.0515,SENT,
QUO_0000001283,CUST_00002365,PROD_HEALTH_BASIC,CH_MOBILE,,2023-01-04,665.4,0.6724,DECLINED,
QUO_0000001284,CUST_00002366,PROD_HOME_STANDARD,CH_MOBILE,,2025-11-19,426.46,1.1541,SENT,
QUO_0000001285,CUST_00002368,PROD_HEALTH_BASIC,CH_EMAIL,,2024-12-10,680.86,1.0175,EXPIRED,
QUO_0000001286,CUST_00002372,PROD_AUTO_BASIC,CH_EMAIL,,2024-02-11,480.85,0.9831,DECLINED,
QUO_0000001287,CUST_00002374,PROD_LIFE_PREMIUM,CH_MOBILE,,2025-07-02,851.04,1.1395,ACCEPTED,
QUO_0000001288,CUST_00002377,PROD_AUTO_BASIC,CH_EMAIL,,2026-06-05,573.13,1.1556,DECLINED,
QUO_0000001289,CUST_00002378,PROD_PET_STANDARD,CH_EMAIL,,2022-08-19,336.99,1.0651,EXPIRED,
QUO_0000001290,CUST_00002380,PROD_PET_STANDARD,CH_EMAIL,,2024-03-14,371.8,0.8522,SENT,
QUO_0000001291,CUST_00002381,PROD_PET_STANDARD,CH_MOBILE,,2024-03-22,344.97,0.7176,DECLINED,
QUO_0000001292,CUST_00002382,PROD_ACCIDENT_STANDARD,CH_MOBILE,,2024-05-20,264.13,0.838,DECLINED,
QUO_0000001293,CUST_00002388,PROD_ACCIDENT_STANDARD,CH_EMAIL,,2026-04-03,257.61,0.9111,SENT,
QUO_0000001294,CUST_00002393,PROD_AUTO_BASIC,CH_CALL_CENTER,AGT_00078,2024-07-28,606.48,1.0655,DECLINED,
QUO_0000001295,CUST_00002394,PROD_AUTO_PREMIUM,CH_EMAIL,,2024-12-03,1005.41,1.1098,SENT,
QUO_0000001296,CUST_00002395,PROD_HEALTH_BASIC,CH_EMAIL,,2024-02-07,655.1,1.0273,DECLINED,
QUO_0000001297,CUST_00002396,PROD_HOME_BASIC,CH_EMAIL,,2026-05-29,336.57,0.8822,DECLINED,
QUO_0000001298,CUST_00002398,PROD_ACCIDENT_STANDARD,CH_EMAIL,,2023-07-30,269.7,0.9538,EXPIRED,
QUO_0000001299,CUST_00002400,PROD_TRAVEL_STANDARD,CH_EMAIL,,2026-02-20,133.6,0.8824,ACCEPTED,
QUO_0000001300,CUST_00002402,PROD_PET_STANDARD,CH_EMAIL,,2026-03-28,298.62,0.8383,SENT,
QUO_0000001301,CUST_00002403,PROD_PET_STANDARD,CH_MOBILE,,2024-05-20,381.82,1.1852,SENT,
QUO_0000001302,CUST_00002405,PROD_LIFE_STANDARD,CH_EMAIL,,2026-02-18,417.22,0.8462,DECLINED,
QUO_0000001303,CUST_00002408,PROD_ACCIDENT_STANDARD,CH_MOBILE,,2021-08-10,238.69,0.8438,EXPIRED,
QUO_0000001304,CUST_00002409,PROD_HEALTH_STANDARD,CH_MOBILE,,2024-12-13,867.1,0.9406,EXPIRED,
QUO_0000001305,CUST_00002410,PROD_AUTO_BASIC,CH_MOBILE,,2025-12-13,491.91,1.1545,EXPIRED,
QUO_0000001306,CUST_00002412,PROD_AUTO_STANDARD,CH_EMAIL,,2026-05-11,760.08,0.9116,EXPIRED,
QUO_0000001307,CUST_00002416,PROD_TRAVEL_STANDARD,CH_MOBILE,,2024-07-03,166.09,0.91,SENT,
QUO_0000001308,CUST_00002417,PROD_AUTO_STANDARD,CH_EMAIL,,2026-05-22,738.26,0.9364,EXPIRED,
QUO_0000001309,CUST_00002418,PROD_HOME_BASIC,CH_EMAIL,,2025-01-27,297.17,1.0891,SENT,
QUO_0000001310,CUST_00002420,PROD_LIFE_STANDARD,CH_EMAIL,,2025-05-01,406.63,0.8051,SENT,
QUO_0000001311,CUST_00002421,PROD_HEALTH_STANDARD,CH_EMAIL,,2024-10-05,1129.91,0.7127,EXPIRED,
QUO_0000001312,CUST_00002422,PROD_HEALTH_BASIC,CH_EMAIL,,2020-12-07,680.14,0.9453,SENT,
QUO_0000001313,CUST_00002423,PROD_PET_STANDARD,CH_MOBILE,,2024-11-17,339.12,0.9643,DECLINED,
QUO_0000001314,CUST_00002424,PROD_HOME_BASIC,CH_EMAIL,,2023-09-29,333.16,0.9389,DECLINED,
QUO_0000001315,CUST_00002426,PROD_HOME_STANDARD,CH_EMAIL,,2026-06-04,520.1,0.8182,SENT,
QUO_0000001316,CUST_00002427,PROD_LIFE_PREMIUM,CH_EMAIL,,2025-02-10,948.7,1.1702,SENT,
QUO_0000001317,CUST_00002430,PROD_HEALTH_BASIC,CH_MOBILE,,2024-09-11,768.58,1.0662,ACCEPTED,
QUO_0000001318,CUST_00002435,PROD_HEALTH_STANDARD,CH_EMAIL,,2022-07-16,912.29,0.9392,EXPIRED,
QUO_0000001319,CUST_00002439,PROD_AUTO_PREMIUM,CH_MOBILE,,2025-11-19,1318.88,0.9081,SENT,
QUO_0000001320,CUST_00002440,PROD_HOME_STANDARD,CH_EMAIL,,2025-10-20,484.02,0.9803,SENT,
QUO_0000001321,CUST_00002441,PROD_LIFE_BASIC,CH_EMAIL,,2024-12-07,225.47,1.1979,SENT,
QUO_0000001322,CUST_00002442,PROD_ACCIDENT_STANDARD,CH_BROKER,,2025-10-15,240.46,1.0156,DECLINED,
QUO_0000001323,CUST_00002443,PROD_AUTO_PREMIUM,CH_MOBILE,,2025-07-17,990.81,0.8443,EXPIRED,
QUO_0000001324,CUST_00002444,PROD_LIFE_PREMIUM,CH_EMAIL,,2025-07-30,850.92,0.9988,EXPIRED,
QUO_0000001325,CUST_00002446,PROD_HEALTH_BASIC,CH_MOBILE,,2022-09-30,783.92,0.9314,DECLINED,
QUO_0000001326,CUST_00002447,PROD_HOME_BASIC,CH_EMAIL,,2025-11-25,356.37,0.9676,SENT,
QUO_0000001327,CUST_00002448,PROD_LIFE_BASIC,CH_MOBILE,,2026-03-26,221.54,1.0,SENT,
QUO_0000001328,CUST_00002450,PROD_LIFE_STANDARD,CH_MOBILE,,2025-10-13,428.18,0.9912,DECLINED,
QUO_0000001329,CUST_00002452,PROD_AUTO_BASIC,CH_EMAIL,,2026-01-18,470.33,1.0766,ACCEPTED,
QUO_0000001330,CUST_00002454,PROD_HEALTH_PREMIUM,CH_EMAIL,,2026-04-28,1630.37,0.9698,EXPIRED,
QUO_0000001331,CUST_00002455,PROD_HOME_PREMIUM,CH_EMAIL,,2026-04-30,882.29,0.9989,DECLINED,
QUO_0000001332,CUST_00002456,PROD_ACCIDENT_STANDARD,CH_MOBILE,,2023-09-20,233.6,0.9484,SENT,
QUO_0000001333,CUST_00002457,PROD_HOME_STANDARD,CH_EMAIL,,2022-11-23,500.58,1.0944,ACCEPTED,
QUO_0000001334,CUST_00002458,PROD_HOME_BASIC,CH_MOBILE,,2023-06-25,301.68,0.9125,DECLINED,
QUO_0000001335,CUST_00002459,PROD_HOME_STANDARD,CH_EMAIL,,2024-11-08,533.76,0.9979,SENT,
QUO_0000001336,CUST_00002460,PROD_HEALTH_STANDARD,CH_MOBILE,,2023-03-17,1009.33,0.699,EXPIRED,
QUO_0000001337,CUST_00002462,PROD_HEALTH_BASIC,CH_EMAIL,,2026-01-03,680.27,0.9991,EXPIRED,
QUO_0000001338,CUST_00002463,PROD_HOME_BASIC,CH_MOBILE,,2026-02-15,365.66,0.9841,SENT,
QUO_0000001339,CUST_00002467,PROD_HEALTH_STANDARD,CH_EMAIL,,2025-05-09,1029.47,0.9235,DECLINED,
QUO_0000001340,CUST_00002468,PROD_PET_STANDARD,CH_EMAIL,,2024-12-01,357.11,0.9224,EXPIRED,
QUO_0000001341,CUST_00002469,PROD_AUTO_STANDARD,CH_EMAIL,,2026-06-04,846.99,1.0811,ACCEPTED,
QUO_0000001342,CUST_00002471,PROD_AUTO_STANDARD,CH_EMAIL,,2023-02-05,746.46,1.0961,DECLINED,
QUO_0000001343,CUST_00002472,PROD_ACCIDENT_STANDARD,CH_MOBILE,,2026-03-20,208.31,0.8075,DECLINED,
QUO_0000001344,CUST_00002475,PROD_TRAVEL_STANDARD,CH_MOBILE,,2026-04-06,124.91,0.9962,SENT,
QUO_0000001345,CUST_00002476,PROD_TRAVEL_STANDARD,CH_EMAIL,,2025-04-15,166.32,0.8981,EXPIRED,
QUO_0000001346,CUST_00002477,PROD_HOME_STANDARD,CH_EMAIL,,2024-10-30,483.61,0.9191,EXPIRED,
QUO_0000001347,CUST_00002479,PROD_LIFE_BASIC,CH_EMAIL,,2024-09-13,267.74,1.0042,ACCEPTED,
QUO_0000001348,CUST_00002480,PROD_HEALTH_PREMIUM,CH_EMAIL,,2023-11-28,1727.23,1.0382,EXPIRED,
QUO_0000001349,CUST_00002482,PROD_HOME_BASIC,CH_MOBILE,,2026-06-14,289.52,0.9495,EXPIRED,
QUO_0000001350,CUST_00002483,PROD_AUTO_STANDARD,CH_EMAIL,,2025-12-25,792.87,0.9823,DECLINED,
QUO_0000001351,CUST_00002484,PROD_PET_STANDARD,CH_EMAIL,,2025-12-10,313.79,0.9655,EXPIRED,
QUO_0000001352,CUST_00002490,PROD_LIFE_STANDARD,CH_EMAIL,,2023-05-08,392.3,1.0585,EXPIRED,
QUO_0000001353,CUST_00002491,PROD_AUTO_PREMIUM,CH_MOBILE,,2024-08-20,1002.1,0.921,DECLINED,
QUO_0000001354,CUST_00002494,PROD_LIFE_STANDARD,CH_MOBILE,,2025-11-12,383.18,1.0112,EXPIRED,
QUO_0000001355,CUST_00002498,PROD_AUTO_PREMIUM,CH_MOBILE,,2024-11-19,1122.11,0.9314,SENT,
QUO_0000001356,CUST_00002501,PROD_AUTO_STANDARD,CH_EMAIL,,2024-09-05,716.13,0.8924,DECLINED,
QUO_0000001357,CUST_00002504,PROD_LIFE_BASIC,CH_EMAIL,,2026-05-30,206.73,1.1315,SENT,
QUO_0000001358,CUST_00002506,PROD_LIFE_PREMIUM,CH_MOBILE,,2021-12-15,739.27,1.1061,ACCEPTED,
QUO_0000001359,CUST_00002507,PROD_HEALTH_STANDARD,CH_MOBILE,,2023-08-23,852.61,0.8087,SENT,
QUO_0000001360,CUST_00002512,PROD_AUTO_BASIC,CH_EMAIL,,2026-06-03,476.23,0.8689,SENT,
QUO_0000001361,CUST_00002513,PROD_HEALTH_STANDARD,CH_MOBILE,,2023-04-14,945.67,0.9108,SENT,
QUO_0000001362,CUST_00002517,PROD_HEALTH_PREMIUM,CH_MOBILE,,2026-01-13,1463.32,1.072,SENT,
QUO_0000001363,CUST_00002518,PROD_AUTO_PREMIUM,CH_MOBILE,,2022-09-03,979.9,1.1108,DECLINED,
QUO_0000001364,CUST_00002519,PROD_HOME_STANDARD,CH_MOBILE,,2026-05-25,439.68,0.9434,ACCEPTED,
QUO_0000001365,CUST_00002523,PROD_PET_STANDARD,CH_EMAIL,,2022-03-11,335.83,1.0591,DECLINED,
QUO_0000001366,CUST_00002526,PROD_LIFE_BASIC,CH_EMAIL,,2022-06-11,271.81,0.9121,SENT,
QUO_0000001367,CUST_00002528,PROD_TRAVEL_STANDARD,CH_MOBILE,,2025-10-02,164.94,0.7944,EXPIRED,
QUO_0000001368,CUST_00002530,PROD_HEALTH_BASIC,CH_MOBILE,,2025-02-16,697.08,0.9279,DECLINED,
QUO_0000001369,CUST_00002531,PROD_HEALTH_PREMIUM,CH_EMAIL,,2025-11-02,1546.79,1.0597,SENT,
QUO_0000001370,CUST_00002533,PROD_LIFE_STANDARD,CH_MOBILE,,2025-08-12,381.9,0.8826,SENT,
QUO_0000001371,CUST_00002535,PROD_LIFE_BASIC,CH_MOBILE,,2024-03-06,245.93,1.0686,DECLINED,
QUO_0000001372,CUST_00002536,PROD_HEALTH_PREMIUM,CH_EMAIL,,2023-01-19,1464.1,0.9632,SENT,
QUO_0000001373,CUST_00002538,PROD_AUTO_BASIC,CH_PARTNER,,2025-08-08,606.11,1.0583,DECLINED,
QUO_0000001374,CUST_00002541,PROD_HEALTH_PREMIUM,CH_MOBILE,,2024-07-25,1385.22,1.1908,SENT,
QUO_0000001375,CUST_00002542,PROD_HEALTH_BASIC,CH_EMAIL,,2023-05-09,648.77,1.1844,DECLINED,
QUO_0000001376,CUST_00002545,PROD_ACCIDENT_STANDARD,CH_MOBILE,,2024-12-10,263.11,1.0205,DECLINED,
QUO_0000001377,CUST_00002550,PROD_TRAVEL_STANDARD,CH_MOBILE,,2024-02-29,125.04,0.8711,SENT,
QUO_0000001378,CUST_00002551,PROD_AUTO_BASIC,CH_EMAIL,,2024-12-31,526.68,0.9904,DECLINED,
QUO_0000001379,CUST_00002552,PROD_HOME_BASIC,CH_MOBILE,,2025-11-23,341.72,0.8865,ACCEPTED,
QUO_0000001380,CUST_00002553,PROD_AUTO_STANDARD,CH_MOBILE,,2022-09-07,883.7,1.176,ACCEPTED,
QUO_0000001381,CUST_00002554,PROD_AUTO_PREMIUM,CH_MOBILE,,2025-11-06,1185.02,0.8154,SENT,
QUO_0000001382,CUST_00002557,PROD_HEALTH_PREMIUM,CH_MOBILE,,2025-03-26,1435.18,0.8431,EXPIRED,
QUO_0000001383,CUST_00002560,PROD_HOME_STANDARD,CH_EMAIL,,2025-10-14,428.45,0.9974,SENT,
QUO_0000001384,CUST_00002561,PROD_HOME_PREMIUM,CH_EMAIL,,2026-03-23,747.55,0.9421,DECLINED,
QUO_0000001385,CUST_00002563,PROD_LIFE_STANDARD,CH_MOBILE,,2023-09-16,439.79,1.029,DECLINED,
QUO_0000001386,CUST_00002564,PROD_PET_STANDARD,CH_EMAIL,,2025-08-30,389.86,0.9385,SENT,
QUO_0000001387,CUST_00002566,PROD_HOME_STANDARD,CH_MOBILE,,2024-05-09,522.1,0.9604,DECLINED,
QUO_0000001388,CUST_00002572,PROD_HOME_BASIC,CH_EMAIL,,2025-03-09,338.11,0.8559,DECLINED,
QUO_0000001389,CUST_00002574,PROD_HEALTH_PREMIUM,CH_MOBILE,,2026-04-28,1685.18,1.2084,EXPIRED,
QUO_0000001390,CUST_00002575,PROD_LIFE_STANDARD,CH_EMAIL,,2025-04-12,438.14,0.8984,SENT,
QUO_0000001391,CUST_00002580,PROD_LIFE_BASIC,CH_EMAIL,,2026-02-08,263.27,1.1425,DECLINED,
QUO_0000001392,CUST_00002581,PROD_LIFE_STANDARD,CH_MOBILE,,2025-03-20,370.34,0.9623,SENT,
QUO_0000001393,CUST_00002582,PROD_HEALTH_STANDARD,CH_MOBILE,,2022-01-17,869.87,0.9428,SENT,
QUO_0000001394,CUST_00002595,PROD_LIFE_BASIC,CH_MOBILE,,2022-06-05,282.15,0.8915,SENT,
QUO_0000001395,CUST_00002597,PROD_TRAVEL_STANDARD,CH_MOBILE,,2025-06-11,150.25,0.9134,ACCEPTED,
QUO_0000001396,CUST_00002598,PROD_LIFE_PREMIUM,CH_MOBILE,,2024-12-28,781.96,1.0139,DECLINED,
QUO_0000001397,CUST_00002599,PROD_HOME_BASIC,CH_EMAIL,,2023-05-14,284.3,0.8753,SENT,
QUO_0000001398,CUST_00002600,PROD_AUTO_STANDARD,CH_MOBILE,,2021-10-27,834.77,0.961,SENT,
QUO_0000001399,CUST_00002601,PROD_LIFE_STANDARD,CH_MOBILE,,2024-11-22,458.16,0.9592,EXPIRED,
QUO_0000001400,CUST_00002602,PROD_HOME_STANDARD,CH_EMAIL,,2025-10-21,471.07,0.9889,ACCEPTED,
QUO_0000001401,CUST_00002605,PROD_HEALTH_BASIC,CH_MOBILE,,2023-04-21,625.09,0.9573,DECLINED,
QUO_0000001402,CUST_00002606,PROD_HOME_BASIC,CH_EMAIL,,2025-10-20,298.44,1.1366,SENT,
QUO_0000001403,CUST_00002608,PROD_TRAVEL_STANDARD,CH_MOBILE,,2020-09-29,130.66,1.2475,DECLINED,
QUO_0000001404,CUST_00002609,PROD_HOME_PREMIUM,CH_MOBILE,,2025-10-24,876.59,1.0933,DECLINED,
QUO_0000001405,CUST_00002610,PROD_AUTO_BASIC,CH_MOBILE,,2022-10-31,611.5,0.8303,DECLINED,
QUO_0000001406,CUST_00002611,PROD_HOME_PREMIUM,CH_EMAIL,,2022-10-10,763.06,1.043,DECLINED,
QUO_0000001407,CUST_00002616,PROD_HEALTH_BASIC,CH_EMAIL,,2026-01-27,799.17,0.9644,ACCEPTED,
QUO_0000001408,CUST_00002617,PROD_LIFE_BASIC,CH_MOBILE,,2026-01-13,239.74,0.937,ACCEPTED,
QUO_0000001409,CUST_00002619,PROD_ACCIDENT_STANDARD,CH_MOBILE,,2023-04-15,247.94,0.9796,SENT,
QUO_0000001410,CUST_00002620,PROD_HOME_STANDARD,CH_EMAIL,,2025-01-06,436.16,1.0192,ACCEPTED,
QUO_0000001411,CUST_00002621,PROD_PET_STANDARD,CH_MOBILE,,2026-05-09,375.57,1.0753,DECLINED,
QUO_0000001412,CUST_00002623,PROD_PET_STANDARD,CH_MOBILE,,2023-11-08,325.24,1.0024,SENT,
QUO_0000001413,CUST_00002624,PROD_HEALTH_STANDARD,CH_EMAIL,,2023-08-16,1053.16,0.7997,SENT,
QUO_0000001414,CUST_00002626,PROD_HEALTH_STANDARD,CH_MOBILE,,2021-09-15,842.8,1.0337,DECLINED,
QUO_0000001415,CUST_00002630,PROD_ACCIDENT_STANDARD,CH_EMAIL,,2024-07-13,237.25,1.1822,SENT,
QUO_0000001416,CUST_00002631,PROD_AUTO_PREMIUM,CH_MOBILE,,2024-11-11,1075.56,0.949,DECLINED,
QUO_0000001417,CUST_00002632,PROD_LIFE_BASIC,CH_EMAIL,,2024-11-29,273.59,1.0293,DECLINED,
QUO_0000001418,CUST_00002633,PROD_LIFE_BASIC,CH_MOBILE,,2026-01-07,260.22,0.9755,EXPIRED,
QUO_0000001419,CUST_00002634,PROD_HOME_STANDARD,CH_EMAIL,,2024-10-09,461.71,1.146,ACCEPTED,
QUO_0000001420,CUST_00002635,PROD_AUTO_PREMIUM,CH_MOBILE,,2025-03-28,1207.83,0.8142,SENT,
QUO_0000001421,CUST_00002637,PROD_TRAVEL_STANDARD,CH_EMAIL,,2025-04-23,168.42,0.9631,EXPIRED,
QUO_0000001422,CUST_00002638,PROD_HEALTH_BASIC,CH_EMAIL,,2026-04-02,782.06,0.8343,SENT,
QUO_0000001423,CUST_00002639,PROD_LIFE_STANDARD,CH_EMAIL,,2026-06-06,455.6,0.9003,DECLINED,
QUO_0000001424,CUST_00002640,PROD_AUTO_PREMIUM,CH_EMAIL,,2026-04-06,1126.72,0.8634,DECLINED,
QUO_0000001425,CUST_00002643,PROD_HEALTH_BASIC,CH_EMAIL,,2023-12-24,717.5,0.8883,ACCEPTED,
QUO_0000001426,CUST_00002648,PROD_HEALTH_PREMIUM,CH_CALL_CENTER,AGT_00134,2023-12-21,1460.26,0.8518,EXPIRED,
QUO_0000001427,CUST_00002649,PROD_HEALTH_BASIC,CH_EMAIL,,2024-07-22,793.5,0.8856,SENT,
QUO_0000001428,CUST_00002650,PROD_HEALTH_PREMIUM,CH_EMAIL,,2026-04-03,1630.57,1.0555,ACCEPTED,
QUO_0000001429,CUST_00002651,PROD_LIFE_BASIC,CH_EMAIL,,2024-11-08,277.48,1.1076,EXPIRED,
QUO_0000001430,CUST_00002652,PROD_AUTO_BASIC,CH_MOBILE,,2026-05-06,583.99,0.9297,SENT,
QUO_0000001431,CUST_00002653,PROD_ACCIDENT_STANDARD,CH_MOBILE,,2022-01-08,204.43,0.8398,DECLINED,
QUO_0000001432,CUST_00002654,PROD_LIFE_STANDARD,CH_MOBILE,,2022-02-08,368.68,0.9012,SENT,
QUO_0000001433,CUST_00002655,PROD_AUTO_PREMIUM,CH_EMAIL,,2025-11-08,1047.96,1.3194,ACCEPTED,
QUO_0000001434,CUST_00002656,PROD_HEALTH_BASIC,CH_EMAIL,,2025-05-09,765.2,1.1004,DECLINED,
QUO_0000001435,CUST_00002661,PROD_HOME_PREMIUM,CH_MOBILE,,2023-05-19,745.22,1.2656,EXPIRED,
QUO_0000001436,CUST_00002665,PROD_HEALTH_STANDARD,CH_MOBILE,,2022-11-19,912.8,0.9265,SENT,
QUO_0000001437,CUST_00002669,PROD_LIFE_BASIC,CH_EMAIL,,2024-06-10,272.85,0.9358,DECLINED,
QUO_0000001438,CUST_00002670,PROD_HOME_PREMIUM,CH_EMAIL,,2024-10-13,847.26,0.9438,DECLINED,
QUO_0000001439,CUST_00002673,PROD_HEALTH_PREMIUM,CH_MOBILE,,2025-05-12,1613.18,0.9441,EXPIRED,
QUO_0000001440,CUST_00002675,PROD_PET_STANDARD,CH_MOBILE,,2025-10-25,343.11,1.0115,ACCEPTED,
QUO_0000001441,CUST_00002676,PROD_LIFE_PREMIUM,CH_MOBILE,,2025-09-26,779.2,0.878,ACCEPTED,
QUO_0000001442,CUST_00002677,PROD_ACCIDENT_STANDARD,CH_MOBILE,,2025-10-28,245.21,0.9875,SENT,
QUO_0000001443,CUST_00002678,PROD_HEALTH_BASIC,CH_MOBILE,,2024-11-20,759.11,1.2257,SENT,
QUO_0000001444,CUST_00002680,PROD_LIFE_PREMIUM,CH_EMAIL,,2026-06-14,768.33,0.9917,DECLINED,
QUO_0000001445,CUST_00002682,PROD_ACCIDENT_STANDARD,CH_EMAIL,,2026-02-25,259.72,1.1354,EXPIRED,
QUO_0000001446,CUST_00002684,PROD_HEALTH_PREMIUM,CH_EMAIL,,2025-10-03,1688.09,1.0667,EXPIRED,
QUO_0000001447,CUST_00002685,PROD_TRAVEL_STANDARD,CH_MOBILE,,2024-09-06,158.29,0.9197,EXPIRED,
QUO_0000001448,CUST_00002686,PROD_HEALTH_PREMIUM,CH_EMAIL,,2024-09-28,1324.58,0.8776,DECLINED,
QUO_0000001449,CUST_00002687,PROD_AUTO_STANDARD,CH_EMAIL,,2026-03-22,869.25,0.9897,ACCEPTED,
QUO_0000001450,CUST_00002688,PROD_AUTO_BASIC,CH_MOBILE,,2026-05-01,593.22,1.12,SENT,
QUO_0000001451,CUST_00002689,PROD_HEALTH_BASIC,CH_EMAIL,,2026-04-08,694.0,1.0324,SENT,
QUO_0000001452,CUST_00002690,PROD_PET_STANDARD,CH_MOBILE,,2025-02-08,332.85,0.8776,SENT,
QUO_0000001453,CUST_00002691,PROD_LIFE_BASIC,CH_EMAIL,,2026-06-11,260.97,1.0713,EXPIRED,
QUO_0000001454,CUST_00002692,PROD_HEALTH_STANDARD,CH_MOBILE,,2021-07-10,1079.85,1.2001,SENT,
QUO_0000001455,CUST_00002693,PROD_TRAVEL_STANDARD,CH_MOBILE,,2025-06-28,139.04,1.0472,SENT,
QUO_0000001456,CUST_00002696,PROD_HOME_PREMIUM,CH_MOBILE,,2026-02-25,752.95,1.1106,DECLINED,
QUO_0000001457,CUST_00002698,PROD_ACCIDENT_STANDARD,CH_MOBILE,,2023-09-11,269.94,1.1701,DECLINED,
QUO_0000001458,CUST_00002700,PROD_HEALTH_PREMIUM,CH_MOBILE,,2025-05-21,1557.26,1.061,DECLINED,
QUO_0000001459,CUST_00002701,PROD_TRAVEL_STANDARD,CH_EMAIL,,2021-05-14,162.79,1.0074,EXPIRED,
QUO_0000001460,CUST_00002703,PROD_LIFE_BASIC,CH_MOBILE,,2024-06-14,254.5,0.9745,SENT,
QUO_0000001461,CUST_00002704,PROD_ACCIDENT_STANDARD,CH_EMAIL,,2025-07-24,235.98,1.0763,DECLINED,
QUO_0000001462,CUST_00002705,PROD_AUTO_STANDARD,CH_MOBILE,,2025-02-10,663.82,1.1497,DECLINED,
QUO_0000001463,CUST_00002707,PROD_HEALTH_BASIC,CH_MOBILE,,2026-01-12,724.85,0.8571,DECLINED,
QUO_0000001464,CUST_00002708,PROD_PET_STANDARD,CH_EMAIL,,2026-06-05,389.89,0.9635,DECLINED,
QUO_0000001465,CUST_00002710,PROD_LIFE_BASIC,CH_MOBILE,,2026-06-10,245.99,1.0368,EXPIRED,
QUO_0000001466,CUST_00002713,PROD_HEALTH_PREMIUM,CH_EMAIL,,2021-12-19,1463.19,0.8804,SENT,
QUO_0000001467,CUST_00002715,PROD_AUTO_BASIC,CH_EMAIL,,2022-04-05,575.81,0.7802,EXPIRED,
QUO_0000001468,CUST_00002717,PROD_HEALTH_PREMIUM,CH_EMAIL,,2024-02-23,1609.52,1.1843,SENT,
QUO_0000001469,CUST_00002719,PROD_PET_STANDARD,CH_MOBILE,,2022-10-16,335.65,0.9989,EXPIRED,
QUO_0000001470,CUST_00002721,PROD_AUTO_STANDARD,CH_MOBILE,,2025-08-13,710.38,0.9778,SENT,
QUO_0000001471,CUST_00002722,PROD_HEALTH_BASIC,CH_EMAIL,,2025-07-27,619.66,0.9503,ACCEPTED,
QUO_0000001472,CUST_00002723,PROD_PET_STANDARD,CH_EMAIL,,2025-06-05,384.95,0.9783,SENT,
QUO_0000001473,CUST_00002725,PROD_HOME_BASIC,CH_EMAIL,,2025-10-10,357.5,0.9524,SENT,
QUO_0000001474,CUST_00002727,PROD_HOME_BASIC,CH_EMAIL,,2025-07-08,337.39,0.952,SENT,
QUO_0000001475,CUST_00002728,PROD_HOME_PREMIUM,CH_EMAIL,,2023-11-29,771.75,0.9395,DECLINED,
QUO_0000001476,CUST_00002729,PROD_LIFE_BASIC,CH_MOBILE,,2026-01-13,217.67,0.857,SENT,
QUO_0000001477,CUST_00002730,PROD_HOME_STANDARD,CH_CALL_CENTER,AGT_00127,2026-05-17,521.95,1.099,SENT,
QUO_0000001478,CUST_00002737,PROD_HEALTH_BASIC,CH_MOBILE,,2025-07-02,731.25,0.9452,DECLINED,
QUO_0000001479,CUST_00002741,PROD_AUTO_STANDARD,CH_EMAIL,,2024-07-28,886.67,0.9766,EXPIRED,
QUO_0000001480,CUST_00002742,PROD_HOME_BASIC,CH_MOBILE,,2023-05-23,282.59,0.8959,DECLINED,
QUO_0000001481,CUST_00002745,PROD_AUTO_STANDARD,CH_EMAIL,,2026-05-22,894.54,1.2252,DECLINED,
QUO_0000001482,CUST_00002746,PROD_LIFE_PREMIUM,CH_MOBILE,,2025-10-02,876.1,1.041,DECLINED,
QUO_0000001483,CUST_00002749,PROD_ACCIDENT_STANDARD,CH_EMAIL,,2023-11-01,251.98,0.8493,ACCEPTED,
QUO_0000001484,CUST_00002751,PROD_LIFE_BASIC,CH_EMAIL,,2025-11-21,226.51,1.0113,ACCEPTED,
QUO_0000001485,CUST_00002752,PROD_LIFE_STANDARD,CH_EMAIL,,2026-06-08,423.5,1.1619,ACCEPTED,
QUO_0000001486,CUST_00002753,PROD_PET_STANDARD,CH_EMAIL,,2023-06-21,321.62,1.0624,DECLINED,
QUO_0000001487,CUST_00002756,PROD_HEALTH_PREMIUM,CH_EMAIL,,2025-02-04,1465.02,0.9966,DECLINED,
QUO_0000001488,CUST_00002757,PROD_AUTO_PREMIUM,CH_BROKER,,2026-06-06,1211.75,1.0957,SENT,
QUO_0000001489,CUST_00002758,PROD_HEALTH_PREMIUM,CH_MOBILE,,2025-12-19,1308.74,0.9666,ACCEPTED,
QUO_0000001490,CUST_00002759,PROD_HEALTH_STANDARD,CH_EMAIL,,2024-03-19,1077.75,1.0383,DECLINED,
QUO_0000001491,CUST_00002760,PROD_AUTO_PREMIUM,CH_MOBILE,,2026-06-15,1116.7,0.9964,SENT,
QUO_0000001492,CUST_00002761,PROD_AUTO_STANDARD,CH_EMAIL,,2025-07-18,841.51,0.9337,SENT,
QUO_0000001493,CUST_00002762,PROD_AUTO_STANDARD,CH_MOBILE,,2024-05-04,739.24,1.2063,DECLINED,
QUO_0000001494,CUST_00002763,PROD_AUTO_BASIC,CH_EMAIL,,2026-05-29,482.03,1.1876,DECLINED,
QUO_0000001495,CUST_00002765,PROD_PET_STANDARD,CH_MOBILE,,2024-07-01,304.69,0.9862,DECLINED,
QUO_0000001496,CUST_00002766,PROD_AUTO_BASIC,CH_EMAIL,,2021-01-27,611.86,1.02,DECLINED,
QUO_0000001497,CUST_00002767,PROD_AUTO_STANDARD,CH_MOBILE,,2025-05-08,743.28,0.9378,EXPIRED,
QUO_0000001498,CUST_00002769,PROD_AUTO_PREMIUM,CH_EMAIL,,2026-02-24,1161.53,0.9368,DECLINED,
QUO_0000001499,CUST_00002771,PROD_ACCIDENT_STANDARD,CH_MOBILE,,2025-12-18,207.5,0.9647,SENT,
QUO_0000001500,CUST_00002772,PROD_LIFE_BASIC,CH_MOBILE,,2022-01-16,226.57,0.8722,DECLINED,
QUO_0000001501,CUST_00002776,PROD_ACCIDENT_STANDARD,CH_EMAIL,,2022-01-21,237.7,1.1194,SENT,
QUO_0000001502,CUST_00002777,PROD_LIFE_PREMIUM,CH_MOBILE,,2023-07-16,888.95,1.0361,SENT,
QUO_0000001503,CUST_00002780,PROD_PET_STANDARD,CH_MOBILE,,2025-11-07,343.52,1.2091,SENT,
QUO_0000001504,CUST_00002782,PROD_HOME_STANDARD,CH_MOBILE,,2023-06-11,486.05,0.7873,EXPIRED,
QUO_0000001505,CUST_00002784,PROD_HEALTH_PREMIUM,CH_CALL_CENTER,AGT_00154,2025-10-15,1397.9,0.8739,SENT,
QUO_0000001506,CUST_00002788,PROD_HOME_BASIC,CH_EMAIL,,2026-05-12,351.57,1.0641,DECLINED,
QUO_0000001507,CUST_00002789,PROD_LIFE_BASIC,CH_EMAIL,,2025-06-23,221.65,1.0338,EXPIRED,
QUO_0000001508,CUST_00002790,PROD_TRAVEL_STANDARD,CH_CALL_CENTER,AGT_00042,2023-04-13,142.95,0.8776,DECLINED,
QUO_0000001509,CUST_00002791,PROD_TRAVEL_STANDARD,CH_EMAIL,,2023-09-13,152.56,1.1612,DECLINED,
QUO_0000001510,CUST_00002792,PROD_LIFE_PREMIUM,CH_EMAIL,,2024-09-06,919.5,1.0865,DECLINED,
QUO_0000001511,CUST_00002794,PROD_HOME_BASIC,CH_EMAIL,,2026-05-06,298.17,0.9761,SENT,
QUO_0000001512,CUST_00002797,PROD_HEALTH_PREMIUM,CH_EMAIL,,2026-04-29,1290.79,1.1299,DECLINED,
QUO_0000001513,CUST_00002798,PROD_TRAVEL_STANDARD,CH_MOBILE,,2024-10-23,138.66,1.1292,DECLINED,
QUO_0000001514,CUST_00002799,PROD_AUTO_STANDARD,CH_MOBILE,,2024-11-16,797.93,0.9522,EXPIRED,
QUO_0000001515,CUST_00002800,PROD_AUTO_BASIC,CH_EMAIL,,2025-12-14,566.51,0.9889,DECLINED,
QUO_0000001516,CUST_00002801,PROD_HOME_BASIC,CH_EMAIL,,2024-04-21,275.85,1.0341,ACCEPTED,
QUO_0000001517,CUST_00002802,PROD_HEALTH_STANDARD,CH_MOBILE,,2022-02-16,1126.93,1.0889,EXPIRED,
QUO_0000001518,CUST_00002803,PROD_TRAVEL_STANDARD,CH_MOBILE,,2026-01-29,144.16,0.9102,DECLINED,
QUO_0000001519,CUST_00002804,PROD_HOME_STANDARD,CH_EMAIL,,2021-11-22,522.26,0.9624,EXPIRED,
QUO_0000001520,CUST_00002805,PROD_LIFE_STANDARD,CH_EMAIL,,2026-02-02,406.07,0.7258,SENT,
QUO_0000001521,CUST_00002807,PROD_AUTO_PREMIUM,CH_EMAIL,,2025-11-28,1013.05,0.9521,SENT,
QUO_0000001522,CUST_00002810,PROD_LIFE_PREMIUM,CH_MOBILE,,2025-03-11,736.97,1.2678,SENT,
QUO_0000001523,CUST_00002811,PROD_HEALTH_BASIC,CH_EMAIL,,2026-03-02,651.92,1.002,SENT,
QUO_0000001524,CUST_00002812,PROD_AUTO_PREMIUM,CH_EMAIL,,2022-06-16,1232.05,1.1023,ACCEPTED,
QUO_0000001525,CUST_00002815,PROD_HOME_BASIC,CH_EMAIL,,2026-04-01,296.53,0.9862,DECLINED,
QUO_0000001526,CUST_00002816,PROD_PET_STANDARD,CH_MOBILE,,2026-04-11,349.93,0.9714,ACCEPTED,
QUO_0000001527,CUST_00002818,PROD_HEALTH_BASIC,CH_MOBILE,,2026-02-04,652.48,1.0568,SENT,
QUO_0000001528,CUST_00002821,PROD_HEALTH_STANDARD,CH_EMAIL,,2023-01-18,935.68,0.9003,ACCEPTED,
QUO_0000001529,CUST_00002823,PROD_HOME_STANDARD,CH_EMAIL,,2024-11-03,557.68,1.0945,SENT,
QUO_0000001530,CUST_00002824,PROD_HEALTH_BASIC,CH_MOBILE,,2025-08-09,773.56,0.8047,EXPIRED,
QUO_0000001531,CUST_00002825,PROD_LIFE_PREMIUM,CH_MOBILE,,2023-10-22,827.99,0.9046,SENT,
QUO_0000001532,CUST_00002826,PROD_HOME_PREMIUM,CH_CALL_CENTER,AGT_00065,2026-04-05,753.02,0.9134,SENT,
QUO_0000001533,CUST_00002827,PROD_LIFE_STANDARD,CH_EMAIL,,2024-09-06,416.27,0.9469,SENT,
QUO_0000001534,CUST_00002830,PROD_HEALTH_BASIC,CH_MOBILE,,2025-08-05,710.7,1.1054,EXPIRED,
QUO_0000001535,CUST_00002831,PROD_TRAVEL_STANDARD,CH_PARTNER,,2022-10-21,136.85,1.1715,DECLINED,
QUO_0000001536,CUST_00002833,PROD_ACCIDENT_STANDARD,CH_EMAIL,,2024-03-02,208.57,0.9817,DECLINED,
QUO_0000001537,CUST_00002834,PROD_AUTO_STANDARD,CH_EMAIL,,2023-03-20,837.73,0.8614,SENT,
QUO_0000001538,CUST_00002835,PROD_HOME_PREMIUM,CH_MOBILE,,2026-06-13,731.58,1.0407,ACCEPTED,
QUO_0000001539,CUST_00002836,PROD_LIFE_PREMIUM,CH_MOBILE,,2021-12-30,961.25,1.0631,EXPIRED,
QUO_0000001540,CUST_00002838,PROD_LIFE_BASIC,CH_EMAIL,,2024-10-31,214.11,0.8057,DECLINED,
QUO_0000001541,CUST_00002839,PROD_TRAVEL_STANDARD,CH_MOBILE,,2023-04-14,170.1,1.0422,EXPIRED,
QUO_0000001542,CUST_00002840,PROD_ACCIDENT_STANDARD,CH_MOBILE,,2022-07-06,210.08,1.0151,ACCEPTED,
QUO_0000001543,CUST_00002842,PROD_ACCIDENT_STANDARD,CH_MOBILE,,2025-11-14,211.5,0.8795,ACCEPTED,
QUO_0000001544,CUST_00002843,PROD_LIFE_BASIC,CH_EMAIL,,2025-12-08,281.11,0.8602,SENT,
QUO_0000001545,CUST_00002846,PROD_HOME_BASIC,CH_EMAIL,,2025-07-20,295.54,1.125,SENT,
QUO_0000001546,CUST_00002847,PROD_AUTO_PREMIUM,CH_MOBILE,,2022-04-14,1149.89,0.9829,DECLINED,
QUO_0000001547,CUST_00002849,PROD_HOME_STANDARD,CH_MOBILE,,2024-10-31,530.75,0.8194,SENT,
QUO_0000001548,CUST_00002851,PROD_AUTO_BASIC,CH_EMAIL,,2025-02-04,463.81,0.9579,DECLINED,
QUO_0000001549,CUST_00002853,PROD_TRAVEL_STANDARD,CH_EMAIL,,2025-03-17,169.73,1.0688,DECLINED,
QUO_0000001550,CUST_00002854,PROD_AUTO_STANDARD,CH_EMAIL,,2026-01-27,856.41,1.0133,ACCEPTED,
QUO_0000001551,CUST_00002855,PROD_HOME_BASIC,CH_MOBILE,,2024-10-15,286.91,1.1061,DECLINED,
QUO_0000001552,CUST_00002858,PROD_TRAVEL_STANDARD,CH_MOBILE,,2024-01-21,127.95,0.9601,DECLINED,
QUO_0000001553,CUST_00002859,PROD_HEALTH_PREMIUM,CH_EMAIL,,2023-07-01,1333.01,1.0641,EXPIRED,
QUO_0000001554,CUST_00002861,PROD_HOME_STANDARD,CH_MOBILE,,2023-07-12,443.37,1.0532,SENT,
QUO_0000001555,CUST_00002862,PROD_HOME_PREMIUM,CH_EMAIL,,2026-04-22,800.96,1.0356,SENT,
QUO_0000001556,CUST_00002863,PROD_AUTO_PREMIUM,CH_MOBILE,,2024-11-11,1191.08,1.0859,SENT,
QUO_0000001557,CUST_00002864,PROD_TRAVEL_STANDARD,CH_EMAIL,,2021-09-30,132.8,1.1285,SENT,
QUO_0000001558,CUST_00002865,PROD_HOME_STANDARD,CH_MOBILE,,2025-08-27,519.86,0.8497,EXPIRED,
QUO_0000001559,CUST_00002866,PROD_HOME_BASIC,CH_MOBILE,,2026-01-04,348.54,1.026,DECLINED,
QUO_0000001560,CUST_00002868,PROD_PET_STANDARD,CH_EMAIL,,2024-01-12,332.3,0.9357,SENT,
QUO_0000001561,CUST_00002874,PROD_LIFE_STANDARD,CH_MOBILE,,2023-10-08,420.35,0.9196,EXPIRED,
QUO_0000001562,CUST_00002875,PROD_AUTO_BASIC,CH_EMAIL,,2025-02-23,555.2,1.0502,DECLINED,
QUO_0000001563,CUST_00002877,PROD_HOME_STANDARD,CH_MOBILE,,2022-12-21,475.43,0.9802,SENT,
QUO_0000001564,CUST_00002878,PROD_AUTO_PREMIUM,CH_BROKER,,2022-09-16,1051.14,1.1353,DECLINED,
QUO_0000001565,CUST_00002879,PROD_HEALTH_PREMIUM,CH_EMAIL,,2025-12-05,1683.48,1.0422,EXPIRED,
QUO_0000001566,CUST_00002880,PROD_HOME_STANDARD,CH_MOBILE,,2025-07-31,486.41,1.1473,EXPIRED,
QUO_0000001567,CUST_00002882,PROD_PET_STANDARD,CH_MOBILE,,2026-04-24,384.48,0.9879,ACCEPTED,
QUO_0000001568,CUST_00002883,PROD_LIFE_PREMIUM,CH_MOBILE,,2021-04-08,848.49,0.8925,EXPIRED,
QUO_0000001569,CUST_00002884,PROD_HEALTH_STANDARD,CH_EMAIL,,2023-09-27,956.64,0.9705,ACCEPTED,
QUO_0000001570,CUST_00002885,PROD_ACCIDENT_STANDARD,CH_MOBILE,,2024-04-20,216.36,0.997,ACCEPTED,
QUO_0000001571,CUST_00002886,PROD_TRAVEL_STANDARD,CH_EMAIL,,2022-04-07,148.48,0.8975,DECLINED,
QUO_0000001572,CUST_00002887,PROD_AUTO_PREMIUM,CH_EMAIL,,2024-08-11,1110.53,1.1095,DECLINED,
QUO_0000001573,CUST_00002889,PROD_AUTO_BASIC,CH_MOBILE,,2026-03-06,453.79,0.8349,DECLINED,
QUO_0000001574,CUST_00002890,PROD_LIFE_PREMIUM,CH_MOBILE,,2026-05-13,959.78,0.9872,SENT,
QUO_0000001575,CUST_00002893,PROD_AUTO_PREMIUM,CH_EMAIL,,2025-12-11,1002.16,0.9802,ACCEPTED,
QUO_0000001576,CUST_00002894,PROD_PET_STANDARD,CH_MOBILE,,2026-03-03,307.32,1.1069,SENT,
QUO_0000001577,CUST_00002896,PROD_LIFE_PREMIUM,CH_MOBILE,,2022-12-02,876.21,0.9277,SENT,
QUO_0000001578,CUST_00002902,PROD_HOME_STANDARD,CH_EMAIL,,2022-05-11,472.29,1.1637,EXPIRED,
QUO_0000001579,CUST_00002903,PROD_AUTO_STANDARD,CH_MOBILE,,2025-06-18,750.77,1.0187,ACCEPTED,
QUO_0000001580,CUST_00002904,PROD_AUTO_PREMIUM,CH_EMAIL,,2026-01-23,1161.53,0.9862,SENT,
QUO_0000001581,CUST_00002905,PROD_AUTO_BASIC,CH_MOBILE,,2020-11-18,545.63,1.0553,EXPIRED,
QUO_0000001582,CUST_00002906,PROD_HEALTH_STANDARD,CH_EMAIL,,2024-10-12,882.56,0.8529,DECLINED,
QUO_0000001583,CUST_00002907,PROD_HOME_PREMIUM,CH_EMAIL,,2023-04-27,810.7,1.2,EXPIRED,
QUO_0000001584,CUST_00002910,PROD_HEALTH_STANDARD,CH_MOBILE,,2024-09-10,1104.18,0.9984,EXPIRED,
QUO_0000001585,CUST_00002912,PROD_HOME_STANDARD,CH_EMAIL,,2025-08-14,544.79,0.9316,SENT,
QUO_0000001586,CUST_00002913,PROD_ACCIDENT_STANDARD,CH_EMAIL,,2021-10-10,258.77,0.8341,DECLINED,
QUO_0000001587,CUST_00002915,PROD_LIFE_STANDARD,CH_MOBILE,,2024-08-02,390.0,0.7507,SENT,
QUO_0000001588,CUST_00002918,PROD_HEALTH_STANDARD,CH_EMAIL,,2024-02-08,1018.98,0.8939,EXPIRED,
QUO_0000001589,CUST_00002920,PROD_HOME_BASIC,CH_EMAIL,,2024-01-06,346.6,0.6985,SENT,
QUO_0000001590,CUST_00002921,PROD_AUTO_PREMIUM,CH_MOBILE,,2026-06-21,1247.58,0.8871,ACCEPTED,
QUO_0000001591,CUST_00002922,PROD_ACCIDENT_STANDARD,CH_EMAIL,,2024-03-30,248.37,0.9327,ACCEPTED,
QUO_0000001592,CUST_00002924,PROD_AUTO_PREMIUM,CH_EMAIL,,2025-12-03,1065.92,0.7729,EXPIRED,
QUO_0000001593,CUST_00002925,PROD_ACCIDENT_STANDARD,CH_MOBILE,,2024-03-18,209.88,0.894,SENT,
QUO_0000001594,CUST_00002926,PROD_HEALTH_STANDARD,CH_MOBILE,,2026-04-26,1146.06,0.7824,DECLINED,
QUO_0000001595,CUST_00002928,PROD_HOME_STANDARD,CH_MOBILE,,2020-12-12,434.87,0.9325,EXPIRED,
QUO_0000001596,CUST_00002929,PROD_LIFE_BASIC,CH_EMAIL,,2026-06-20,256.88,1.1399,ACCEPTED,
QUO_0000001597,CUST_00002930,PROD_PET_STANDARD,CH_EMAIL,,2022-05-14,329.08,0.7977,SENT,
QUO_0000001598,CUST_00002935,PROD_AUTO_PREMIUM,CH_EMAIL,,2025-10-15,1021.98,0.9462,EXPIRED,
QUO_0000001599,CUST_00002936,PROD_ACCIDENT_STANDARD,CH_MOBILE,,2022-06-01,213.0,0.7929,EXPIRED,
QUO_0000001600,CUST_00002938,PROD_LIFE_STANDARD,CH_EMAIL,,2026-04-15,388.5,1.0787,DECLINED,
QUO_0000001601,CUST_00002940,PROD_HEALTH_PREMIUM,CH_EMAIL,,2026-05-13,1380.61,1.1086,DECLINED,
QUO_0000001602,CUST_00002941,PROD_AUTO_PREMIUM,CH_MOBILE,,2026-01-17,1315.34,0.8218,EXPIRED,
QUO_0000001603,CUST_00002943,PROD_LIFE_STANDARD,CH_MOBILE,,2024-06-05,440.64,1.1607,ACCEPTED,
QUO_0000001604,CUST_00002944,PROD_LIFE_PREMIUM,CH_MOBILE,,2025-01-23,839.56,0.9212,SENT,
QUO_0000001605,CUST_00002945,PROD_LIFE_PREMIUM,CH_MOBILE,,2025-09-28,943.62,0.9035,DECLINED,
QUO_0000001606,CUST_00002947,PROD_LIFE_BASIC,CH_EMAIL,,2025-03-20,249.12,0.9249,SENT,
QUO_0000001607,CUST_00002949,PROD_HOME_STANDARD,CH_EMAIL,,2023-07-22,491.63,0.7854,ACCEPTED,
QUO_0000001608,CUST_00002950,PROD_LIFE_PREMIUM,CH_MOBILE,,2023-11-23,848.41,1.0372,ACCEPTED,
QUO_0000001609,CUST_00002953,PROD_LIFE_PREMIUM,CH_WEB,,2023-02-02,982.58,0.963,EXPIRED,
QUO_0000001610,CUST_00002954,PROD_PET_STANDARD,CH_EMAIL,,2024-12-25,363.86,0.8215,EXPIRED,
QUO_0000001611,CUST_00002955,PROD_HEALTH_PREMIUM,CH_EMAIL,,2025-11-05,1703.77,0.9194,SENT,
QUO_0000001612,CUST_00002956,PROD_LIFE_PREMIUM,CH_MOBILE,,2024-06-07,738.08,0.7695,SENT,
QUO_0000001613,CUST_00002957,PROD_HOME_STANDARD,CH_MOBILE,,2023-04-17,531.66,1.1418,SENT,
QUO_0000001614,CUST_00002958,PROD_HEALTH_STANDARD,CH_EMAIL,,2026-03-11,883.99,1.0579,ACCEPTED,
QUO_0000001615,CUST_00002959,PROD_AUTO_STANDARD,CH_MOBILE,,2021-02-26,816.47,1.1779,EXPIRED,
QUO_0000001616,CUST_00002960,PROD_PET_STANDARD,CH_EMAIL,,2025-09-07,299.45,0.9196,DECLINED,
QUO_0000001617,CUST_00002961,PROD_HOME_PREMIUM,CH_EMAIL,,2024-01-10,680.57,1.057,DECLINED,
QUO_0000001618,CUST_00002964,PROD_LIFE_PREMIUM,CH_EMAIL,,2023-10-22,929.78,0.9659,DECLINED,
QUO_0000001619,CUST_00002965,PROD_AUTO_PREMIUM,CH_MOBILE,,2025-02-08,1255.59,1.0922,DECLINED,
QUO_0000001620,CUST_00002969,PROD_AUTO_STANDARD,CH_MOBILE,,2026-01-29,819.56,1.0856,ACCEPTED,
QUO_0000001621,CUST_00002971,PROD_PET_STANDARD,CH_EMAIL,,2026-05-11,318.36,0.8252,ACCEPTED,
QUO_0000001622,CUST_00002972,PROD_AUTO_BASIC,CH_MOBILE,,2024-12-24,609.29,1.1763,SENT,
QUO_0000001623,CUST_00002973,PROD_HOME_STANDARD,CH_EMAIL,,2025-09-01,551.14,0.8718,EXPIRED,
QUO_0000001624,CUST_00002975,PROD_LIFE_PREMIUM,CH_PARTNER,,2026-06-06,936.8,0.9459,ACCEPTED,
QUO_0000001625,CUST_00002976,PROD_HEALTH_STANDARD,CH_EMAIL,,2025-10-21,892.74,1.0865,EXPIRED,
QUO_0000001626,CUST_00002977,PROD_LIFE_STANDARD,CH_MOBILE,,2022-08-17,462.69,1.0129,EXPIRED,
QUO_0000001627,CUST_00002978,PROD_HEALTH_BASIC,CH_MOBILE,,2026-05-25,738.03,0.9381,EXPIRED,
QUO_0000001628,CUST_00002979,PROD_LIFE_PREMIUM,CH_EMAIL,,2026-06-30,732.81,1.0486,EXPIRED,
QUO_0000001629,CUST_00002982,PROD_HEALTH_BASIC,CH_EMAIL,,2024-11-12,693.01,0.887,DECLINED,
QUO_0000001630,CUST_00002983,PROD_HOME_BASIC,CH_MOBILE,,2026-04-28,344.35,1.1122,SENT,
QUO_0000001631,CUST_00002984,PROD_ACCIDENT_STANDARD,CH_EMAIL,,2026-06-25,213.57,0.9067,SENT,
QUO_0000001632,CUST_00002986,PROD_HOME_BASIC,CH_EMAIL,,2026-06-07,284.5,0.9018,SENT,
QUO_0000001633,CUST_00002987,PROD_HOME_STANDARD,CH_EMAIL,,2025-12-12,524.03,0.8872,SENT,
QUO_0000001634,CUST_00002988,PROD_AUTO_PREMIUM,CH_MOBILE,,2026-06-18,1092.99,0.8911,SENT,
QUO_0000001635,CUST_00002990,PROD_HOME_PREMIUM,CH_EMAIL,,2026-03-15,714.85,1.1231,SENT,
QUO_0000001636,CUST_00002991,PROD_HEALTH_BASIC,CH_MOBILE,,2026-06-30,702.9,0.9142,DECLINED,
QUO_0000001637,CUST_00002992,PROD_HOME_PREMIUM,CH_EMAIL,,2026-06-10,816.69,1.1355,DECLINED,
QUO_0000001638,CUST_00002993,PROD_HOME_BASIC,CH_MOBILE,,2025-05-28,307.35,1.0703,EXPIRED,
QUO_0000001639,CUST_00002995,PROD_PET_STANDARD,CH_MOBILE,,2023-09-24,315.88,0.9604,DECLINED,
QUO_0000001640,CUST_00002997,PROD_HOME_STANDARD,CH_MOBILE,,2025-05-05,471.97,0.7818,ACCEPTED,
QUO_0000001641,CUST_00002998,PROD_HEALTH_BASIC,CH_MOBILE,,2024-01-22,702.78,1.051,EXPIRED,
QUO_0000001642,CUST_00003002,PROD_TRAVEL_STANDARD,CH_EMAIL,,2025-12-26,145.0,0.9273,ACCEPTED,
QUO_0000001643,CUST_00003003,PROD_HEALTH_PREMIUM,CH_MOBILE,,2025-11-26,1588.96,1.0897,ACCEPTED,
QUO_0000001644,CUST_00003004,PROD_HEALTH_PREMIUM,CH_EMAIL,,2023-12-31,1407.87,0.8245,ACCEPTED,
QUO_0000001645,CUST_00003005,PROD_HOME_BASIC,CH_EMAIL,,2023-12-26,327.48,1.0733,DECLINED,
QUO_0000001646,CUST_00003006,PROD_TRAVEL_STANDARD,CH_MOBILE,,2024-12-15,163.23,0.8377,DECLINED,
QUO_0000001647,CUST_00003007,PROD_AUTO_STANDARD,CH_EMAIL,,2023-05-08,825.04,1.0572,DECLINED,
QUO_0000001648,CUST_00003009,PROD_HOME_STANDARD,CH_MOBILE,,2025-09-19,509.46,0.8731,ACCEPTED,
QUO_0000001649,CUST_00003010,PROD_HOME_PREMIUM,CH_MOBILE,,2025-04-29,871.77,0.9954,SENT,
QUO_0000001650,CUST_00003013,PROD_HOME_PREMIUM,CH_EMAIL,,2024-09-22,807.41,1.0668,SENT,
QUO_0000001651,CUST_00003014,PROD_HOME_STANDARD,CH_MOBILE,,2023-02-05,428.74,1.113,DECLINED,
QUO_0000001652,CUST_00003015,PROD_HEALTH_BASIC,CH_EMAIL,,2025-08-04,679.58,1.0544,EXPIRED,
QUO_0000001653,CUST_00003016,PROD_HOME_PREMIUM,CH_MOBILE,,2026-03-15,736.48,1.0243,EXPIRED,
QUO_0000001654,CUST_00003017,PROD_LIFE_STANDARD,CH_WEB,,2021-02-27,484.3,1.0004,EXPIRED,
QUO_0000001655,CUST_00003019,PROD_HEALTH_PREMIUM,CH_EMAIL,,2025-03-11,1339.08,1.0241,DECLINED,
QUO_0000001656,CUST_00003020,PROD_LIFE_BASIC,CH_EMAIL,,2023-04-18,215.17,1.236,DECLINED,
QUO_0000001657,CUST_00003021,PROD_HOME_PREMIUM,CH_MOBILE,,2025-09-14,699.26,0.9373,DECLINED,
QUO_0000001658,CUST_00003024,PROD_HEALTH_PREMIUM,CH_EMAIL,,2023-05-11,1729.58,0.9417,SENT,
QUO_0000001659,CUST_00003026,PROD_AUTO_PREMIUM,CH_EMAIL,,2025-08-16,1179.42,0.7778,SENT,
QUO_0000001660,CUST_00003027,PROD_HOME_PREMIUM,CH_EMAIL,,2026-02-06,716.38,0.9363,SENT,
QUO_0000001661,CUST_00003028,PROD_AUTO_PREMIUM,CH_EMAIL,,2022-03-13,1164.05,0.8451,DECLINED,
QUO_0000001662,CUST_00003029,PROD_PET_STANDARD,CH_EMAIL,,2023-12-03,348.0,1.0608,DECLINED,
QUO_0000001663,CUST_00003030,PROD_LIFE_BASIC,CH_MOBILE,,2021-09-05,270.45,1.1408,EXPIRED,
QUO_0000001664,CUST_00003032,PROD_HEALTH_STANDARD,CH_MOBILE,,2024-07-19,941.88,0.9886,ACCEPTED,
QUO_0000001665,CUST_00003033,PROD_HEALTH_BASIC,CH_EMAIL,,2025-09-23,687.31,0.9377,ACCEPTED,
QUO_0000001666,CUST_00003037,PROD_AUTO_BASIC,CH_MOBILE,,2026-02-05,568.98,1.0711,EXPIRED,
QUO_0000001667,CUST_00003040,PROD_ACCIDENT_STANDARD,CH_EMAIL,,2024-02-06,241.62,0.8617,DECLINED,
QUO_0000001668,CUST_00003043,PROD_LIFE_BASIC,CH_EMAIL,,2022-11-22,245.23,1.079,EXPIRED,
QUO_0000001669,CUST_00003048,PROD_AUTO_PREMIUM,CH_MOBILE,,2025-11-12,1122.8,0.8908,SENT,
QUO_0000001670,CUST_00003050,PROD_AUTO_PREMIUM,CH_MOBILE,,2026-01-24,1286.73,1.0938,SENT,
QUO_0000001671,CUST_00003051,PROD_LIFE_PREMIUM,CH_EMAIL,,2024-03-31,876.25,0.835,DECLINED,
QUO_0000001672,CUST_00003053,PROD_HOME_STANDARD,CH_EMAIL,,2023-06-20,501.62,0.8946,SENT,
QUO_0000001673,CUST_00003055,PROD_AUTO_STANDARD,CH_EMAIL,,2022-07-21,656.03,0.9861,SENT,
QUO_0000001674,CUST_00003056,PROD_LIFE_STANDARD,CH_EMAIL,,2022-06-12,421.19,0.8757,DECLINED,
QUO_0000001675,CUST_00003057,PROD_ACCIDENT_STANDARD,CH_EMAIL,,2025-01-15,249.33,1.0266,SENT,
QUO_0000001676,CUST_00003059,PROD_ACCIDENT_STANDARD,CH_EMAIL,,2022-02-03,249.22,0.8841,DECLINED,
QUO_0000001677,CUST_00003060,PROD_HEALTH_STANDARD,CH_EMAIL,,2024-03-29,949.82,1.0223,SENT,
QUO_0000001678,CUST_00003061,PROD_HOME_PREMIUM,CH_CALL_CENTER,AGT_00072,2024-11-13,809.79,0.8621,EXPIRED,
QUO_0000001679,CUST_00003062,PROD_AUTO_PREMIUM,CH_EMAIL,,2025-05-08,968.7,0.7526,SENT,
QUO_0000001680,CUST_00003063,PROD_HEALTH_STANDARD,CH_EMAIL,,2023-06-06,915.48,1.2149,SENT,
QUO_0000001681,CUST_00003064,PROD_AUTO_BASIC,CH_EMAIL,,2023-06-02,465.08,0.9023,SENT,
QUO_0000001682,CUST_00003068,PROD_HEALTH_STANDARD,CH_EMAIL,,2025-11-07,974.12,1.0714,DECLINED,
QUO_0000001683,CUST_00003071,PROD_AUTO_STANDARD,CH_MOBILE,,2025-02-28,835.08,0.9031,EXPIRED,
QUO_0000001684,CUST_00003073,PROD_HEALTH_STANDARD,CH_MOBILE,,2023-02-09,996.09,0.9251,ACCEPTED,
QUO_0000001685,CUST_00003075,PROD_PET_STANDARD,CH_EMAIL,,2025-02-01,328.0,0.9407,ACCEPTED,
QUO_0000001686,CUST_00003078,PROD_TRAVEL_STANDARD,CH_MOBILE,,2023-05-29,128.5,0.8712,SENT,
QUO_0000001687,CUST_00003080,PROD_HEALTH_PREMIUM,CH_EMAIL,,2026-02-26,1541.24,1.0547,SENT,
QUO_0000001688,CUST_00003081,PROD_LIFE_STANDARD,CH_MOBILE,,2025-03-28,449.09,1.0633,SENT,
QUO_0000001689,CUST_00003085,PROD_AUTO_STANDARD,CH_EMAIL,,2024-07-25,797.86,1.107,SENT,
QUO_0000001690,CUST_00003087,PROD_HOME_STANDARD,CH_MOBILE,,2023-03-19,524.12,1.0043,ACCEPTED,
QUO_0000001691,CUST_00003090,PROD_HOME_PREMIUM,CH_EMAIL,,2024-01-18,794.49,1.0097,SENT,
QUO_0000001692,CUST_00003093,PROD_ACCIDENT_STANDARD,CH_MOBILE,,2024-04-22,238.37,0.8848,DECLINED,
QUO_0000001693,CUST_00003094,PROD_HEALTH_BASIC,CH_EMAIL,,2024-01-13,596.44,0.9465,SENT,
QUO_0000001694,CUST_00003095,PROD_LIFE_STANDARD,CH_EMAIL,,2025-12-16,435.01,0.8562,DECLINED,
QUO_0000001695,CUST_00003096,PROD_HOME_STANDARD,CH_EMAIL,,2026-03-17,416.99,0.8625,DECLINED,
QUO_0000001696,CUST_00003099,PROD_AUTO_STANDARD,CH_MOBILE,,2026-01-16,686.74,0.9747,EXPIRED,
QUO_0000001697,CUST_00003100,PROD_HOME_STANDARD,CH_EMAIL,,2022-10-12,541.04,1.0013,DECLINED,
QUO_0000001698,CUST_00003101,PROD_LIFE_STANDARD,CH_MOBILE,,2023-01-20,422.68,0.9451,DECLINED,
QUO_0000001699,CUST_00003102,PROD_AUTO_BASIC,CH_EMAIL,,2022-10-21,613.55,1.0288,ACCEPTED,
QUO_0000001700,CUST_00003103,PROD_PET_STANDARD,CH_EMAIL,,2025-02-20,374.43,1.1325,DECLINED,
QUO_0000001701,CUST_00003104,PROD_AUTO_PREMIUM,CH_MOBILE,,2025-10-12,1099.66,1.0709,ACCEPTED,
QUO_0000001702,CUST_00003105,PROD_AUTO_STANDARD,CH_MOBILE,,2024-05-19,685.5,1.1672,EXPIRED,
QUO_0000001703,CUST_00003107,PROD_HOME_BASIC,CH_EMAIL,,2025-07-25,333.47,0.965,SENT,
QUO_0000001704,CUST_00003108,PROD_HEALTH_STANDARD,CH_EMAIL,,2025-10-09,919.39,1.0911,DECLINED,
QUO_0000001705,CUST_00003109,PROD_HEALTH_PREMIUM,CH_MOBILE,,2025-09-25,1521.69,1.0092,ACCEPTED,
QUO_0000001706,CUST_00003111,PROD_LIFE_STANDARD,CH_EMAIL,,2025-11-05,468.1,1.1136,EXPIRED,
QUO_0000001707,CUST_00003112,PROD_HEALTH_STANDARD,CH_EMAIL,,2024-07-20,952.69,0.9738,DECLINED,
QUO_0000001708,CUST_00003118,PROD_HOME_PREMIUM,CH_EMAIL,,2026-06-01,879.3,0.9696,SENT,
QUO_0000001709,CUST_00003119,PROD_AUTO_BASIC,CH_MOBILE,,2023-03-03,563.82,1.1675,DECLINED,
QUO_0000001710,CUST_00003121,PROD_HEALTH_BASIC,CH_MOBILE,,2021-07-03,773.96,0.8392,SENT,
QUO_0000001711,CUST_00003122,PROD_HOME_PREMIUM,CH_MOBILE,,2023-06-23,710.37,1.155,SENT,
QUO_0000001712,CUST_00003123,PROD_HEALTH_PREMIUM,CH_CALL_CENTER,,2026-05-12,1690.86,1.296,DECLINED,
QUO_0000001713,CUST_00003124,PROD_HEALTH_BASIC,CH_MOBILE,,2025-12-17,749.79,0.9569,EXPIRED,
QUO_0000001714,CUST_00003127,PROD_HOME_BASIC,CH_MOBILE,,2026-06-12,352.01,0.985,DECLINED,
QUO_0000001715,CUST_00003128,PROD_TRAVEL_STANDARD,CH_MOBILE,,2022-07-04,125.54,1.2053,DECLINED,
QUO_0000001716,CUST_00003129,PROD_AUTO_BASIC,CH_EMAIL,,2024-12-05,612.53,0.955,SENT,
QUO_0000001717,CUST_00003132,PROD_AUTO_BASIC,CH_MOBILE,,2025-08-26,448.57,1.0535,DECLINED,
QUO_0000001718,CUST_00003133,PROD_AUTO_STANDARD,CH_MOBILE,,2025-06-30,690.43,1.0036,DECLINED,
QUO_0000001719,CUST_00003134,PROD_HOME_BASIC,CH_EMAIL,,2024-06-03,304.77,0.8502,ACCEPTED,
QUO_0000001720,CUST_00003140,PROD_AUTO_BASIC,CH_EMAIL,,2025-06-16,523.9,1.0043,DECLINED,
QUO_0000001721,CUST_00003143,PROD_TRAVEL_STANDARD,CH_MOBILE,,2022-02-26,141.58,1.0787,SENT,
QUO_0000001722,CUST_00003146,PROD_HEALTH_PREMIUM,CH_EMAIL,,2025-10-05,1386.02,0.9896,SENT,
QUO_0000001723,CUST_00003147,PROD_AUTO_PREMIUM,CH_EMAIL,,2020-09-29,1248.22,1.138,SENT,
QUO_0000001724,CUST_00003148,PROD_ACCIDENT_STANDARD,CH_EMAIL,,2023-12-14,251.03,0.9645,ACCEPTED,
QUO_0000001725,CUST_00003150,PROD_AUTO_STANDARD,CH_EMAIL,,2024-10-14,681.12,0.8877,ACCEPTED,
QUO_0000001726,CUST_00003152,PROD_AUTO_PREMIUM,CH_EMAIL,,2024-09-15,1186.57,1.0981,DECLINED,
QUO_0000001727,CUST_00003154,PROD_AUTO_STANDARD,CH_MOBILE,,2026-02-06,795.64,0.9951,DECLINED,
QUO_0000001728,CUST_00003155,PROD_HEALTH_BASIC,CH_EMAIL,,2021-07-08,649.63,1.1184,EXPIRED,
QUO_0000001729,CUST_00003158,PROD_HEALTH_STANDARD,CH_EMAIL,,2024-01-14,1049.53,0.8333,EXPIRED,
QUO_0000001730,CUST_00003159,PROD_HOME_STANDARD,CH_EMAIL,,2026-02-15,548.06,0.9955,DECLINED,
QUO_0000001731,CUST_00003160,PROD_HOME_BASIC,CH_EMAIL,,2025-07-09,338.33,0.9629,SENT,
QUO_0000001732,CUST_00003163,PROD_AUTO_PREMIUM,CH_EMAIL,,2023-07-05,975.09,0.9353,DECLINED,
QUO_0000001733,CUST_00003164,PROD_TRAVEL_STANDARD,CH_MOBILE,,2023-05-21,168.74,1.1083,SENT,
QUO_0000001734,CUST_00003166,PROD_HEALTH_PREMIUM,CH_CALL_CENTER,AGT_00030,2021-05-30,1535.03,0.9631,DECLINED,
QUO_0000001735,CUST_00003170,PROD_TRAVEL_STANDARD,CH_MOBILE,,2026-02-14,150.2,0.9601,EXPIRED,
QUO_0000001736,CUST_00003172,PROD_TRAVEL_STANDARD,CH_EMAIL,,2026-06-30,148.43,0.8994,ACCEPTED,
QUO_0000001737,CUST_00003175,PROD_AUTO_PREMIUM,CH_MOBILE,,2025-01-18,1163.37,0.9679,EXPIRED,
QUO_0000001738,CUST_00003178,PROD_ACCIDENT_STANDARD,CH_MOBILE,,2024-01-14,221.66,0.9051,DECLINED,
QUO_0000001739,CUST_00003179,PROD_AUTO_PREMIUM,CH_MOBILE,,2026-01-11,1313.33,0.9769,DECLINED,
QUO_0000001740,CUST_00003180,PROD_PET_STANDARD,CH_MOBILE,,2023-12-21,361.07,1.0391,DECLINED,
QUO_0000001741,CUST_00003181,PROD_ACCIDENT_STANDARD,CH_MOBILE,,2026-05-01,228.22,1.1431,ACCEPTED,
QUO_0000001742,CUST_00003183,PROD_LIFE_STANDARD,CH_EMAIL,,2025-02-16,462.42,0.9341,DECLINED,
QUO_0000001743,CUST_00003189,PROD_AUTO_STANDARD,CH_MOBILE,,2025-10-30,795.26,1.045,DECLINED,
QUO_0000001744,CUST_00003192,PROD_PET_STANDARD,CH_MOBILE,,2024-05-23,366.28,0.8823,ACCEPTED,
QUO_0000001745,CUST_00003193,PROD_TRAVEL_STANDARD,CH_MOBILE,,2025-07-04,146.47,0.8523,EXPIRED,
QUO_0000001746,CUST_00003195,PROD_HOME_PREMIUM,CH_EMAIL,,2025-10-12,692.16,0.9172,EXPIRED,
QUO_0000001747,CUST_00003196,PROD_LIFE_PREMIUM,CH_MOBILE,,2025-11-22,796.99,1.1919,EXPIRED,
QUO_0000001748,CUST_00003198,PROD_LIFE_STANDARD,CH_EMAIL,,2024-06-20,429.41,0.9437,DECLINED,
QUO_0000001749,CUST_00003201,PROD_HEALTH_STANDARD,CH_EMAIL,,2025-01-03,843.22,1.0013,DECLINED,
QUO_0000001750,CUST_00003205,PROD_LIFE_PREMIUM,CH_EMAIL,,2023-03-27,745.99,1.1104,ACCEPTED,
QUO_0000001751,CUST_00003206,PROD_LIFE_BASIC,CH_EMAIL,,2022-10-10,210.05,0.8751,DECLINED,
QUO_0000001752,CUST_00003207,PROD_LIFE_BASIC,CH_EMAIL,,2024-05-22,264.16,1.0645,SENT,
QUO_0000001753,CUST_00003210,PROD_HEALTH_BASIC,CH_EMAIL,,2023-09-16,758.83,0.7874,EXPIRED,
QUO_0000001754,CUST_00003214,PROD_ACCIDENT_STANDARD,CH_MOBILE,,2024-04-23,236.78,0.9846,DECLINED,
QUO_0000001755,CUST_00003217,PROD_HOME_STANDARD,CH_EMAIL,,2023-01-12,551.48,0.8717,SENT,
QUO_0000001756,CUST_00003218,PROD_HEALTH_BASIC,CH_MOBILE,,2023-08-08,634.47,1.1049,DECLINED,
QUO_0000001757,CUST_00003219,PROD_AUTO_PREMIUM,CH_EMAIL,,2024-10-03,1126.31,1.1478,ACCEPTED,
QUO_0000001758,CUST_00003221,PROD_AUTO_BASIC,CH_EMAIL,,2025-03-09,520.1,0.8189,SENT,
QUO_0000001759,CUST_00003222,PROD_AUTO_PREMIUM,CH_EMAIL,,2026-03-08,1316.81,1.0698,DECLINED,
QUO_0000001760,CUST_00003224,PROD_TRAVEL_STANDARD,CH_MOBILE,,2021-11-15,151.12,1.0157,SENT,
QUO_0000001761,CUST_00003230,PROD_LIFE_STANDARD,CH_EMAIL,,2025-12-14,371.04,0.8818,SENT,
QUO_0000001762,CUST_00003231,PROD_HOME_STANDARD,CH_EMAIL,,2025-05-19,547.12,0.9386,SENT,
QUO_0000001763,CUST_00003232,PROD_LIFE_PREMIUM,CH_MOBILE,,2024-11-04,823.79,0.8883,DECLINED,
QUO_0000001764,CUST_00003235,PROD_HEALTH_STANDARD,CH_MOBILE,,2025-01-23,995.89,0.9004,DECLINED,
QUO_0000001765,CUST_00003236,PROD_HEALTH_BASIC,CH_EMAIL,,2024-07-27,620.8,0.9595,SENT,
QUO_0000001766,CUST_00003237,PROD_HOME_PREMIUM,CH_EMAIL,,2025-04-03,707.43,1.0318,ACCEPTED,
QUO_0000001767,CUST_00003240,PROD_LIFE_STANDARD,CH_MOBILE,,2021-06-03,460.12,0.9224,SENT,
QUO_0000001768,CUST_00003241,PROD_HOME_PREMIUM,CH_EMAIL,,2026-03-16,695.44,0.7797,SENT,
QUO_0000001769,CUST_00003242,PROD_LIFE_STANDARD,CH_EMAIL,,2024-03-25,434.12,0.9566,SENT,
QUO_0000001770,CUST_00003245,PROD_LIFE_BASIC,CH_MOBILE,,2022-12-12,281.89,0.9295,ACCEPTED,
QUO_0000001771,CUST_00003246,PROD_HOME_PREMIUM,CH_EMAIL,,2023-10-05,879.87,1.1703,SENT,
QUO_0000001772,CUST_00003247,PROD_AUTO_BASIC,CH_MOBILE,,2024-01-30,515.45,0.9713,SENT,
QUO_0000001773,CUST_00003249,PROD_HEALTH_STANDARD,CH_EMAIL,,2022-02-10,962.82,0.9475,DECLINED,
QUO_0000001774,CUST_00003251,PROD_HOME_STANDARD,CH_EMAIL,,2025-10-14,486.71,1.1081,SENT,
QUO_0000001775,CUST_00003253,PROD_HEALTH_STANDARD,CH_MOBILE,,2022-11-09,989.28,0.9358,SENT,
QUO_0000001776,CUST_00003256,PROD_HOME_PREMIUM,CH_EMAIL,,2022-02-21,762.04,0.981,DECLINED,
QUO_0000001777,CUST_00003257,PROD_ACCIDENT_STANDARD,CH_EMAIL,,2026-01-29,204.59,0.8701,DECLINED,
QUO_0000001778,CUST_00003259,PROD_HOME_STANDARD,CH_EMAIL,,2023-06-09,461.97,0.8307,ACCEPTED,
QUO_0000001779,CUST_00003260,PROD_AUTO_STANDARD,CH_EMAIL,,2024-09-07,664.1,0.9016,ACCEPTED,
QUO_0000001780,CUST_00003262,PROD_PET_STANDARD,CH_EMAIL,,2025-11-05,308.23,0.9001,SENT,
QUO_0000001781,CUST_00003263,PROD_LIFE_BASIC,CH_MOBILE,,2023-12-15,280.57,0.88,DECLINED,
QUO_0000001782,CUST_00003264,PROD_HOME_PREMIUM,CH_EMAIL,,2026-02-03,817.72,1.2214,SENT,
QUO_0000001783,CUST_00003266,PROD_LIFE_BASIC,CH_EMAIL,,2026-02-15,279.41,1.0689,ACCEPTED,
QUO_0000001784,CUST_00003268,PROD_LIFE_STANDARD,CH_MOBILE,,2025-08-26,493.51,1.0223,DECLINED,
QUO_0000001785,CUST_00003269,PROD_AUTO_PREMIUM,CH_EMAIL,,2026-06-25,1147.72,1.1862,SENT,
QUO_0000001786,CUST_00003271,PROD_ACCIDENT_STANDARD,CH_EMAIL,,2026-03-07,208.31,0.8615,DECLINED,
QUO_0000001787,CUST_00003272,PROD_HEALTH_BASIC,CH_EMAIL,,2021-12-05,775.07,0.8619,DECLINED,
QUO_0000001788,CUST_00003273,PROD_LIFE_STANDARD,CH_EMAIL,,2026-02-25,385.9,1.0855,DECLINED,
QUO_0000001789,CUST_00003274,PROD_HOME_BASIC,CH_MOBILE,,2024-08-27,287.39,0.9763,ACCEPTED,
QUO_0000001790,CUST_00003276,PROD_AUTO_PREMIUM,CH_EMAIL,,2026-06-19,1021.99,0.989,EXPIRED,
QUO_0000001791,CUST_00003277,PROD_HOME_BASIC,CH_MOBILE,,2025-08-01,333.54,0.9407,ACCEPTED,
QUO_0000001792,CUST_00003280,PROD_LIFE_PREMIUM,CH_EMAIL,,2024-06-14,865.79,0.9274,SENT,
QUO_0000001793,CUST_00003281,PROD_AUTO_BASIC,CH_MOBILE,,2024-12-28,516.09,0.9717,ACCEPTED,
QUO_0000001794,CUST_00003282,PROD_HOME_PREMIUM,CH_MOBILE,,2022-09-25,830.41,0.996,DECLINED,
QUO_0000001795,CUST_00003285,PROD_PET_STANDARD,CH_MOBILE,,2025-11-14,380.97,0.8661,ACCEPTED,
QUO_0000001796,CUST_00003286,PROD_LIFE_STANDARD,CH_MOBILE,,2026-01-10,371.52,0.9108,DECLINED,
QUO_0000001797,CUST_00003288,PROD_AUTO_STANDARD,CH_EMAIL,,2023-03-31,873.59,0.9496,SENT,
QUO_0000001798,CUST_00003293,PROD_ACCIDENT_STANDARD,CH_MOBILE,,2024-08-23,227.11,0.9589,DECLINED,
QUO_0000001799,CUST_00003294,PROD_AUTO_BASIC,CH_EMAIL,,2026-06-15,462.45,0.8554,DECLINED,
QUO_0000001800,CUST_00003297,PROD_ACCIDENT_STANDARD,CH_MOBILE,,2025-07-14,261.73,0.65,DECLINED,
QUO_0000001801,CUST_00003298,PROD_AUTO_PREMIUM,CH_MOBILE,,2026-05-10,1278.54,0.9515,ACCEPTED,
QUO_0000001802,CUST_00003302,PROD_AUTO_PREMIUM,CH_MOBILE,,2025-06-06,1082.57,1.1066,DECLINED,
QUO_0000001803,CUST_00003304,PROD_AUTO_PREMIUM,CH_MOBILE,,2025-12-17,1218.16,0.928,EXPIRED,
QUO_0000001804,CUST_00003305,PROD_AUTO_BASIC,CH_EMAIL,,2026-01-13,609.26,1.1355,SENT,
QUO_0000001805,CUST_00003307,PROD_HEALTH_BASIC,CH_EMAIL,,2024-08-16,754.97,0.9742,DECLINED,
QUO_0000001806,CUST_00003311,PROD_PET_STANDARD,CH_MOBILE,,2026-02-27,400.58,0.8407,DECLINED,
QUO_0000001807,CUST_00003315,PROD_PET_STANDARD,CH_MOBILE,,2024-03-01,342.85,1.2159,EXPIRED,
QUO_0000001808,CUST_00003316,PROD_HOME_STANDARD,CH_MOBILE,,2024-11-24,437.7,0.8621,ACCEPTED,
QUO_0000001809,CUST_00003319,PROD_LIFE_STANDARD,CH_EMAIL,,2023-04-23,408.85,0.6537,SENT,
QUO_0000001810,CUST_00003321,PROD_TRAVEL_STANDARD,CH_EMAIL,,2025-09-19,131.95,1.0654,DECLINED,
QUO_0000001811,CUST_00003322,PROD_HEALTH_BASIC,CH_MOBILE,,2024-10-10,627.37,1.0329,DECLINED,
QUO_0000001812,CUST_00003323,PROD_HOME_PREMIUM,CH_EMAIL,,2025-11-20,865.57,1.09,DECLINED,
QUO_0000001813,CUST_00003324,PROD_HEALTH_BASIC,CH_EMAIL,,2025-03-07,667.47,0.969,EXPIRED,
QUO_0000001814,CUST_00003327,PROD_HOME_PREMIUM,CH_MOBILE,,2021-10-30,882.12,1.0124,EXPIRED,
QUO_0000001815,CUST_00003328,PROD_LIFE_PREMIUM,CH_MOBILE,,2023-01-23,779.22,1.081,DECLINED,
QUO_0000001816,CUST_00003331,PROD_ACCIDENT_STANDARD,CH_MOBILE,,2026-06-07,225.85,1.1371,DECLINED,
QUO_0000001817,CUST_00003332,PROD_AUTO_PREMIUM,CH_MOBILE,,2025-09-27,1027.79,1.1757,SENT,
QUO_0000001818,CUST_00003335,PROD_PET_STANDARD,CH_MOBILE,,2026-06-27,370.96,1.2552,EXPIRED,
QUO_0000001819,CUST_00003336,PROD_TRAVEL_STANDARD,CH_EMAIL,,2025-12-17,134.9,1.0968,SENT,
QUO_0000001820,CUST_00003337,PROD_ACCIDENT_STANDARD,CH_MOBILE,,2023-03-03,221.71,1.0156,SENT,
QUO_0000001821,CUST_00003341,PROD_HOME_BASIC,CH_MOBILE,,2025-05-18,304.2,1.2546,EXPIRED,
QUO_0000001822,CUST_00003342,PROD_AUTO_STANDARD,CH_EMAIL,,2024-12-22,786.33,1.0612,SENT,
QUO_0000001823,CUST_00003343,PROD_ACCIDENT_STANDARD,CH_EMAIL,,2023-11-01,251.84,1.035,SENT,
QUO_0000001824,CUST_00003345,PROD_LIFE_PREMIUM,CH_CALL_CENTER,AGT_00084,2025-09-19,1000.03,1.1942,DECLINED,
QUO_0000001825,CUST_00003346,PROD_AUTO_BASIC,CH_EMAIL,,2026-06-21,577.04,1.0771,ACCEPTED,
QUO_0000001826,CUST_00003349,PROD_HEALTH_STANDARD,CH_EMAIL,,2025-02-18,1126.27,0.816,ACCEPTED,
QUO_0000001827,CUST_00003352,PROD_AUTO_STANDARD,CH_MOBILE,,2026-06-25,699.61,1.0885,SENT,
QUO_0000001828,CUST_00003353,PROD_AUTO_BASIC,CH_MOBILE,,2022-06-10,560.2,0.8604,EXPIRED,
QUO_0000001829,CUST_00003354,PROD_AUTO_PREMIUM,CH_EMAIL,,2026-02-22,1008.18,1.0263,DECLINED,
QUO_0000001830,CUST_00003357,PROD_LIFE_PREMIUM,CH_EMAIL,,2024-08-31,746.97,1.0089,DECLINED,
QUO_0000001831,CUST_00003363,PROD_LIFE_BASIC,CH_MOBILE,,2023-11-02,272.52,1.2341,SENT,
QUO_0000001832,CUST_00003364,PROD_HOME_PREMIUM,CH_MOBILE,,2025-03-17,777.19,0.9132,SENT,
QUO_0000001833,CUST_00003365,PROD_HEALTH_PREMIUM,CH_MOBILE,,2025-07-28,1491.52,0.9465,SENT,
QUO_0000001834,CUST_00003370,PROD_HEALTH_STANDARD,CH_EMAIL,,2026-01-04,1059.2,0.9197,SENT,
QUO_0000001835,CUST_00003371,PROD_AUTO_BASIC,CH_CALL_CENTER,AGT_00114,2024-07-02,513.88,1.0735,EXPIRED,
QUO_0000001836,CUST_00003374,PROD_AUTO_STANDARD,CH_MOBILE,,2022-10-22,875.6,0.8711,DECLINED,
QUO_0000001837,CUST_00003375,PROD_HEALTH_PREMIUM,CH_EMAIL,,2026-03-03,1536.59,0.9708,SENT,
QUO_0000001838,CUST_00003376,PROD_HEALTH_PREMIUM,CH_EMAIL,,2025-11-18,1433.51,0.9089,SENT,
QUO_0000001839,CUST_00003378,PROD_LIFE_PREMIUM,CH_EMAIL,,2020-07-22,817.19,1.1315,SENT,
QUO_0000001840,CUST_00003379,PROD_AUTO_STANDARD,CH_MOBILE,,2023-04-01,698.78,0.9071,EXPIRED,
QUO_0000001841,CUST_00003380,PROD_HOME_BASIC,CH_EMAIL,,2024-03-21,266.66,1.0035,SENT,
QUO_0000001842,CUST_00003381,PROD_LIFE_BASIC,CH_EMAIL,,2025-01-04,230.19,0.9993,ACCEPTED,
QUO_0000001843,CUST_00003382,PROD_HOME_PREMIUM,CH_BROKER,,2025-11-23,710.27,1.087,SENT,
QUO_0000001844,CUST_00003383,PROD_AUTO_PREMIUM,CH_EMAIL,,2026-02-14,1027.39,1.1353,DECLINED,
QUO_0000001845,CUST_00003384,PROD_LIFE_PREMIUM,CH_EMAIL,,2023-08-13,920.31,0.9601,DECLINED,
QUO_0000001846,CUST_00003385,PROD_AUTO_PREMIUM,CH_MOBILE,,2024-08-03,1014.82,1.1033,DECLINED,
QUO_0000001847,CUST_00003386,PROD_HEALTH_BASIC,CH_EMAIL,,2025-06-28,704.85,0.9052,SENT,
QUO_0000001848,CUST_00003391,PROD_AUTO_STANDARD,CH_EMAIL,,2022-12-13,892.1,0.8457,DECLINED,
QUO_0000001849,CUST_00003393,PROD_HOME_BASIC,CH_MOBILE,,2026-03-24,273.47,1.0284,DECLINED,
QUO_0000001850,CUST_00003399,PROD_LIFE_PREMIUM,CH_EMAIL,,2025-11-21,876.09,0.8572,EXPIRED,
QUO_0000001851,CUST_00003400,PROD_AUTO_STANDARD,CH_MOBILE,,2024-12-23,853.15,0.9673,DECLINED,
QUO_0000001852,CUST_00003402,PROD_AUTO_STANDARD,CH_MOBILE,,2023-05-01,812.59,1.0387,DECLINED,
QUO_0000001853,CUST_00003403,PROD_AUTO_BASIC,CH_MOBILE,,2025-03-18,574.16,0.9573,ACCEPTED,
QUO_0000001854,CUST_00003404,PROD_AUTO_BASIC,CH_EMAIL,,2024-10-23,514.96,0.8945,DECLINED,
QUO_0000001855,CUST_00003408,PROD_LIFE_STANDARD,CH_EMAIL,,2024-12-22,488.38,0.9976,SENT,
QUO_0000001856,CUST_00003409,PROD_HEALTH_BASIC,CH_MOBILE,,2024-01-07,608.28,0.8941,DECLINED,
QUO_0000001857,CUST_00003410,PROD_TRAVEL_STANDARD,CH_MOBILE,,2025-05-13,124.7,0.8824,EXPIRED,
QUO_0000001858,CUST_00003411,PROD_HEALTH_STANDARD,CH_EMAIL,,2024-11-21,1090.57,0.7203,DECLINED,
QUO_0000001859,CUST_00003412,PROD_LIFE_BASIC,CH_EMAIL,,2026-06-05,217.24,1.1771,DECLINED,
QUO_0000001860,CUST_00003416,PROD_LIFE_PREMIUM,CH_EMAIL,,2025-06-27,910.46,1.1089,SENT,
QUO_0000001861,CUST_00003417,PROD_LIFE_PREMIUM,CH_EMAIL,,2025-01-18,733.41,0.939,ACCEPTED,
QUO_0000001862,CUST_00003419,PROD_HEALTH_STANDARD,CH_EMAIL,,2022-06-25,1137.44,0.9652,DECLINED,
QUO_0000001863,CUST_00003420,PROD_HEALTH_PREMIUM,CH_MOBILE,,2026-03-17,1744.27,0.9029,DECLINED,
QUO_0000001864,CUST_00003421,PROD_PET_STANDARD,CH_MOBILE,,2025-10-03,340.05,1.0541,DECLINED,
QUO_0000001865,CUST_00003424,PROD_LIFE_PREMIUM,CH_MOBILE,,2024-05-04,971.29,1.1422,DECLINED,
QUO_0000001866,CUST_00003425,PROD_HEALTH_BASIC,CH_MOBILE,,2026-02-23,751.32,1.0253,EXPIRED,
QUO_0000001867,CUST_00003427,PROD_AUTO_STANDARD,CH_MOBILE,,2025-04-17,783.8,0.9156,DECLINED,
QUO_0000001868,CUST_00003429,PROD_LIFE_STANDARD,CH_MOBILE,,2023-01-20,462.17,1.1371,DECLINED,
QUO_0000001869,CUST_00003432,PROD_AUTO_BASIC,CH_MOBILE,,2024-10-17,512.99,1.0158,DECLINED,
QUO_0000001870,CUST_00003433,PROD_LIFE_BASIC,CH_MOBILE,,2026-01-21,250.62,0.875,ACCEPTED,
QUO_0000001871,CUST_00003438,PROD_HEALTH_STANDARD,CH_EMAIL,,2024-12-28,911.97,0.8992,SENT,
QUO_0000001872,CUST_00003442,PROD_HOME_BASIC,CH_EMAIL,,2026-01-24,267.21,1.015,ACCEPTED,
QUO_0000001873,CUST_00003443,PROD_LIFE_STANDARD,CH_EMAIL,,2022-08-19,466.18,0.957,DECLINED,
QUO_0000001874,CUST_00003446,PROD_HEALTH_BASIC,CH_EMAIL,,2025-06-21,739.64,0.8449,SENT,
QUO_0000001875,CUST_00003447,PROD_ACCIDENT_STANDARD,CH_MOBILE,,2022-11-26,242.83,0.9149,SENT,
QUO_0000001876,CUST_00003449,PROD_AUTO_STANDARD,CH_EMAIL,,2023-02-01,685.99,0.9096,DECLINED,
QUO_0000001877,CUST_00003450,PROD_HOME_BASIC,CH_EMAIL,,2026-02-17,343.19,0.9983,DECLINED,
QUO_0000001878,CUST_00003453,PROD_ACCIDENT_STANDARD,CH_MOBILE,,2021-01-27,243.55,1.0063,ACCEPTED,
QUO_0000001879,CUST_00003458,PROD_AUTO_BASIC,CH_EMAIL,,2021-11-05,490.64,1.2085,ACCEPTED,
QUO_0000001880,CUST_00003459,PROD_HOME_PREMIUM,CH_MOBILE,,2022-09-01,840.8,1.0942,SENT,
QUO_0000001881,CUST_00003460,PROD_AUTO_PREMIUM,CH_EMAIL,,2025-08-18,1143.94,0.8557,DECLINED,
QUO_0000001882,CUST_00003461,PROD_HEALTH_PREMIUM,CH_EMAIL,,2026-02-15,1712.59,0.7436,EXPIRED,
QUO_0000001883,CUST_00003464,PROD_HOME_STANDARD,CH_MOBILE,,2026-05-31,466.96,1.0495,DECLINED,
QUO_0000001884,CUST_00003466,PROD_HEALTH_STANDARD,CH_MOBILE,,2026-03-16,1017.21,0.8783,EXPIRED,
QUO_0000001885,CUST_00003467,PROD_HOME_STANDARD,CH_EMAIL,,2026-02-18,485.75,0.8363,ACCEPTED,
QUO_0000001886,CUST_00003468,PROD_HOME_PREMIUM,CH_EMAIL,,2022-01-29,707.18,0.9983,SENT,
QUO_0000001887,CUST_00003469,PROD_AUTO_STANDARD,CH_MOBILE,,2025-10-30,759.05,0.8532,ACCEPTED,
QUO_0000001888,CUST_00003472,PROD_HOME_PREMIUM,CH_EMAIL,,2025-11-13,684.89,0.9595,DECLINED,
QUO_0000001889,CUST_00003473,PROD_HEALTH_BASIC,CH_MOBILE,,2026-02-04,757.79,1.1249,SENT,
QUO_0000001890,CUST_00003475,PROD_ACCIDENT_STANDARD,CH_EMAIL,,2021-08-14,214.35,1.1038,ACCEPTED,
QUO_0000001891,CUST_00003479,PROD_AUTO_STANDARD,CH_EMAIL,,2024-10-25,761.91,1.0948,DECLINED,
QUO_0000001892,CUST_00003480,PROD_LIFE_STANDARD,CH_EMAIL,,2024-07-01,464.49,0.9366,SENT,
QUO_0000001893,CUST_00003481,PROD_HEALTH_BASIC,CH_EMAIL,,2025-07-11,641.78,1.0635,SENT,
QUO_0000001894,CUST_00003482,PROD_TRAVEL_STANDARD,CH_EMAIL,,2024-11-01,169.0,0.9762,DECLINED,
QUO_0000001895,CUST_00003485,PROD_TRAVEL_STANDARD,CH_MOBILE,,2024-10-31,125.79,1.1098,EXPIRED,
QUO_0000001896,CUST_00003486,PROD_LIFE_STANDARD,CH_MOBILE,,2025-11-01,484.34,1.0818,DECLINED,
QUO_0000001897,CUST_00003487,PROD_LIFE_BASIC,CH_EMAIL,,2025-01-20,275.45,1.0374,ACCEPTED,
QUO_0000001898,CUST_00003489,PROD_PET_STANDARD,CH_MOBILE,,2026-06-20,311.75,0.8643,DECLINED,
QUO_0000001899,CUST_00003490,PROD_ACCIDENT_STANDARD,CH_CALL_CENTER,AGT_00154,2025-11-15,209.03,1.0157,DECLINED,
QUO_0000001900,CUST_00003492,PROD_HOME_STANDARD,CH_MOBILE,,2025-10-18,547.33,0.9295,SENT,
QUO_0000001901,CUST_00003493,PROD_AUTO_STANDARD,CH_MOBILE,,2026-01-25,764.62,0.7414,DECLINED,
QUO_0000001902,CUST_00003495,PROD_LIFE_STANDARD,CH_EMAIL,,2025-05-18,464.31,1.0317,DECLINED,
QUO_0000001903,CUST_00003496,PROD_AUTO_STANDARD,CH_EMAIL,,2026-03-02,868.87,0.8952,EXPIRED,
QUO_0000001904,CUST_00003497,PROD_PET_STANDARD,CH_EMAIL,,2026-01-02,329.57,0.8631,SENT,
QUO_0000001905,CUST_00003498,PROD_ACCIDENT_STANDARD,CH_MOBILE,,2023-07-02,212.37,1.0056,ACCEPTED,
QUO_0000001906,CUST_00003500,PROD_HOME_STANDARD,CH_EMAIL,,2025-10-25,536.71,0.9475,EXPIRED,
QUO_0000001907,CUST_00003503,PROD_AUTO_STANDARD,CH_CALL_CENTER,AGT_00154,2024-10-02,752.9,0.9806,SENT,
QUO_0000001908,CUST_00003504,PROD_AUTO_BASIC,CH_EMAIL,,2025-05-21,571.97,1.2022,ACCEPTED,
QUO_0000001909,CUST_00003509,PROD_HEALTH_STANDARD,CH_MOBILE,,2023-06-18,1043.19,1.0234,EXPIRED,
QUO_0000001910,CUST_00003510,PROD_HOME_BASIC,CH_MOBILE,,2025-07-22,338.15,1.1075,SENT,
QUO_0000001911,CUST_00003511,PROD_PET_STANDARD,CH_EMAIL,,2022-08-31,377.64,0.7414,SENT,
QUO_0000001912,CUST_00003513,PROD_LIFE_PREMIUM,CH_EMAIL,,2025-04-08,850.22,0.9406,ACCEPTED,
QUO_0000001913,CUST_00003514,PROD_HOME_BASIC,CH_EMAIL,,2023-07-31,353.12,1.1205,ACCEPTED,
QUO_0000001914,CUST_00003515,PROD_LIFE_BASIC,CH_EMAIL,,2023-03-26,265.75,1.2158,DECLINED,
QUO_0000001915,CUST_00003517,PROD_HOME_PREMIUM,CH_MOBILE,,2022-08-11,830.06,0.8776,ACCEPTED,
QUO_0000001916,CUST_00003521,PROD_LIFE_BASIC,CH_CALL_CENTER,AGT_00121,2025-05-11,220.04,0.8357,DECLINED,
QUO_0000001917,CUST_00003526,PROD_HEALTH_STANDARD,CH_EMAIL,,2026-04-25,878.54,0.9051,DECLINED,
QUO_0000001918,CUST_00003527,PROD_HEALTH_STANDARD,CH_EMAIL,,2025-09-27,978.0,1.0256,SENT,
QUO_0000001919,CUST_00003529,PROD_AUTO_STANDARD,CH_MOBILE,,2024-12-26,772.97,0.9666,DECLINED,
QUO_0000001920,CUST_00003532,PROD_LIFE_STANDARD,CH_EMAIL,,2026-05-12,404.46,0.8254,SENT,
QUO_0000001921,CUST_00003534,PROD_TRAVEL_STANDARD,CH_MOBILE,,2022-09-21,154.22,1.03,DECLINED,
QUO_0000001922,CUST_00003536,PROD_AUTO_BASIC,CH_MOBILE,,2026-06-22,498.1,0.7344,DECLINED,
QUO_0000001923,CUST_00003538,PROD_AUTO_BASIC,CH_EMAIL,,2025-03-03,469.69,1.0011,ACCEPTED,
QUO_0000001924,CUST_00003539,PROD_HEALTH_PREMIUM,CH_MOBILE,,2022-02-26,1295.93,0.9129,DECLINED,
QUO_0000001925,CUST_00003541,PROD_HOME_STANDARD,CH_MOBILE,,2020-12-08,512.71,1.0714,EXPIRED,
QUO_0000001926,CUST_00003545,PROD_HEALTH_STANDARD,CH_EMAIL,,2024-11-18,1015.56,1.2739,SENT,
QUO_0000001927,CUST_00003549,PROD_AUTO_PREMIUM,CH_EMAIL,,2026-02-05,1253.64,0.9411,EXPIRED,
QUO_0000001928,CUST_00003551,PROD_HEALTH_PREMIUM,CH_EMAIL,,2025-03-09,1304.19,1.04,SENT,
QUO_0000001929,CUST_00003552,PROD_AUTO_STANDARD,CH_MOBILE,,2024-12-25,664.06,0.909,ACCEPTED,
QUO_0000001930,CUST_00003554,PROD_HOME_STANDARD,CH_MOBILE,,2022-11-21,544.46,0.9045,SENT,
QUO_0000001931,CUST_00003555,PROD_HEALTH_PREMIUM,CH_MOBILE,,2026-04-24,1595.79,0.9934,ACCEPTED,
QUO_0000001932,CUST_00003556,PROD_HEALTH_BASIC,CH_MOBILE,,2023-05-06,589.94,0.9324,DECLINED,
QUO_0000001933,CUST_00003557,PROD_LIFE_PREMIUM,CH_EMAIL,,2024-03-03,993.9,0.8455,ACCEPTED,
QUO_0000001934,CUST_00003559,PROD_HEALTH_STANDARD,CH_EMAIL,,2026-05-05,863.09,1.0049,DECLINED,
QUO_0000001935,CUST_00003561,PROD_LIFE_PREMIUM,CH_MOBILE,,2024-10-05,929.19,0.9294,DECLINED,
QUO_0000001936,CUST_00003563,PROD_AUTO_STANDARD,CH_MOBILE,,2024-09-17,702.61,0.946,SENT,
QUO_0000001937,CUST_00003567,PROD_HOME_PREMIUM,CH_MOBILE,,2024-05-21,818.72,1.2335,DECLINED,
QUO_0000001938,CUST_00003568,PROD_AUTO_BASIC,CH_MOBILE,,2025-02-11,606.92,1.0342,EXPIRED,
QUO_0000001939,CUST_00003569,PROD_AUTO_PREMIUM,CH_EMAIL,,2024-04-23,1154.97,1.0922,EXPIRED,
QUO_0000001940,CUST_00003570,PROD_AUTO_STANDARD,CH_EMAIL,,2025-12-09,660.47,0.9451,DECLINED,
QUO_0000001941,CUST_00003574,PROD_LIFE_STANDARD,CH_MOBILE,,2022-03-09,436.52,1.1646,ACCEPTED,
QUO_0000001942,CUST_00003576,PROD_HEALTH_STANDARD,CH_MOBILE,,2023-06-07,912.88,1.0219,DECLINED,
QUO_0000001943,CUST_00003578,PROD_HOME_PREMIUM,CH_EMAIL,,2026-04-19,731.72,1.0867,SENT,
QUO_0000001944,CUST_00003579,PROD_HOME_PREMIUM,CH_MOBILE,,2026-02-03,738.4,1.0311,EXPIRED,
QUO_0000001945,CUST_00003582,PROD_HEALTH_PREMIUM,CH_EMAIL,,2026-01-24,1607.81,0.8264,SENT,
QUO_0000001946,CUST_00003583,PROD_LIFE_PREMIUM,CH_EMAIL,,2026-03-03,987.97,1.0628,SENT,
QUO_0000001947,CUST_00003584,PROD_LIFE_BASIC,CH_MOBILE,,2023-10-15,267.4,0.9316,DECLINED,
QUO_0000001948,CUST_00003585,PROD_HOME_STANDARD,CH_EMAIL,,2024-10-18,492.33,1.0779,ACCEPTED,
QUO_0000001949,CUST_00003586,PROD_HEALTH_PREMIUM,CH_MOBILE,,2025-04-12,1341.93,0.8858,SENT,
QUO_0000001950,CUST_00003589,PROD_HEALTH_PREMIUM,CH_MOBILE,,2020-05-15,1667.63,0.8278,SENT,
QUO_0000001951,CUST_00003590,PROD_HOME_STANDARD,CH_EMAIL,,2023-03-16,527.87,1.0078,SENT,
QUO_0000001952,CUST_00003591,PROD_HOME_STANDARD,CH_MOBILE,,2025-10-16,559.04,0.9222,DECLINED,
QUO_0000001953,CUST_00003592,PROD_LIFE_BASIC,CH_MOBILE,,2026-03-30,233.68,1.0873,EXPIRED,
QUO_0000001954,CUST_00003593,PROD_AUTO_PREMIUM,CH_EMAIL,,2021-10-25,1243.95,0.967,SENT,
QUO_0000001955,CUST_00003600,PROD_LIFE_BASIC,CH_EMAIL,,2021-02-16,237.08,1.0313,ACCEPTED,
QUO_0000001956,CUST_00003602,PROD_ACCIDENT_STANDARD,CH_MOBILE,,2024-04-08,201.54,0.9331,DECLINED,
QUO_0000001957,CUST_00003604,PROD_TRAVEL_STANDARD,CH_EMAIL,,2022-10-12,157.77,1.0411,DECLINED,
QUO_0000001958,CUST_00003605,PROD_HOME_STANDARD,CH_MOBILE,,2025-04-05,429.91,0.9572,EXPIRED,
QUO_0000001959,CUST_00003608,PROD_ACCIDENT_STANDARD,CH_MOBILE,,2024-09-02,266.16,0.9201,EXPIRED,
QUO_0000001960,CUST_00003609,PROD_HOME_PREMIUM,CH_EMAIL,,2023-11-14,879.03,0.9945,SENT,
QUO_0000001961,CUST_00003610,PROD_PET_STANDARD,CH_MOBILE,,2024-07-11,330.44,1.1017,EXPIRED,
QUO_0000001962,CUST_00003612,PROD_LIFE_PREMIUM,CH_EMAIL,,2025-08-22,902.65,0.9452,DECLINED,
QUO_0000001963,CUST_00003613,PROD_HOME_PREMIUM,CH_EMAIL,,2026-05-15,831.07,0.9738,SENT,
QUO_0000001964,CUST_00003614,PROD_LIFE_PREMIUM,CH_EMAIL,,2025-01-04,841.2,1.13,EXPIRED,
QUO_0000001965,CUST_00003619,PROD_HEALTH_BASIC,CH_EMAIL,,2025-10-06,785.91,0.9965,SENT,
QUO_0000001966,CUST_00003620,PROD_LIFE_BASIC,CH_MOBILE,,2021-05-04,236.52,0.8806,EXPIRED,
QUO_0000001967,CUST_00003624,PROD_AUTO_STANDARD,CH_PARTNER,,2026-03-18,879.03,1.1357,EXPIRED,
QUO_0000001968,CUST_00003625,PROD_HOME_BASIC,CH_EMAIL,,2026-04-07,272.87,0.7313,SENT,
QUO_0000001969,CUST_00003626,PROD_HEALTH_PREMIUM,CH_EMAIL,,2022-07-30,1681.6,0.9266,EXPIRED,
QUO_0000001970,CUST_00003627,PROD_HOME_BASIC,CH_MOBILE,,2026-04-24,356.89,0.9666,ACCEPTED,
QUO_0000001971,CUST_00003629,PROD_TRAVEL_STANDARD,CH_EMAIL,,2026-06-06,161.0,1.0641,SENT,
QUO_0000001972,CUST_00003634,PROD_HOME_BASIC,CH_MOBILE,,2026-01-21,347.74,0.9415,DECLINED,
QUO_0000001973,CUST_00003636,PROD_AUTO_STANDARD,CH_EMAIL,,2026-04-20,700.44,0.8962,DECLINED,
QUO_0000001974,CUST_00003637,PROD_AUTO_BASIC,CH_MOBILE,,2025-08-27,464.39,1.1532,SENT,
QUO_0000001975,CUST_00003640,PROD_HOME_PREMIUM,CH_MOBILE,,2026-06-08,712.44,1.1178,DECLINED,
QUO_0000001976,CUST_00003641,PROD_LIFE_PREMIUM,CH_MOBILE,,2026-04-27,968.42,0.9386,SENT,
QUO_0000001977,CUST_00003643,PROD_HEALTH_BASIC,CH_EMAIL,,2024-06-09,625.41,0.8898,EXPIRED,
QUO_0000001978,CUST_00003645,PROD_TRAVEL_STANDARD,CH_EMAIL,,2026-01-15,159.44,0.96,SENT,
QUO_0000001979,CUST_00003647,PROD_LIFE_PREMIUM,CH_EMAIL,,2024-09-18,746.8,0.9779,DECLINED,
QUO_0000001980,CUST_00003648,PROD_ACCIDENT_STANDARD,CH_EMAIL,,2026-02-13,215.34,1.0829,DECLINED,
QUO_0000001981,CUST_00003649,PROD_HEALTH_STANDARD,CH_CALL_CENTER,AGT_00016,2024-10-15,1067.33,1.0294,EXPIRED,
QUO_0000001982,CUST_00003650,PROD_AUTO_STANDARD,CH_BRANCH,AGT_00147,2023-03-18,681.75,1.1821,DECLINED,
QUO_0000001983,CUST_00003651,PROD_LIFE_STANDARD,CH_MOBILE,,2022-06-29,459.05,0.9102,SENT,
QUO_0000001984,CUST_00003652,PROD_HEALTH_STANDARD,CH_EMAIL,,2024-03-03,951.52,0.9695,ACCEPTED,
QUO_0000001985,CUST_00003653,PROD_HOME_BASIC,CH_MOBILE,,2024-11-19,328.21,1.027,SENT,
QUO_0000001986,CUST_00003654,PROD_LIFE_PREMIUM,CH_EMAIL,,2025-04-06,739.13,1.0633,DECLINED,
QUO_0000001987,CUST_00003655,PROD_LIFE_BASIC,CH_EMAIL,,2022-09-14,251.47,1.0431,SENT,
QUO_0000001988,CUST_00003656,PROD_AUTO_BASIC,CH_MOBILE,,2021-08-26,592.89,1.0385,ACCEPTED,
QUO_0000001989,CUST_00003657,PROD_AUTO_PREMIUM,CH_EMAIL,,2020-11-09,1110.94,0.9416,DECLINED,
QUO_0000001990,CUST_00003658,PROD_HEALTH_BASIC,CH_MOBILE,,2026-01-22,593.04,0.903,DECLINED,
QUO_0000001991,CUST_00003659,PROD_PET_STANDARD,CH_EMAIL,,2025-01-15,341.27,0.7394,DECLINED,
QUO_0000001992,CUST_00003663,PROD_AUTO_PREMIUM,CH_MOBILE,,2026-01-19,1166.84,1.1436,DECLINED,
QUO_0000001993,CUST_00003664,PROD_PET_STANDARD,CH_MOBILE,,2025-04-26,305.1,0.9897,SENT,
QUO_0000001994,CUST_00003665,PROD_HOME_STANDARD,CH_EMAIL,,2025-12-01,553.3,1.1526,EXPIRED,
QUO_0000001995,CUST_00003666,PROD_TRAVEL_STANDARD,CH_EMAIL,,2020-10-16,163.19,0.9854,DECLINED,
QUO_0000001996,CUST_00003667,PROD_HEALTH_STANDARD,CH_MOBILE,,2026-02-27,992.96,0.723,DECLINED,
QUO_0000001997,CUST_00003668,PROD_ACCIDENT_STANDARD,CH_EMAIL,,2024-11-20,237.33,1.1243,SENT,
QUO_0000001998,CUST_00003673,PROD_LIFE_STANDARD,CH_EMAIL,,2026-04-22,473.77,0.7329,DECLINED,
QUO_0000001999,CUST_00003674,PROD_LIFE_PREMIUM,CH_MOBILE,,2025-11-05,818.67,0.8041,EXPIRED,
QUO_0000002000,CUST_00003675,PROD_HOME_PREMIUM,CH_EMAIL,,2023-12-27,870.86,1.0438,EXPIRED,
QUO_0000002001,CUST_00003677,PROD_HOME_BASIC,CH_MOBILE,,2025-01-18,304.26,0.9275,SENT,
QUO_0000002002,CUST_00003678,PROD_LIFE_PREMIUM,CH_EMAIL,,2024-05-11,828.66,0.819,EXPIRED,
QUO_0000002003,CUST_00003679,PROD_LIFE_PREMIUM,CH_EMAIL,,2026-03-29,812.4,1.2511,DECLINED,
QUO_0000002004,CUST_00003683,PROD_AUTO_STANDARD,CH_EMAIL,,2026-06-12,758.57,0.8638,EXPIRED,
QUO_0000002005,CUST_00003684,PROD_HOME_BASIC,CH_EMAIL,,2025-04-30,335.69,1.0113,SENT,
QUO_0000002006,CUST_00003685,PROD_PET_STANDARD,CH_MOBILE,,2024-07-24,358.01,1.1048,SENT,
QUO_0000002007,CUST_00003686,PROD_LIFE_STANDARD,CH_EMAIL,,2024-09-17,374.61,1.1193,SENT,
QUO_0000002008,CUST_00003687,PROD_AUTO_PREMIUM,CH_MOBILE,,2024-11-24,1005.12,0.9587,SENT,
QUO_0000002009,CUST_00003688,PROD_HOME_STANDARD,CH_EMAIL,,2026-04-15,557.37,1.1795,ACCEPTED,
QUO_0000002010,CUST_00003689,PROD_HEALTH_BASIC,CH_EMAIL,,2024-11-29,746.56,1.0948,SENT,
QUO_0000002011,CUST_00003690,PROD_HOME_PREMIUM,CH_EMAIL,,2024-10-07,869.13,1.0163,DECLINED,
QUO_0000002012,CUST_00003691,PROD_ACCIDENT_STANDARD,CH_MOBILE,,2025-04-13,245.22,1.0477,DECLINED,
QUO_0000002013,CUST_00003692,PROD_TRAVEL_STANDARD,CH_EMAIL,,2025-11-16,159.41,1.2204,DECLINED,
QUO_0000002014,CUST_00003693,PROD_HOME_BASIC,CH_MOBILE,,2024-06-28,343.32,0.8964,ACCEPTED,
QUO_0000002015,CUST_00003695,PROD_LIFE_PREMIUM,CH_EMAIL,,2024-03-06,879.9,1.0144,DECLINED,
QUO_0000002016,CUST_00003697,PROD_AUTO_BASIC,CH_MOBILE,,2026-03-08,587.61,1.0328,DECLINED,
QUO_0000002017,CUST_00003698,PROD_AUTO_PREMIUM,CH_MOBILE,,2025-10-24,1207.92,0.928,ACCEPTED,
QUO_0000002018,CUST_00003699,PROD_HEALTH_STANDARD,CH_MOBILE,,2025-06-29,981.56,1.098,DECLINED,
QUO_0000002019,CUST_00003701,PROD_TRAVEL_STANDARD,CH_EMAIL,,2025-10-23,171.03,0.9852,SENT,
QUO_0000002020,CUST_00003703,PROD_AUTO_BASIC,CH_MOBILE,,2024-05-03,508.52,0.9878,DECLINED,
QUO_0000002021,CUST_00003705,PROD_LIFE_BASIC,CH_MOBILE,,2022-07-15,208.6,0.9116,DECLINED,
QUO_0000002022,CUST_00003706,PROD_ACCIDENT_STANDARD,CH_MOBILE,,2021-10-07,244.13,1.0861,EXPIRED,
QUO_0000002023,CUST_00003708,PROD_HOME_BASIC,CH_EMAIL,,2023-02-06,280.04,1.165,ACCEPTED,
QUO_0000002024,CUST_00003710,PROD_HOME_STANDARD,CH_EMAIL,,2024-07-24,527.27,0.9486,SENT,
QUO_0000002025,CUST_00003711,PROD_HOME_STANDARD,CH_MOBILE,,2026-06-15,442.24,0.9925,SENT,
QUO_0000002026,CUST_00003712,PROD_LIFE_STANDARD,CH_MOBILE,,2025-04-09,393.62,1.053,EXPIRED,
QUO_0000002027,CUST_00003714,PROD_TRAVEL_STANDARD,CH_EMAIL,,2023-09-26,153.12,0.915,EXPIRED,
QUO_0000002028,CUST_00003716,PROD_PET_STANDARD,CH_MOBILE,,2023-02-05,333.25,0.8908,DECLINED,
QUO_0000002029,CUST_00003717,PROD_HEALTH_PREMIUM,CH_EMAIL,,2025-11-05,1592.56,1.0915,EXPIRED,
QUO_0000002030,CUST_00003721,PROD_HOME_BASIC,CH_EMAIL,,2025-05-14,331.24,0.9616,SENT,
QUO_0000002031,CUST_00003724,PROD_HOME_STANDARD,CH_EMAIL,,2022-01-24,425.09,1.2037,ACCEPTED,
QUO_0000002032,CUST_00003728,PROD_ACCIDENT_STANDARD,CH_EMAIL,,2021-07-21,242.51,0.901,SENT,
QUO_0000002033,CUST_00003729,PROD_LIFE_PREMIUM,CH_EMAIL,,2025-12-12,947.86,0.8017,SENT,
QUO_0000002034,CUST_00003730,PROD_HOME_PREMIUM,CH_MOBILE,,2026-02-15,887.77,1.0534,DECLINED,
QUO_0000002035,CUST_00003731,PROD_ACCIDENT_STANDARD,CH_MOBILE,,2026-05-15,236.6,0.749,EXPIRED,
QUO_0000002036,CUST_00003733,PROD_HEALTH_STANDARD,CH_EMAIL,,2025-02-08,952.8,1.0513,ACCEPTED,
QUO_0000002037,CUST_00003734,PROD_HOME_STANDARD,CH_EMAIL,,2025-10-05,484.42,1.2012,ACCEPTED,
QUO_0000002038,CUST_00003737,PROD_LIFE_STANDARD,CH_EMAIL,,2024-07-12,435.39,0.7894,EXPIRED,
QUO_0000002039,CUST_00003738,PROD_AUTO_PREMIUM,CH_EMAIL,,2023-12-07,1219.56,0.7858,DECLINED,
QUO_0000002040,CUST_00003739,PROD_HOME_STANDARD,CH_EMAIL,,2026-01-26,476.53,0.8704,SENT,
QUO_0000002041,CUST_00003748,PROD_HOME_STANDARD,CH_BRANCH,AGT_00162,2025-03-05,436.68,1.0386,DECLINED,
QUO_0000002042,CUST_00003749,PROD_LIFE_STANDARD,CH_CALL_CENTER,AGT_00142,2024-06-25,427.27,0.9959,ACCEPTED,
QUO_0000002043,CUST_00003750,PROD_AUTO_PREMIUM,CH_EMAIL,,2024-10-05,1218.0,0.9445,DECLINED,
QUO_0000002044,CUST_00003752,PROD_ACCIDENT_STANDARD,CH_MOBILE,,2026-05-21,231.88,0.8283,SENT,
QUO_0000002045,CUST_00003753,PROD_AUTO_PREMIUM,CH_MOBILE,,2025-09-15,1003.09,0.969,SENT,
QUO_0000002046,CUST_00003756,PROD_ACCIDENT_STANDARD,CH_EMAIL,,2025-09-04,253.19,1.1239,SENT,
QUO_0000002047,CUST_00003757,PROD_HOME_PREMIUM,CH_MOBILE,,2024-12-08,816.79,0.7272,DECLINED,
QUO_0000002048,CUST_00003758,PROD_ACCIDENT_STANDARD,CH_EMAIL,,2025-08-04,230.42,0.93,EXPIRED,
QUO_0000002049,CUST_00003759,PROD_HEALTH_BASIC,CH_EMAIL,,2025-07-04,795.0,0.8688,EXPIRED,
QUO_0000002050,CUST_00003762,PROD_PET_STANDARD,CH_EMAIL,,2025-09-24,372.39,0.9808,EXPIRED,
QUO_0000002051,CUST_00003767,PROD_AUTO_PREMIUM,CH_EMAIL,,2025-05-03,1086.94,1.2037,SENT,
QUO_0000002052,CUST_00003768,PROD_HEALTH_PREMIUM,CH_EMAIL,,2022-03-07,1738.41,0.9229,DECLINED,
QUO_0000002053,CUST_00003770,PROD_HEALTH_STANDARD,CH_EMAIL,,2024-05-20,963.63,0.6949,SENT,
QUO_0000002054,CUST_00003773,PROD_LIFE_BASIC,CH_MOBILE,,2023-12-19,275.34,0.9201,DECLINED,
QUO_0000002055,CUST_00003775,PROD_HEALTH_STANDARD,CH_EMAIL,,2025-01-22,1006.7,0.7142,SENT,
QUO_0000002056,CUST_00003776,PROD_TRAVEL_STANDARD,CH_MOBILE,,2025-07-28,152.39,0.8481,DECLINED,
QUO_0000002057,CUST_00003778,PROD_AUTO_PREMIUM,CH_MOBILE,,2022-07-25,970.14,1.074,SENT,
QUO_0000002058,CUST_00003779,PROD_AUTO_BASIC,CH_MOBILE,,2025-05-23,570.33,1.0021,DECLINED,
QUO_0000002059,CUST_00003780,PROD_HEALTH_BASIC,CH_EMAIL,,2022-09-13,758.98,0.9274,DECLINED,
QUO_0000002060,CUST_00003781,PROD_PET_STANDARD,CH_EMAIL,,2025-03-22,339.82,1.0311,DECLINED,
QUO_0000002061,CUST_00003782,PROD_LIFE_PREMIUM,CH_EMAIL,,2025-05-02,946.11,0.9247,DECLINED,
QUO_0000002062,CUST_00003783,PROD_HEALTH_STANDARD,CH_EMAIL,,2024-05-27,966.08,1.0761,SENT,
QUO_0000002063,CUST_00003784,PROD_LIFE_BASIC,CH_MOBILE,,2025-05-28,238.87,0.8253,ACCEPTED,
QUO_0000002064,CUST_00003786,PROD_HEALTH_BASIC,CH_EMAIL,,2025-11-12,607.56,1.1577,DECLINED,
QUO_0000002065,CUST_00003788,PROD_HEALTH_PREMIUM,CH_MOBILE,,2026-06-19,1424.72,0.9607,EXPIRED,
QUO_0000002066,CUST_00003790,PROD_HOME_BASIC,CH_MOBILE,,2024-07-17,280.97,0.7379,DECLINED,
QUO_0000002067,CUST_00003792,PROD_HOME_STANDARD,CH_EMAIL,,2024-06-25,454.14,0.9392,DECLINED,
QUO_0000002068,CUST_00003794,PROD_AUTO_STANDARD,CH_EMAIL,,2024-10-27,811.79,0.9092,DECLINED,
QUO_0000002069,CUST_00003795,PROD_TRAVEL_STANDARD,CH_EMAIL,,2023-08-22,168.79,1.0885,DECLINED,
QUO_0000002070,CUST_00003796,PROD_LIFE_STANDARD,CH_EMAIL,,2024-05-25,474.47,1.0483,EXPIRED,
QUO_0000002071,CUST_00003797,PROD_LIFE_PREMIUM,CH_EMAIL,,2025-09-24,763.4,0.7113,DECLINED,
QUO_0000002072,CUST_00003798,PROD_HEALTH_PREMIUM,CH_EMAIL,,2025-06-06,1516.2,0.9258,ACCEPTED,
QUO_0000002073,CUST_00003799,PROD_LIFE_BASIC,CH_MOBILE,,2026-02-02,218.56,1.037,DECLINED,
QUO_0000002074,CUST_00003801,PROD_HEALTH_PREMIUM,CH_MOBILE,,2024-10-15,1413.86,1.0822,DECLINED,
QUO_0000002075,CUST_00003803,PROD_AUTO_BASIC,CH_MOBILE,,2026-05-28,533.81,1.0318,SENT,
QUO_0000002076,CUST_00003804,PROD_HEALTH_STANDARD,CH_MOBILE,,2024-03-24,908.75,1.0588,EXPIRED,
QUO_0000002077,CUST_00003805,PROD_TRAVEL_STANDARD,CH_MOBILE,,2026-02-25,152.84,1.0605,SENT,
QUO_0000002078,CUST_00003807,PROD_PET_STANDARD,CH_EMAIL,,2024-07-04,368.34,0.8833,DECLINED,
QUO_0000002079,CUST_00003809,PROD_PET_STANDARD,CH_EMAIL,,2026-02-19,318.32,0.8684,SENT,
QUO_0000002080,CUST_00003810,PROD_HEALTH_BASIC,CH_EMAIL,,2025-05-04,717.25,0.833,SENT,
QUO_0000002081,CUST_00003812,PROD_PET_STANDARD,CH_MOBILE,,2025-02-26,333.18,1.0436,SENT,
QUO_0000002082,CUST_00003813,PROD_HOME_PREMIUM,CH_MOBILE,,2026-02-27,782.15,1.1335,DECLINED,
QUO_0000002083,CUST_00003814,PROD_LIFE_BASIC,CH_EMAIL,,2026-02-20,215.93,0.9293,SENT,
QUO_0000002084,CUST_00003815,PROD_HEALTH_PREMIUM,CH_BRANCH,AGT_00121,2024-10-14,1306.95,1.0062,SENT,
QUO_0000002085,CUST_00003816,PROD_AUTO_STANDARD,CH_MOBILE,,2025-08-12,759.67,0.8247,SENT,
QUO_0000002086,CUST_00003817,PROD_HEALTH_BASIC,CH_MOBILE,,2024-03-25,585.7,1.2213,DECLINED,
QUO_0000002087,CUST_00003819,PROD_AUTO_BASIC,CH_MOBILE,,2021-05-06,523.76,0.9932,SENT,
QUO_0000002088,CUST_00003820,PROD_PET_STANDARD,CH_EMAIL,,2024-07-06,374.04,1.0404,SENT,
QUO_0000002089,CUST_00003827,PROD_LIFE_BASIC,CH_MOBILE,,2026-03-12,277.45,1.0164,DECLINED,
QUO_0000002090,CUST_00003828,PROD_HOME_PREMIUM,CH_EMAIL,,2026-03-27,851.7,1.3025,SENT,
QUO_0000002091,CUST_00003829,PROD_AUTO_BASIC,CH_EMAIL,,2022-04-11,475.15,0.9781,EXPIRED,
QUO_0000002092,CUST_00003831,PROD_PET_STANDARD,CH_EMAIL,,2025-09-09,395.25,0.9379,EXPIRED,
QUO_0000002093,CUST_00003833,PROD_HEALTH_BASIC,CH_EMAIL,,2023-05-10,672.54,0.879,SENT,
QUO_0000002094,CUST_00003834,PROD_AUTO_PREMIUM,CH_MOBILE,,2023-07-18,1270.65,0.996,DECLINED,
QUO_0000002095,CUST_00003836,PROD_LIFE_STANDARD,CH_MOBILE,,2025-05-23,372.58,0.8745,SENT,
QUO_0000002096,CUST_00003838,PROD_LIFE_BASIC,CH_EMAIL,,2025-12-05,206.71,0.7599,DECLINED,
QUO_0000002097,CUST_00003839,PROD_LIFE_PREMIUM,CH_EMAIL,,2025-05-03,846.1,1.2237,DECLINED,
QUO_0000002098,CUST_00003841,PROD_HOME_PREMIUM,CH_EMAIL,,2023-07-26,744.75,1.0723,EXPIRED,
QUO_0000002099,CUST_00003842,PROD_HOME_PREMIUM,CH_MOBILE,,2026-01-14,843.36,0.9462,EXPIRED,
QUO_0000002100,CUST_00003843,PROD_HOME_STANDARD,CH_MOBILE,,2026-05-25,446.61,1.166,SENT,
QUO_0000002101,CUST_00003846,PROD_LIFE_BASIC,CH_EMAIL,,2024-10-19,215.75,0.8669,ACCEPTED,
QUO_0000002102,CUST_00003849,PROD_HEALTH_STANDARD,CH_EMAIL,,2025-08-08,1081.71,0.9653,SENT,
QUO_0000002103,CUST_00003850,PROD_HOME_BASIC,CH_EMAIL,,2026-01-01,356.33,1.004,EXPIRED,
QUO_0000002104,CUST_00003852,PROD_HOME_PREMIUM,CH_EMAIL,,2025-07-16,807.37,1.0853,DECLINED,
QUO_0000002105,CUST_00003853,PROD_HOME_BASIC,CH_EMAIL,,2025-05-20,270.34,0.9479,SENT,
QUO_0000002106,CUST_00003854,PROD_TRAVEL_STANDARD,CH_EMAIL,,2025-08-18,136.88,0.8855,SENT,
QUO_0000002107,CUST_00003855,PROD_AUTO_PREMIUM,CH_EMAIL,,2024-11-07,1071.67,1.2098,EXPIRED,
QUO_0000002108,CUST_00003856,PROD_HOME_PREMIUM,CH_EMAIL,,2026-01-11,827.09,1.1164,DECLINED,
QUO_0000002109,CUST_00003857,PROD_HOME_PREMIUM,CH_MOBILE,,2026-01-31,665.5,1.1776,EXPIRED,
QUO_0000002110,CUST_00003859,PROD_HEALTH_PREMIUM,CH_EMAIL,,2024-07-23,1594.03,0.8707,SENT,
QUO_0000002111,CUST_00003860,PROD_HEALTH_BASIC,CH_EMAIL,,2024-07-14,688.44,1.1563,DECLINED,
QUO_0000002112,CUST_00003861,PROD_HEALTH_STANDARD,CH_EMAIL,,2025-12-16,965.68,1.155,DECLINED,
QUO_0000002113,CUST_00003862,PROD_HOME_STANDARD,CH_EMAIL,,2026-03-03,520.74,0.9554,DECLINED,
QUO_0000002114,CUST_00003865,PROD_LIFE_STANDARD,CH_EMAIL,,2026-01-28,486.41,1.0015,SENT,
QUO_0000002115,CUST_00003867,PROD_LIFE_STANDARD,CH_EMAIL,,2025-12-11,487.89,1.031,ACCEPTED,
QUO_0000002116,CUST_00003868,PROD_AUTO_PREMIUM,CH_MOBILE,,2023-01-04,993.05,1.132,SENT,
QUO_0000002117,CUST_00003870,PROD_HEALTH_STANDARD,CH_EMAIL,,2023-11-12,956.17,1.1212,SENT,
QUO_0000002118,CUST_00003872,PROD_HOME_PREMIUM,CH_MOBILE,,2025-11-03,867.75,1.1006,ACCEPTED,
QUO_0000002119,CUST_00003874,PROD_ACCIDENT_STANDARD,CH_MOBILE,,2024-06-28,246.2,1.0775,DECLINED,
QUO_0000002120,CUST_00003876,PROD_ACCIDENT_STANDARD,CH_EMAIL,,2024-08-15,233.05,1.2136,SENT,
QUO_0000002121,CUST_00003877,PROD_ACCIDENT_STANDARD,CH_EMAIL,,2024-04-28,236.62,1.0034,DECLINED,
QUO_0000002122,CUST_00003878,PROD_HEALTH_STANDARD,CH_MOBILE,,2026-04-08,988.09,0.6596,DECLINED,
QUO_0000002123,CUST_00003879,PROD_AUTO_BASIC,CH_EMAIL,,2025-11-10,609.07,1.0278,EXPIRED,
QUO_0000002124,CUST_00003880,PROD_HOME_STANDARD,CH_EMAIL,,2025-06-17,556.82,0.8992,EXPIRED,
QUO_0000002125,CUST_00003881,PROD_ACCIDENT_STANDARD,CH_MOBILE,,2025-10-18,270.49,1.0466,DECLINED,
QUO_0000002126,CUST_00003884,PROD_AUTO_STANDARD,CH_MOBILE,,2024-09-21,733.25,0.9064,EXPIRED,
QUO_0000002127,CUST_00003885,PROD_AUTO_STANDARD,CH_MOBILE,,2025-12-21,741.05,1.171,SENT,
QUO_0000002128,CUST_00003886,PROD_ACCIDENT_STANDARD,CH_MOBILE,,2026-06-30,231.72,0.912,SENT,
QUO_0000002129,CUST_00003887,PROD_AUTO_PREMIUM,CH_MOBILE,,2026-02-19,1311.74,1.0145,SENT,
QUO_0000002130,CUST_00003889,PROD_LIFE_BASIC,CH_EMAIL,,2025-08-02,272.72,1.1315,DECLINED,
QUO_0000002131,CUST_00003891,PROD_HEALTH_STANDARD,CH_MOBILE,,2024-12-31,1053.53,1.1266,EXPIRED,
QUO_0000002132,CUST_00003892,PROD_AUTO_STANDARD,CH_MOBILE,,2025-12-08,746.16,1.1464,EXPIRED,
QUO_0000002133,CUST_00003893,PROD_HOME_BASIC,CH_MOBILE,,2021-12-28,277.35,1.0084,EXPIRED,
QUO_0000002134,CUST_00003894,PROD_HOME_PREMIUM,CH_EMAIL,,2025-04-11,699.28,0.9813,SENT,
QUO_0000002135,CUST_00003895,PROD_LIFE_BASIC,CH_EMAIL,,2024-04-11,259.13,0.9657,DECLINED,
QUO_0000002136,CUST_00003896,PROD_HEALTH_PREMIUM,CH_EMAIL,,2024-06-05,1587.56,0.7726,SENT,
QUO_0000002137,CUST_00003897,PROD_LIFE_STANDARD,CH_MOBILE,,2026-06-18,416.4,0.9002,SENT,
QUO_0000002138,CUST_00003899,PROD_HOME_BASIC,CH_EMAIL,,2024-01-10,335.05,0.8651,EXPIRED,
QUO_0000002139,CUST_00003902,PROD_LIFE_STANDARD,CH_MOBILE,,2025-12-01,455.62,1.0473,ACCEPTED,
QUO_0000002140,CUST_00003903,PROD_AUTO_BASIC,CH_EMAIL,,2025-05-23,496.88,1.2465,DECLINED,
QUO_0000002141,CUST_00003906,PROD_HEALTH_BASIC,CH_MOBILE,,2020-12-04,772.33,0.9376,EXPIRED,
QUO_0000002142,CUST_00003907,PROD_ACCIDENT_STANDARD,CH_MOBILE,,2021-04-24,261.92,1.0196,EXPIRED,
QUO_0000002143,CUST_00003908,PROD_HOME_BASIC,CH_EMAIL,,2026-01-06,323.96,0.8037,SENT,
QUO_0000002144,CUST_00003909,PROD_HOME_STANDARD,CH_EMAIL,,2025-06-11,525.42,1.1001,EXPIRED,
QUO_0000002145,CUST_00003911,PROD_ACCIDENT_STANDARD,CH_EMAIL,,2023-08-19,230.83,1.0598,DECLINED,
QUO_0000002146,CUST_00003912,PROD_LIFE_BASIC,CH_MOBILE,,2025-04-09,230.25,1.2854,EXPIRED,
QUO_0000002147,CUST_00003913,PROD_AUTO_PREMIUM,CH_CALL_CENTER,AGT_00086,2025-06-24,1184.99,0.8917,EXPIRED,
QUO_0000002148,CUST_00003915,PROD_LIFE_BASIC,CH_EMAIL,,2025-09-10,239.3,1.025,DECLINED,
QUO_0000002149,CUST_00003917,PROD_LIFE_PREMIUM,CH_EMAIL,,2023-11-09,762.74,0.8622,SENT,
QUO_0000002150,CUST_00003918,PROD_HEALTH_BASIC,CH_MOBILE,,2026-06-22,622.13,0.9621,EXPIRED,
QUO_0000002151,CUST_00003921,PROD_TRAVEL_STANDARD,CH_EMAIL,,2026-05-23,137.06,0.9202,EXPIRED,
QUO_0000002152,CUST_00003922,PROD_HEALTH_STANDARD,CH_MOBILE,,2023-07-02,1077.51,0.9847,DECLINED,
QUO_0000002153,CUST_00003924,PROD_HEALTH_PREMIUM,CH_MOBILE,,2023-06-22,1317.03,0.9691,EXPIRED,
QUO_0000002154,CUST_00003925,PROD_LIFE_PREMIUM,CH_EMAIL,,2024-08-08,753.31,0.8951,DECLINED,
QUO_0000002155,CUST_00003928,PROD_HOME_STANDARD,CH_MOBILE,,2021-09-03,505.72,1.0339,EXPIRED,
QUO_0000002156,CUST_00003929,PROD_HOME_STANDARD,CH_EMAIL,,2025-03-03,509.66,1.2089,ACCEPTED,
QUO_0000002157,CUST_00003930,PROD_PET_STANDARD,CH_EMAIL,,2023-03-21,375.79,0.9727,ACCEPTED,
QUO_0000002158,CUST_00003932,PROD_PET_STANDARD,CH_EMAIL,,2026-02-26,298.38,0.9193,SENT,
QUO_0000002159,CUST_00003933,PROD_AUTO_BASIC,CH_EMAIL,,2024-09-01,568.51,1.0636,EXPIRED,
QUO_0000002160,CUST_00003935,PROD_AUTO_BASIC,CH_EMAIL,,2023-09-29,557.85,1.1143,DECLINED,
QUO_0000002161,CUST_00003936,PROD_LIFE_BASIC,CH_MOBILE,,2026-01-08,230.96,1.1256,SENT,
QUO_0000002162,CUST_00003937,PROD_HEALTH_BASIC,CH_EMAIL,,2024-08-09,776.21,1.1399,SENT,
QUO_0000002163,CUST_00003939,PROD_AUTO_PREMIUM,CH_EMAIL,,2025-03-05,1043.0,0.9402,EXPIRED,
QUO_0000002164,CUST_00003941,PROD_LIFE_STANDARD,CH_EMAIL,,2025-07-11,368.03,0.6887,SENT,
QUO_0000002165,CUST_00003944,PROD_PET_STANDARD,CH_EMAIL,,2021-12-24,308.2,1.15,SENT,
QUO_0000002166,CUST_00003951,PROD_LIFE_PREMIUM,CH_EMAIL,,2026-05-07,779.82,1.0583,DECLINED,
QUO_0000002167,CUST_00003953,PROD_TRAVEL_STANDARD,CH_CALL_CENTER,AGT_00086,2020-03-17,157.15,1.0443,DECLINED,
QUO_0000002168,CUST_00003954,PROD_HEALTH_PREMIUM,CH_EMAIL,,2024-12-17,1390.18,0.869,DECLINED,
QUO_0000002169,CUST_00003955,PROD_HEALTH_BASIC,CH_EMAIL,,2022-03-13,751.72,1.0036,SENT,
QUO_0000002170,CUST_00003956,PROD_LIFE_STANDARD,CH_EMAIL,,2023-06-28,476.53,1.0845,SENT,
QUO_0000002171,CUST_00003958,PROD_LIFE_STANDARD,CH_MOBILE,,2025-02-26,452.34,0.8896,SENT,
QUO_0000002172,CUST_00003961,PROD_AUTO_PREMIUM,CH_EMAIL,,2024-10-03,1206.03,0.879,SENT,
QUO_0000002173,CUST_00003965,PROD_AUTO_STANDARD,CH_CALL_CENTER,AGT_00113,2026-06-15,775.13,1.0598,EXPIRED,
QUO_0000002174,CUST_00003968,PROD_HEALTH_STANDARD,CH_EMAIL,,2023-10-21,1142.48,0.9309,SENT,
QUO_0000002175,CUST_00003970,PROD_HEALTH_BASIC,CH_EMAIL,,2024-08-04,664.89,1.0235,DECLINED,
QUO_0000002176,CUST_00003971,PROD_LIFE_BASIC,CH_EMAIL,,2026-04-14,281.49,1.0489,EXPIRED,
QUO_0000002177,CUST_00003972,PROD_HEALTH_PREMIUM,CH_EMAIL,,2024-11-19,1488.17,1.1016,DECLINED,
QUO_0000002178,CUST_00003974,PROD_LIFE_BASIC,CH_BROKER,,2024-08-08,259.35,1.2603,DECLINED,
QUO_0000002179,CUST_00003978,PROD_HOME_PREMIUM,CH_MOBILE,,2022-12-02,832.84,0.707,SENT,
QUO_0000002180,CUST_00003979,PROD_TRAVEL_STANDARD,CH_EMAIL,,2023-11-07,145.12,0.9677,SENT,
QUO_0000002181,CUST_00003981,PROD_HOME_BASIC,CH_EMAIL,,2025-07-11,360.99,0.8866,EXPIRED,
QUO_0000002182,CUST_00003984,PROD_AUTO_BASIC,CH_MOBILE,,2025-10-08,525.76,1.1234,SENT,
QUO_0000002183,CUST_00003988,PROD_HOME_PREMIUM,CH_MOBILE,,2021-11-15,801.06,1.0901,EXPIRED,
QUO_0000002184,CUST_00003989,PROD_LIFE_STANDARD,CH_EMAIL,,2025-12-04,396.18,0.935,DECLINED,
QUO_0000002185,CUST_00003992,PROD_HOME_BASIC,CH_EMAIL,,2026-03-11,348.51,0.8993,EXPIRED,
QUO_0000002186,CUST_00003993,PROD_AUTO_BASIC,CH_EMAIL,,2025-07-20,578.25,0.8694,DECLINED,
QUO_0000002187,CUST_00003994,PROD_ACCIDENT_STANDARD,CH_MOBILE,,2022-12-03,201.52,1.0643,EXPIRED,
QUO_0000002188,CUST_00003996,PROD_HEALTH_BASIC,CH_MOBILE,,2024-10-17,661.64,1.0116,SENT,
QUO_0000002189,CUST_00004000,PROD_LIFE_BASIC,CH_EMAIL,,2024-12-11,245.77,0.9847,EXPIRED,
QUO_0000002190,CUST_00004001,PROD_PET_STANDARD,CH_MOBILE,,2025-08-27,326.76,1.0393,DECLINED,
QUO_0000002191,CUST_00004002,PROD_AUTO_BASIC,CH_MOBILE,,2025-04-20,576.97,1.0577,ACCEPTED,
QUO_0000002192,CUST_00004004,PROD_HEALTH_STANDARD,CH_EMAIL,,2026-01-07,863.26,1.2041,DECLINED,
QUO_0000002193,CUST_00004005,PROD_HOME_PREMIUM,CH_EMAIL,,2022-10-12,819.3,0.9264,DECLINED,
QUO_0000002194,CUST_00004008,PROD_HOME_PREMIUM,CH_EMAIL,,2024-01-20,693.04,0.9022,EXPIRED,
QUO_0000002195,CUST_00004012,PROD_LIFE_BASIC,CH_EMAIL,,2024-03-08,273.41,0.8364,EXPIRED,
QUO_0000002196,CUST_00004013,PROD_LIFE_STANDARD,CH_EMAIL,,2023-03-08,479.96,0.8794,SENT,
QUO_0000002197,CUST_00004014,PROD_HOME_STANDARD,CH_EMAIL,,2026-05-26,478.88,0.8483,DECLINED,
QUO_0000002198,CUST_00004015,PROD_PET_STANDARD,CH_EMAIL,,2020-06-23,324.11,1.0433,DECLINED,
QUO_0000002199,CUST_00004017,PROD_HOME_BASIC,CH_EMAIL,,2023-08-31,365.2,1.0041,SENT,
QUO_0000002200,CUST_00004018,PROD_AUTO_PREMIUM,CH_MOBILE,,2023-03-19,1160.46,1.0859,SENT,
QUO_0000002201,CUST_00004021,PROD_PET_STANDARD,CH_EMAIL,,2021-06-08,392.72,0.9104,EXPIRED,
QUO_0000002202,CUST_00004022,PROD_LIFE_BASIC,CH_EMAIL,,2025-02-14,281.77,0.8254,SENT,
QUO_0000002203,CUST_00004025,PROD_PET_STANDARD,CH_MOBILE,,2024-03-31,394.51,1.0513,DECLINED,
QUO_0000002204,CUST_00004029,PROD_LIFE_BASIC,CH_EMAIL,,2025-10-28,268.31,1.0215,DECLINED,
QUO_0000002205,CUST_00004030,PROD_AUTO_BASIC,CH_CALL_CENTER,AGT_00049,2022-01-12,579.61,0.8276,EXPIRED,
QUO_0000002206,CUST_00004031,PROD_HOME_BASIC,CH_EMAIL,,2024-11-14,284.74,1.096,EXPIRED,
QUO_0000002207,CUST_00004032,PROD_HOME_BASIC,CH_MOBILE,,2024-03-24,340.29,0.935,EXPIRED,
QUO_0000002208,CUST_00004033,PROD_AUTO_PREMIUM,CH_MOBILE,,2023-12-13,1289.47,1.0413,DECLINED,
QUO_0000002209,CUST_00004034,PROD_LIFE_STANDARD,CH_EMAIL,,2025-08-27,487.95,1.0639,SENT,
QUO_0000002210,CUST_00004036,PROD_HOME_BASIC,CH_MOBILE,,2024-04-25,320.45,0.9805,ACCEPTED,
QUO_0000002211,CUST_00004037,PROD_PET_STANDARD,CH_MOBILE,,2025-06-24,393.95,1.0546,DECLINED,
QUO_0000002212,CUST_00004041,PROD_AUTO_STANDARD,CH_MOBILE,,2024-04-11,711.83,0.8743,EXPIRED,
QUO_0000002213,CUST_00004042,PROD_HEALTH_PREMIUM,CH_EMAIL,,2025-10-13,1555.94,0.8864,SENT,
QUO_0000002214,CUST_00004043,PROD_HEALTH_STANDARD,CH_EMAIL,,2026-04-15,924.31,1.1889,EXPIRED,
QUO_0000002215,CUST_00004044,PROD_HOME_STANDARD,CH_MOBILE,,2024-11-16,497.48,0.8157,DECLINED,
QUO_0000002216,CUST_00004046,PROD_HOME_PREMIUM,CH_EMAIL,,2026-01-21,694.2,1.0562,DECLINED,
QUO_0000002217,CUST_00004048,PROD_AUTO_STANDARD,CH_MOBILE,,2025-12-20,660.87,1.1759,EXPIRED,
QUO_0000002218,CUST_00004050,PROD_LIFE_BASIC,CH_EMAIL,,2024-08-03,250.67,1.1128,EXPIRED,
QUO_0000002219,CUST_00004051,PROD_LIFE_BASIC,CH_EMAIL,,2025-11-20,272.42,0.9875,SENT,
QUO_0000002220,CUST_00004054,PROD_ACCIDENT_STANDARD,CH_EMAIL,,2026-01-13,267.52,0.9101,EXPIRED,
QUO_0000002221,CUST_00004055,PROD_PET_STANDARD,CH_EMAIL,,2025-03-16,298.35,1.0054,DECLINED,
QUO_0000002222,CUST_00004056,PROD_LIFE_PREMIUM,CH_EMAIL,,2026-03-22,851.93,1.1456,DECLINED,
QUO_0000002223,CUST_00004058,PROD_PET_STANDARD,CH_EMAIL,,2024-11-27,393.05,1.0586,EXPIRED,
QUO_0000002224,CUST_00004060,PROD_AUTO_BASIC,CH_MOBILE,,2023-05-26,489.69,0.8043,EXPIRED,
QUO_0000002225,CUST_00004061,PROD_HOME_BASIC,CH_EMAIL,,2023-07-22,327.37,1.119,EXPIRED,
QUO_0000002226,CUST_00004063,PROD_HEALTH_PREMIUM,CH_MOBILE,,2025-04-08,1300.47,0.9157,ACCEPTED,
QUO_0000002227,CUST_00004065,PROD_AUTO_BASIC,CH_EMAIL,,2025-12-08,588.77,0.8929,ACCEPTED,
QUO_0000002228,CUST_00004067,PROD_ACCIDENT_STANDARD,CH_MOBILE,,2022-11-03,205.44,0.8105,DECLINED,
QUO_0000002229,CUST_00004068,PROD_HEALTH_PREMIUM,CH_MOBILE,,2026-03-13,1302.35,1.0708,EXPIRED,
QUO_0000002230,CUST_00004070,PROD_LIFE_PREMIUM,CH_EMAIL,,2025-04-09,917.61,1.0074,SENT,
QUO_0000002231,CUST_00004072,PROD_LIFE_STANDARD,CH_EMAIL,,2026-05-03,480.88,1.0547,SENT,
QUO_0000002232,CUST_00004073,PROD_HEALTH_PREMIUM,CH_EMAIL,,2025-07-26,1412.57,1.2582,SENT,
QUO_0000002233,CUST_00004075,PROD_HOME_STANDARD,CH_CALL_CENTER,AGT_00084,2025-12-11,474.4,1.0285,DECLINED,
QUO_0000002234,CUST_00004076,PROD_AUTO_PREMIUM,CH_MOBILE,,2023-10-04,1194.68,0.8713,ACCEPTED,
QUO_0000002235,CUST_00004077,PROD_HEALTH_BASIC,CH_EMAIL,,2020-11-11,702.75,1.1496,ACCEPTED,
QUO_0000002236,CUST_00004079,PROD_LIFE_BASIC,CH_EMAIL,,2021-11-23,229.53,0.8429,EXPIRED,
QUO_0000002237,CUST_00004080,PROD_AUTO_BASIC,CH_MOBILE,,2025-06-08,521.91,1.1576,EXPIRED,
QUO_0000002238,CUST_00004081,PROD_LIFE_PREMIUM,CH_EMAIL,,2026-06-16,982.09,1.1389,ACCEPTED,
QUO_0000002239,CUST_00004083,PROD_ACCIDENT_STANDARD,CH_EMAIL,,2022-06-11,200.19,0.9129,DECLINED,
QUO_0000002240,CUST_00004087,PROD_AUTO_STANDARD,CH_EMAIL,,2021-02-01,891.71,1.0831,SENT,
QUO_0000002241,CUST_00004090,PROD_LIFE_STANDARD,CH_MOBILE,,2025-12-22,387.1,1.1696,DECLINED,
QUO_0000002242,CUST_00004093,PROD_PET_STANDARD,CH_EMAIL,,2025-03-09,362.23,1.1043,EXPIRED,
QUO_0000002243,CUST_00004094,PROD_AUTO_PREMIUM,CH_MOBILE,,2026-06-21,1067.06,1.0716,SENT,
QUO_0000002244,CUST_00004100,PROD_HEALTH_STANDARD,CH_EMAIL,,2025-03-05,988.55,0.9244,EXPIRED,
QUO_0000002245,CUST_00004101,PROD_AUTO_BASIC,CH_MOBILE,,2022-08-01,458.37,1.112,ACCEPTED,
QUO_0000002246,CUST_00004103,PROD_HOME_STANDARD,CH_EMAIL,,2022-07-13,515.98,1.1169,DECLINED,
QUO_0000002247,CUST_00004106,PROD_HOME_STANDARD,CH_EMAIL,,2024-05-13,498.77,1.0467,EXPIRED,
QUO_0000002248,CUST_00004107,PROD_HOME_BASIC,CH_EMAIL,,2024-11-21,289.64,0.9219,SENT,
QUO_0000002249,CUST_00004108,PROD_AUTO_PREMIUM,CH_CALL_CENTER,AGT_00113,2026-01-03,1321.16,1.048,DECLINED,
QUO_0000002250,CUST_00004109,PROD_HEALTH_PREMIUM,CH_MOBILE,,2023-07-14,1663.01,0.9673,SENT,
QUO_0000002251,CUST_00004110,PROD_AUTO_PREMIUM,CH_MOBILE,,2024-08-03,1079.52,1.1342,SENT,
QUO_0000002252,CUST_00004111,PROD_HEALTH_PREMIUM,CH_MOBILE,,2024-08-04,1530.84,1.2213,DECLINED,
QUO_0000002253,CUST_00004112,PROD_AUTO_PREMIUM,CH_EMAIL,,2023-08-13,1098.4,0.9904,SENT,
QUO_0000002254,CUST_00004113,PROD_HEALTH_PREMIUM,CH_EMAIL,,2025-12-31,1722.02,0.9605,EXPIRED,
QUO_0000002255,CUST_00004114,PROD_HOME_PREMIUM,CH_EMAIL,,2025-10-08,762.35,0.9148,ACCEPTED,
QUO_0000002256,CUST_00004115,PROD_TRAVEL_STANDARD,CH_EMAIL,,2026-06-17,138.53,1.051,SENT,
QUO_0000002257,CUST_00004117,PROD_AUTO_STANDARD,CH_EMAIL,,2021-02-23,778.87,0.9717,DECLINED,
QUO_0000002258,CUST_00004118,PROD_LIFE_BASIC,CH_MOBILE,,2023-11-12,278.47,1.0412,EXPIRED,
QUO_0000002259,CUST_00004120,PROD_LIFE_BASIC,CH_EMAIL,,2025-06-16,240.86,0.9734,DECLINED,
QUO_0000002260,CUST_00004121,PROD_LIFE_STANDARD,CH_EMAIL,,2025-06-22,378.66,0.7518,ACCEPTED,
QUO_0000002261,CUST_00004123,PROD_HOME_BASIC,CH_EMAIL,,2025-03-19,322.66,1.0519,ACCEPTED,
QUO_0000002262,CUST_00004124,PROD_PET_STANDARD,CH_EMAIL,,2026-02-20,324.37,0.8505,ACCEPTED,
QUO_0000002263,CUST_00004126,PROD_HEALTH_BASIC,CH_EMAIL,,2026-05-16,596.74,0.8716,DECLINED,
QUO_0000002264,CUST_00004127,PROD_PET_STANDARD,CH_EMAIL,,2023-09-03,307.85,0.9288,ACCEPTED,
QUO_0000002265,CUST_00004128,PROD_TRAVEL_STANDARD,CH_MOBILE,,2025-04-16,139.55,0.7676,SENT,
QUO_0000002266,CUST_00004129,PROD_HOME_STANDARD,CH_MOBILE,,2025-11-01,462.61,0.9038,DECLINED,
QUO_0000002267,CUST_00004132,PROD_HOME_PREMIUM,CH_MOBILE,,2025-06-14,799.25,1.0776,DECLINED,
QUO_0000002268,CUST_00004133,PROD_HEALTH_STANDARD,CH_EMAIL,,2025-08-03,861.72,1.0203,ACCEPTED,
QUO_0000002269,CUST_00004134,PROD_TRAVEL_STANDARD,CH_EMAIL,,2024-08-25,167.18,0.8201,EXPIRED,
QUO_0000002270,CUST_00004135,PROD_HOME_PREMIUM,CH_WEB,,2022-12-05,690.33,1.1041,DECLINED,
QUO_0000002271,CUST_00004136,PROD_HEALTH_PREMIUM,CH_EMAIL,,2021-05-28,1357.27,1.1298,SENT,
QUO_0000002272,CUST_00004138,PROD_HOME_STANDARD,CH_MOBILE,,2022-07-05,455.49,0.8179,DECLINED,
QUO_0000002273,CUST_00004139,PROD_HOME_STANDARD,CH_EMAIL,,2021-12-14,524.45,1.0703,EXPIRED,
QUO_0000002274,CUST_00004140,PROD_ACCIDENT_STANDARD,CH_EMAIL,,2021-11-25,199.83,0.992,DECLINED,
QUO_0000002275,CUST_00004143,PROD_HOME_PREMIUM,CH_EMAIL,,2025-12-24,857.88,0.9347,SENT,
QUO_0000002276,CUST_00004145,PROD_LIFE_BASIC,CH_MOBILE,,2026-03-13,229.96,0.8962,DECLINED,
QUO_0000002277,CUST_00004146,PROD_HOME_BASIC,CH_EMAIL,,2024-07-10,308.42,0.9889,SENT,
QUO_0000002278,CUST_00004148,PROD_TRAVEL_STANDARD,CH_MOBILE,,2025-10-21,159.84,0.8449,DECLINED,
QUO_0000002279,CUST_00004149,PROD_AUTO_PREMIUM,CH_MOBILE,,2024-02-10,1016.65,0.854,DECLINED,
QUO_0000002280,CUST_00004151,PROD_LIFE_STANDARD,CH_EMAIL,,2025-12-04,426.28,1.0395,ACCEPTED,
QUO_0000002281,CUST_00004152,PROD_LIFE_STANDARD,CH_MOBILE,,2023-07-31,467.74,0.9813,DECLINED,
QUO_0000002282,CUST_00004153,PROD_PET_STANDARD,CH_MOBILE,,2023-05-04,363.73,1.136,EXPIRED,
QUO_0000002283,CUST_00004154,PROD_HOME_PREMIUM,CH_MOBILE,,2025-05-24,865.61,1.0554,DECLINED,
QUO_0000002284,CUST_00004155,PROD_LIFE_BASIC,CH_MOBILE,,2022-12-22,239.23,1.0408,SENT,
QUO_0000002285,CUST_00004157,PROD_HEALTH_STANDARD,CH_EMAIL,,2025-11-29,1030.63,1.1207,ACCEPTED,
QUO_0000002286,CUST_00004158,PROD_HEALTH_BASIC,CH_EMAIL,,2022-05-19,746.18,0.9148,DECLINED,
QUO_0000002287,CUST_00004159,PROD_TRAVEL_STANDARD,CH_EMAIL,,2026-03-20,169.87,0.9946,SENT,
QUO_0000002288,CUST_00004161,PROD_AUTO_STANDARD,CH_EMAIL,,2026-06-24,824.23,0.9695,SENT,
QUO_0000002289,CUST_00004162,PROD_HOME_PREMIUM,CH_MOBILE,,2021-11-30,726.79,1.1604,ACCEPTED,
QUO_0000002290,CUST_00004164,PROD_HEALTH_BASIC,CH_EMAIL,,2022-05-07,650.79,0.8211,EXPIRED,
QUO_0000002291,CUST_00004165,PROD_HEALTH_BASIC,CH_EMAIL,,2024-03-31,678.85,0.8548,SENT,
QUO_0000002292,CUST_00004168,PROD_LIFE_BASIC,CH_EMAIL,,2021-12-08,223.92,0.8677,SENT,
QUO_0000002293,CUST_00004170,PROD_LIFE_BASIC,CH_EMAIL,,2025-03-22,266.31,0.8834,DECLINED,
QUO_0000002294,CUST_00004172,PROD_LIFE_PREMIUM,CH_MOBILE,,2026-02-15,892.07,0.9693,EXPIRED,
QUO_0000002295,CUST_00004173,PROD_LIFE_BASIC,CH_MOBILE,,2024-07-17,260.74,0.8649,ACCEPTED,
QUO_0000002296,CUST_00004175,PROD_HOME_BASIC,CH_MOBILE,,2024-10-16,288.27,1.0225,DECLINED,
QUO_0000002297,CUST_00004177,PROD_LIFE_PREMIUM,CH_EMAIL,,2022-04-19,767.79,0.8625,EXPIRED,
QUO_0000002298,CUST_00004178,PROD_AUTO_STANDARD,CH_EMAIL,,2025-02-09,776.86,1.1085,DECLINED,
QUO_0000002299,CUST_00004183,PROD_HOME_BASIC,CH_MOBILE,,2025-09-21,359.95,0.9512,DECLINED,
QUO_0000002300,CUST_00004185,PROD_HEALTH_BASIC,CH_MOBILE,,2024-10-08,625.59,1.0256,DECLINED,
QUO_0000002301,CUST_00004186,PROD_PET_STANDARD,CH_EMAIL,,2025-08-06,366.58,1.0462,DECLINED,
QUO_0000002302,CUST_00004187,PROD_AUTO_PREMIUM,CH_MOBILE,,2025-05-23,1222.51,1.0618,ACCEPTED,
QUO_0000002303,CUST_00004188,PROD_HOME_BASIC,CH_EMAIL,,2026-06-06,322.62,0.9993,SENT,
QUO_0000002304,CUST_00004190,PROD_TRAVEL_STANDARD,CH_EMAIL,,2023-10-06,135.87,1.0846,DECLINED,
QUO_0000002305,CUST_00004191,PROD_HEALTH_BASIC,CH_EMAIL,,2025-05-19,764.01,0.935,EXPIRED,
QUO_0000002306,CUST_00004192,PROD_AUTO_STANDARD,CH_MOBILE,,2025-12-12,745.88,0.927,SENT,
QUO_0000002307,CUST_00004193,PROD_LIFE_PREMIUM,CH_EMAIL,,2024-05-01,789.16,0.9476,EXPIRED,
QUO_0000002308,CUST_00004194,PROD_TRAVEL_STANDARD,CH_MOBILE,,2026-03-14,134.05,0.8975,ACCEPTED,
QUO_0000002309,CUST_00004195,PROD_LIFE_STANDARD,CH_EMAIL,,2025-11-19,444.36,1.0485,DECLINED,
QUO_0000002310,CUST_00004196,PROD_HEALTH_BASIC,CH_MOBILE,,2026-04-09,592.94,0.9488,DECLINED,
QUO_0000002311,CUST_00004197,PROD_LIFE_STANDARD,CH_EMAIL,,2024-12-04,392.28,1.0204,SENT,
QUO_0000002312,CUST_00004198,PROD_TRAVEL_STANDARD,CH_EMAIL,,2025-08-13,152.79,1.0037,DECLINED,
QUO_0000002313,CUST_00004200,PROD_LIFE_PREMIUM,CH_EMAIL,,2024-11-21,867.48,1.0889,DECLINED,
QUO_0000002314,CUST_00004202,PROD_HEALTH_BASIC,CH_MOBILE,,2024-12-15,662.59,0.9544,ACCEPTED,
QUO_0000002315,CUST_00004203,PROD_LIFE_STANDARD,CH_MOBILE,,2025-04-27,388.26,0.9733,ACCEPTED,
QUO_0000002316,CUST_00004204,PROD_LIFE_PREMIUM,CH_EMAIL,,2023-05-25,915.87,0.9939,DECLINED,
QUO_0000002317,CUST_00004207,PROD_LIFE_STANDARD,CH_EMAIL,,2025-07-14,443.75,0.9898,EXPIRED,
QUO_0000002318,CUST_00004210,PROD_HOME_STANDARD,CH_MOBILE,,2023-12-21,455.16,1.0499,SENT,
QUO_0000002319,CUST_00004211,PROD_AUTO_BASIC,CH_MOBILE,,2024-12-10,469.94,1.0608,EXPIRED,
QUO_0000002320,CUST_00004212,PROD_HEALTH_STANDARD,CH_EMAIL,,2023-02-26,901.14,0.9023,ACCEPTED,
QUO_0000002321,CUST_00004215,PROD_HEALTH_STANDARD,CH_EMAIL,,2021-11-13,1150.96,1.0354,ACCEPTED,
QUO_0000002322,CUST_00004216,PROD_HEALTH_PREMIUM,CH_EMAIL,,2026-02-06,1603.65,1.0662,ACCEPTED,
QUO_0000002323,CUST_00004217,PROD_AUTO_STANDARD,CH_MOBILE,,2022-09-16,755.4,1.2159,DECLINED,
QUO_0000002324,CUST_00004222,PROD_PET_STANDARD,CH_EMAIL,,2023-02-10,331.94,0.9517,SENT,
QUO_0000002325,CUST_00004223,PROD_PET_STANDARD,CH_EMAIL,,2025-11-03,342.92,1.1676,SENT,
QUO_0000002326,CUST_00004225,PROD_LIFE_PREMIUM,CH_MOBILE,,2025-02-07,778.33,0.886,ACCEPTED,
QUO_0000002327,CUST_00004227,PROD_AUTO_STANDARD,CH_EMAIL,,2025-07-08,886.33,0.8187,DECLINED,
QUO_0000002328,CUST_00004228,PROD_LIFE_BASIC,CH_MOBILE,,2024-08-14,260.47,1.0767,ACCEPTED,
QUO_0000002329,CUST_00004230,PROD_PET_STANDARD,CH_EMAIL,,2026-02-11,349.66,0.9805,ACCEPTED,
QUO_0000002330,CUST_00004233,PROD_HOME_PREMIUM,CH_EMAIL,,2026-01-05,779.73,1.2249,DECLINED,
QUO_0000002331,CUST_00004236,PROD_LIFE_PREMIUM,CH_BRANCH,AGT_00142,2025-01-29,784.92,0.9634,ACCEPTED,
QUO_0000002332,CUST_00004238,PROD_HEALTH_STANDARD,CH_EMAIL,,2025-08-26,860.89,0.9651,DECLINED,
QUO_0000002333,CUST_00004239,PROD_HEALTH_STANDARD,CH_EMAIL,,2025-04-13,1136.97,1.1295,SENT,
QUO_0000002334,CUST_00004240,PROD_HOME_STANDARD,CH_MOBILE,,2025-08-25,490.89,0.7008,EXPIRED,
QUO_0000002335,CUST_00004243,PROD_HOME_PREMIUM,CH_EMAIL,,2025-12-19,858.46,0.7962,EXPIRED,
QUO_0000002336,CUST_00004244,PROD_HEALTH_BASIC,CH_EMAIL,,2026-03-31,614.73,1.0903,SENT,
QUO_0000002337,CUST_00004245,PROD_HEALTH_BASIC,CH_EMAIL,,2025-04-20,730.51,0.9716,ACCEPTED,
QUO_0000002338,CUST_00004246,PROD_TRAVEL_STANDARD,CH_MOBILE,,2020-12-31,154.57,0.9993,DECLINED,
QUO_0000002339,CUST_00004247,PROD_LIFE_STANDARD,CH_MOBILE,,2022-09-12,490.17,1.0864,SENT,
QUO_0000002340,CUST_00004248,PROD_LIFE_STANDARD,CH_EMAIL,,2025-05-30,398.36,0.9321,DECLINED,
QUO_0000002341,CUST_00004249,PROD_HEALTH_STANDARD,CH_EMAIL,,2024-10-10,1076.16,1.1309,SENT,
QUO_0000002342,CUST_00004252,PROD_LIFE_PREMIUM,CH_EMAIL,,2026-06-30,829.41,1.0651,DECLINED,
QUO_0000002343,CUST_00004253,PROD_PET_STANDARD,CH_EMAIL,,2025-06-08,371.86,1.1683,ACCEPTED,
QUO_0000002344,CUST_00004258,PROD_HEALTH_STANDARD,CH_EMAIL,,2025-10-28,926.12,1.2276,SENT,
QUO_0000002345,CUST_00004260,PROD_LIFE_STANDARD,CH_MOBILE,,2024-08-29,459.87,1.0343,EXPIRED,
QUO_0000002346,CUST_00004262,PROD_AUTO_BASIC,CH_MOBILE,,2022-03-12,451.21,1.0247,DECLINED,
QUO_0000002347,CUST_00004263,PROD_AUTO_PREMIUM,CH_EMAIL,,2026-02-20,1217.13,1.2518,DECLINED,
QUO_0000002348,CUST_00004265,PROD_ACCIDENT_STANDARD,CH_CALL_CENTER,AGT_00112,2022-09-10,241.16,0.9946,SENT,
QUO_0000002349,CUST_00004271,PROD_TRAVEL_STANDARD,CH_MOBILE,,2026-01-06,142.03,1.056,DECLINED,
QUO_0000002350,CUST_00004273,PROD_HOME_BASIC,CH_EMAIL,,2024-04-22,338.1,0.8768,ACCEPTED,
QUO_0000002351,CUST_00004274,PROD_TRAVEL_STANDARD,CH_EMAIL,,2025-04-26,165.51,1.1213,SENT,
QUO_0000002352,CUST_00004275,PROD_AUTO_STANDARD,CH_MOBILE,,2024-05-15,788.37,0.9632,DECLINED,
QUO_0000002353,CUST_00004277,PROD_AUTO_BASIC,CH_MOBILE,,2025-09-11,456.09,0.9829,ACCEPTED,
QUO_0000002354,CUST_00004278,PROD_AUTO_PREMIUM,CH_MOBILE,,2026-04-24,1077.58,1.0622,EXPIRED,
QUO_0000002355,CUST_00004280,PROD_AUTO_STANDARD,CH_EMAIL,,2025-02-11,711.58,0.9197,SENT,
QUO_0000002356,CUST_00004281,PROD_AUTO_STANDARD,CH_EMAIL,,2023-08-22,782.53,0.8476,SENT,
QUO_0000002357,CUST_00004283,PROD_AUTO_STANDARD,CH_BRANCH,AGT_00148,2026-03-13,818.15,1.0701,EXPIRED,
QUO_0000002358,CUST_00004284,PROD_LIFE_BASIC,CH_MOBILE,,2025-04-15,245.67,0.8465,ACCEPTED,
QUO_0000002359,CUST_00004285,PROD_LIFE_BASIC,CH_MOBILE,,2026-05-11,272.68,0.9964,EXPIRED,
QUO_0000002360,CUST_00004286,PROD_HEALTH_PREMIUM,CH_EMAIL,,2025-03-20,1557.27,0.8867,EXPIRED,
QUO_0000002361,CUST_00004289,PROD_AUTO_BASIC,CH_MOBILE,,2025-11-23,538.52,0.978,DECLINED,
QUO_0000002362,CUST_00004291,PROD_TRAVEL_STANDARD,CH_MOBILE,,2022-08-27,134.85,1.1994,SENT,
QUO_0000002363,CUST_00004294,PROD_TRAVEL_STANDARD,CH_EMAIL,,2024-10-26,141.02,1.0663,SENT,
QUO_0000002364,CUST_00004295,PROD_AUTO_PREMIUM,CH_MOBILE,,2025-07-07,1254.12,1.201,ACCEPTED,
QUO_0000002365,CUST_00004296,PROD_TRAVEL_STANDARD,CH_EMAIL,,2024-06-30,168.58,1.0209,EXPIRED,
QUO_0000002366,CUST_00004298,PROD_AUTO_BASIC,CH_MOBILE,,2022-07-25,576.24,0.9942,EXPIRED,
QUO_0000002367,CUST_00004301,PROD_AUTO_PREMIUM,CH_EMAIL,,2021-11-12,1169.65,0.8464,SENT,
QUO_0000002368,CUST_00004308,PROD_AUTO_BASIC,CH_MOBILE,,2025-05-24,460.89,1.1689,ACCEPTED,
QUO_0000002369,CUST_00004310,PROD_TRAVEL_STANDARD,CH_EMAIL,,2024-09-01,140.12,0.9921,SENT,
QUO_0000002370,CUST_00004312,PROD_HOME_STANDARD,CH_MOBILE,,2026-02-06,566.38,0.9813,SENT,
QUO_0000002371,CUST_00004313,PROD_PET_STANDARD,CH_EMAIL,,2026-01-16,306.43,0.9273,SENT,
QUO_0000002372,CUST_00004315,PROD_AUTO_BASIC,CH_EMAIL,,2024-12-20,580.49,1.2003,DECLINED,
QUO_0000002373,CUST_00004317,PROD_HEALTH_BASIC,CH_MOBILE,,2026-06-22,596.58,0.8195,SENT,
QUO_0000002374,CUST_00004318,PROD_ACCIDENT_STANDARD,CH_EMAIL,,2026-01-10,225.38,1.0142,SENT,
QUO_0000002375,CUST_00004320,PROD_LIFE_STANDARD,CH_EMAIL,,2026-03-15,433.94,1.2394,DECLINED,
QUO_0000002376,CUST_00004322,PROD_TRAVEL_STANDARD,CH_EMAIL,,2025-03-17,154.82,0.7382,SENT,
QUO_0000002377,CUST_00004325,PROD_HEALTH_STANDARD,CH_MOBILE,,2026-06-02,914.13,1.078,SENT,
QUO_0000002378,CUST_00004330,PROD_AUTO_PREMIUM,CH_EMAIL,,2025-01-16,1218.68,0.9296,SENT,
QUO_0000002379,CUST_00004331,PROD_HOME_PREMIUM,CH_MOBILE,,2023-05-29,713.64,1.0076,SENT,
QUO_0000002380,CUST_00004335,PROD_HEALTH_PREMIUM,CH_EMAIL,,2026-01-25,1734.13,0.8582,SENT,
QUO_0000002381,CUST_00004336,PROD_HEALTH_BASIC,CH_MOBILE,,2022-09-28,606.9,0.9361,SENT,
QUO_0000002382,CUST_00004338,PROD_HOME_BASIC,CH_EMAIL,,2020-09-03,306.2,1.1206,DECLINED,
QUO_0000002383,CUST_00004339,PROD_HOME_BASIC,CH_MOBILE,,2025-01-05,292.08,0.9083,EXPIRED,
QUO_0000002384,CUST_00004340,PROD_HOME_BASIC,CH_EMAIL,,2022-03-15,344.47,0.8955,SENT,
QUO_0000002385,CUST_00004341,PROD_HEALTH_BASIC,CH_MOBILE,,2022-02-19,752.17,1.0583,SENT,
QUO_0000002386,CUST_00004344,PROD_TRAVEL_STANDARD,CH_EMAIL,,2021-03-27,139.84,1.1623,ACCEPTED,
QUO_0000002387,CUST_00004345,PROD_HOME_STANDARD,CH_EMAIL,,2024-02-28,497.01,1.0143,ACCEPTED,
QUO_0000002388,CUST_00004347,PROD_TRAVEL_STANDARD,CH_EMAIL,,2022-12-16,131.01,0.9857,SENT,
QUO_0000002389,CUST_00004348,PROD_HOME_BASIC,CH_EMAIL,,2026-06-22,322.29,0.7342,EXPIRED,
QUO_0000002390,CUST_00004349,PROD_HEALTH_STANDARD,CH_EMAIL,,2023-09-14,920.7,0.6964,DECLINED,
QUO_0000002391,CUST_00004353,PROD_AUTO_BASIC,CH_EMAIL,,2024-09-27,555.55,1.0064,SENT,
QUO_0000002392,CUST_00004354,PROD_HOME_PREMIUM,CH_EMAIL,,2025-03-24,858.72,0.951,EXPIRED,
QUO_0000002393,CUST_00004355,PROD_PET_STANDARD,CH_EMAIL,,2026-05-20,381.03,0.9812,SENT,
QUO_0000002394,CUST_00004356,PROD_HOME_STANDARD,CH_WEB,,2024-06-01,466.77,1.1433,DECLINED,
QUO_0000002395,CUST_00004357,PROD_LIFE_BASIC,CH_EMAIL,,2025-10-15,265.41,0.9267,DECLINED,
QUO_0000002396,CUST_00004358,PROD_ACCIDENT_STANDARD,CH_EMAIL,,2025-07-09,214.02,1.0637,ACCEPTED,
QUO_0000002397,CUST_00004360,PROD_LIFE_STANDARD,CH_EMAIL,,2022-11-22,401.18,1.1386,DECLINED,
QUO_0000002398,CUST_00004362,PROD_LIFE_STANDARD,CH_MOBILE,,2026-01-29,399.84,1.1399,SENT,
QUO_0000002399,CUST_00004363,PROD_AUTO_BASIC,CH_EMAIL,,2026-03-20,488.71,1.059,DECLINED,
QUO_0000002400,CUST_00004364,PROD_HOME_PREMIUM,CH_EMAIL,,2025-03-22,703.61,1.158,EXPIRED,
QUO_0000002401,CUST_00004366,PROD_HEALTH_STANDARD,CH_EMAIL,,2026-02-16,996.38,0.8716,SENT,
QUO_0000002402,CUST_00004367,PROD_HOME_BASIC,CH_EMAIL,,2023-12-14,295.14,0.8204,SENT,
QUO_0000002403,CUST_00004368,PROD_HEALTH_STANDARD,CH_EMAIL,,2025-04-19,869.84,0.8855,SENT,
QUO_0000002404,CUST_00004371,PROD_AUTO_STANDARD,CH_MOBILE,,2025-08-18,838.09,0.9763,ACCEPTED,
QUO_0000002405,CUST_00004375,PROD_ACCIDENT_STANDARD,CH_MOBILE,,2024-12-13,214.03,0.8798,SENT,
QUO_0000002406,CUST_00004377,PROD_AUTO_BASIC,CH_EMAIL,,2021-11-18,539.24,0.9169,EXPIRED,
QUO_0000002407,CUST_00004381,PROD_AUTO_PREMIUM,CH_EMAIL,,2025-04-07,1306.86,0.871,SENT,
QUO_0000002408,CUST_00004383,PROD_ACCIDENT_STANDARD,CH_EMAIL,,2024-01-10,249.27,1.0644,DECLINED,
QUO_0000002409,CUST_00004385,PROD_ACCIDENT_STANDARD,CH_MOBILE,,2023-02-09,243.85,1.0293,DECLINED,
QUO_0000002410,CUST_00004386,PROD_AUTO_STANDARD,CH_EMAIL,,2026-06-10,827.12,1.1051,EXPIRED,
QUO_0000002411,CUST_00004388,PROD_HEALTH_BASIC,CH_MOBILE,,2025-04-28,660.58,0.9136,ACCEPTED,
QUO_0000002412,CUST_00004389,PROD_PET_STANDARD,CH_MOBILE,,2023-12-30,371.0,0.9456,SENT,
QUO_0000002413,CUST_00004390,PROD_HOME_STANDARD,CH_MOBILE,,2026-03-13,491.96,0.9004,DECLINED,
QUO_0000002414,CUST_00004392,PROD_ACCIDENT_STANDARD,CH_EMAIL,,2023-06-24,265.51,1.0834,DECLINED,
QUO_0000002415,CUST_00004393,PROD_HOME_PREMIUM,CH_MOBILE,,2024-06-01,671.66,1.0418,SENT,
QUO_0000002416,CUST_00004394,PROD_HOME_BASIC,CH_MOBILE,,2024-01-30,275.48,1.0537,SENT,
QUO_0000002417,CUST_00004395,PROD_ACCIDENT_STANDARD,CH_MOBILE,,2024-08-26,252.61,0.8635,DECLINED,
QUO_0000002418,CUST_00004397,PROD_LIFE_PREMIUM,CH_EMAIL,,2025-04-11,962.64,0.884,SENT,
QUO_0000002419,CUST_00004398,PROD_LIFE_PREMIUM,CH_MOBILE,,2025-07-19,975.99,0.9254,EXPIRED,
QUO_0000002420,CUST_00004399,PROD_HOME_STANDARD,CH_EMAIL,,2022-04-04,454.58,1.2175,SENT,
QUO_0000002421,CUST_00004400,PROD_HEALTH_BASIC,CH_EMAIL,,2023-12-17,761.93,1.0539,SENT,
QUO_0000002422,CUST_00004401,PROD_HOME_PREMIUM,CH_MOBILE,,2022-07-15,815.73,0.9609,EXPIRED,
QUO_0000002423,CUST_00004405,PROD_PET_STANDARD,CH_MOBILE,,2025-08-25,308.94,1.0227,EXPIRED,
QUO_0000002424,CUST_00004406,PROD_LIFE_BASIC,CH_EMAIL,,2025-08-24,281.72,0.8636,ACCEPTED,
QUO_0000002425,CUST_00004407,PROD_ACCIDENT_STANDARD,CH_MOBILE,,2024-06-11,233.31,0.9086,DECLINED,
QUO_0000002426,CUST_00004408,PROD_PET_STANDARD,CH_EMAIL,,2022-06-06,353.99,1.1156,DECLINED,
QUO_0000002427,CUST_00004415,PROD_TRAVEL_STANDARD,CH_EMAIL,,2021-11-03,155.18,0.9773,SENT,
QUO_0000002428,CUST_00004418,PROD_ACCIDENT_STANDARD,CH_MOBILE,,2025-06-13,244.46,1.0052,ACCEPTED,
QUO_0000002429,CUST_00004422,PROD_AUTO_STANDARD,CH_EMAIL,,2022-08-05,671.37,0.9086,DECLINED,
QUO_0000002430,CUST_00004427,PROD_LIFE_PREMIUM,CH_MOBILE,,2024-01-08,989.74,0.8941,SENT,
QUO_0000002431,CUST_00004428,PROD_HOME_PREMIUM,CH_CALL_CENTER,AGT_00016,2020-05-22,854.38,0.9046,SENT,
QUO_0000002432,CUST_00004429,PROD_LIFE_STANDARD,CH_EMAIL,,2023-07-06,447.08,0.8635,DECLINED,
QUO_0000002433,CUST_00004431,PROD_TRAVEL_STANDARD,CH_MOBILE,,2026-01-02,138.04,1.0367,ACCEPTED,
QUO_0000002434,CUST_00004432,PROD_AUTO_BASIC,CH_EMAIL,,2026-06-22,518.62,0.9135,DECLINED,
QUO_0000002435,CUST_00004433,PROD_AUTO_STANDARD,CH_EMAIL,,2024-08-24,860.51,0.7593,DECLINED,
QUO_0000002436,CUST_00004434,PROD_HOME_BASIC,CH_MOBILE,,2025-07-09,297.36,0.9912,SENT,
QUO_0000002437,CUST_00004436,PROD_TRAVEL_STANDARD,CH_EMAIL,,2025-11-24,158.23,0.9846,DECLINED,
QUO_0000002438,CUST_00004437,PROD_HOME_PREMIUM,CH_MOBILE,,2025-07-02,862.56,0.9719,SENT,
QUO_0000002439,CUST_00004443,PROD_AUTO_BASIC,CH_MOBILE,,2025-04-15,597.93,1.0013,ACCEPTED,
QUO_0000002440,CUST_00004444,PROD_AUTO_BASIC,CH_EMAIL,,2025-07-01,577.98,0.8486,DECLINED,
QUO_0000002441,CUST_00004446,PROD_LIFE_STANDARD,CH_EMAIL,,2022-12-16,412.8,0.925,DECLINED,
QUO_0000002442,CUST_00004449,PROD_AUTO_BASIC,CH_MOBILE,,2026-05-24,509.61,1.212,DECLINED,
QUO_0000002443,CUST_00004451,PROD_AUTO_PREMIUM,CH_EMAIL,,2026-06-21,1106.54,0.9988,DECLINED,
QUO_0000002444,CUST_00004453,PROD_ACCIDENT_STANDARD,CH_EMAIL,,2024-05-24,234.49,0.9317,DECLINED,
QUO_0000002445,CUST_00004454,PROD_TRAVEL_STANDARD,CH_MOBILE,,2026-02-15,156.29,0.9155,SENT,
QUO_0000002446,CUST_00004456,PROD_AUTO_STANDARD,CH_EMAIL,,2025-10-25,808.05,0.9682,ACCEPTED,
QUO_0000002447,CUST_00004457,PROD_HEALTH_BASIC,CH_CALL_CENTER,AGT_00161,2026-03-28,748.64,0.997,ACCEPTED,
QUO_0000002448,CUST_00004458,PROD_HOME_STANDARD,CH_MOBILE,,2025-07-20,537.02,0.9398,DECLINED,
QUO_0000002449,CUST_00004459,PROD_AUTO_BASIC,CH_MOBILE,,2025-08-19,579.07,0.9077,SENT,
QUO_0000002450,CUST_00004460,PROD_HEALTH_PREMIUM,CH_MOBILE,,2025-01-15,1507.08,1.024,EXPIRED,
QUO_0000002451,CUST_00004461,PROD_HOME_PREMIUM,CH_MOBILE,,2026-05-05,698.89,0.8814,DECLINED,
QUO_0000002452,CUST_00004463,PROD_LIFE_STANDARD,CH_MOBILE,,2024-11-27,377.45,0.7988,SENT,
QUO_0000002453,CUST_00004466,PROD_TRAVEL_STANDARD,CH_MOBILE,,2022-02-23,135.45,1.0292,DECLINED,
QUO_0000002454,CUST_00004471,PROD_HEALTH_PREMIUM,CH_MOBILE,,2026-01-01,1407.22,0.7076,DECLINED,
QUO_0000002455,CUST_00004472,PROD_TRAVEL_STANDARD,CH_EMAIL,,2023-05-07,132.97,0.9186,SENT,
QUO_0000002456,CUST_00004473,PROD_PET_STANDARD,CH_EMAIL,,2024-12-29,334.68,0.8234,SENT,
QUO_0000002457,CUST_00004474,PROD_LIFE_PREMIUM,CH_EMAIL,,2023-12-26,850.38,0.9438,SENT,
QUO_0000002458,CUST_00004475,PROD_HOME_STANDARD,CH_MOBILE,,2024-08-08,532.19,0.8642,DECLINED,
QUO_0000002459,CUST_00004478,PROD_PET_STANDARD,CH_EMAIL,,2025-11-25,392.86,1.2894,SENT,
QUO_0000002460,CUST_00004480,PROD_HEALTH_PREMIUM,CH_EMAIL,,2025-06-26,1314.49,1.1555,SENT,
QUO_0000002461,CUST_00004481,PROD_TRAVEL_STANDARD,CH_EMAIL,,2024-09-13,131.31,1.1752,SENT,
QUO_0000002462,CUST_00004482,PROD_LIFE_STANDARD,CH_MOBILE,,2025-08-19,406.21,1.0374,EXPIRED,
QUO_0000002463,CUST_00004484,PROD_HOME_BASIC,CH_EMAIL,,2023-12-28,300.04,0.9246,SENT,
QUO_0000002464,CUST_00004485,PROD_HOME_STANDARD,CH_EMAIL,,2026-05-22,539.69,1.126,DECLINED,
QUO_0000002465,CUST_00004486,PROD_HOME_PREMIUM,CH_MOBILE,,2025-03-04,848.24,1.0195,DECLINED,
QUO_0000002466,CUST_00004487,PROD_TRAVEL_STANDARD,CH_EMAIL,,2026-06-20,153.06,0.9892,EXPIRED,
QUO_0000002467,CUST_00004488,PROD_HEALTH_BASIC,CH_MOBILE,,2025-09-26,785.86,0.9332,EXPIRED,
QUO_0000002468,CUST_00004489,PROD_AUTO_PREMIUM,CH_EMAIL,,2025-02-07,993.73,1.1719,DECLINED,
QUO_0000002469,CUST_00004490,PROD_AUTO_STANDARD,CH_EMAIL,,2026-01-03,775.71,1.1516,EXPIRED,
QUO_0000002470,CUST_00004491,PROD_TRAVEL_STANDARD,CH_EMAIL,,2022-07-27,139.82,0.9746,DECLINED,
QUO_0000002471,CUST_00004492,PROD_AUTO_PREMIUM,CH_MOBILE,,2025-07-11,1318.2,0.9999,EXPIRED,
QUO_0000002472,CUST_00004495,PROD_AUTO_BASIC,CH_EMAIL,,2026-01-28,551.69,1.0978,ACCEPTED,
QUO_0000002473,CUST_00004498,PROD_AUTO_BASIC,CH_EMAIL,,2026-03-17,464.74,1.1177,DECLINED,
QUO_0000002474,CUST_00004499,PROD_LIFE_STANDARD,CH_EMAIL,,2025-03-02,445.62,1.0877,DECLINED,
QUO_0000002475,CUST_00004501,PROD_HEALTH_STANDARD,CH_EMAIL,,2025-02-03,942.25,0.8749,DECLINED,
QUO_0000002476,CUST_00004504,PROD_HEALTH_BASIC,CH_MOBILE,,2024-04-30,606.68,1.1132,SENT,
QUO_0000002477,CUST_00004510,PROD_HOME_BASIC,CH_EMAIL,,2023-07-18,342.14,0.9426,SENT,
QUO_0000002478,CUST_00004514,PROD_HEALTH_PREMIUM,CH_MOBILE,,2024-05-24,1424.62,1.161,DECLINED,
QUO_0000002479,CUST_00004515,PROD_AUTO_BASIC,CH_MOBILE,,2023-11-02,607.17,1.0186,EXPIRED,
QUO_0000002480,CUST_00004517,PROD_AUTO_STANDARD,CH_EMAIL,,2025-02-08,819.75,0.9933,DECLINED,
QUO_0000002481,CUST_00004521,PROD_HOME_BASIC,CH_MOBILE,,2021-09-30,352.33,1.1438,SENT,
QUO_0000002482,CUST_00004522,PROD_LIFE_STANDARD,CH_EMAIL,,2024-07-07,479.67,0.961,EXPIRED,
QUO_0000002483,CUST_00004524,PROD_AUTO_STANDARD,CH_EMAIL,,2025-03-30,849.05,0.7787,DECLINED,
QUO_0000002484,CUST_00004525,PROD_HEALTH_PREMIUM,CH_EMAIL,,2025-10-06,1355.43,0.9299,SENT,
QUO_0000002485,CUST_00004531,PROD_HEALTH_BASIC,CH_CALL_CENTER,AGT_00077,2023-12-17,616.84,0.8211,DECLINED,
QUO_0000002486,CUST_00004532,PROD_ACCIDENT_STANDARD,CH_MOBILE,,2025-09-10,204.81,0.8679,SENT,
QUO_0000002487,CUST_00004534,PROD_PET_STANDARD,CH_EMAIL,,2026-03-31,295.08,1.04,SENT,
QUO_0000002488,CUST_00004536,PROD_ACCIDENT_STANDARD,CH_MOBILE,,2024-11-12,232.1,0.978,SENT,
QUO_0000002489,CUST_00004538,PROD_AUTO_BASIC,CH_MOBILE,,2026-06-05,479.05,0.9491,SENT,
QUO_0000002490,CUST_00004539,PROD_LIFE_STANDARD,CH_EMAIL,,2023-05-23,459.46,1.034,DECLINED,
QUO_0000002491,CUST_00004540,PROD_AUTO_PREMIUM,CH_EMAIL,,2023-10-07,999.19,1.0262,DECLINED,
QUO_0000002492,CUST_00004543,PROD_TRAVEL_STANDARD,CH_EMAIL,,2023-10-09,165.31,0.788,EXPIRED,
QUO_0000002493,CUST_00004545,PROD_ACCIDENT_STANDARD,CH_EMAIL,,2026-05-08,249.35,0.8607,ACCEPTED,
QUO_0000002494,CUST_00004547,PROD_TRAVEL_STANDARD,CH_EMAIL,,2025-02-25,140.59,0.8533,SENT,
QUO_0000002495,CUST_00004549,PROD_LIFE_PREMIUM,CH_MOBILE,,2025-11-19,769.15,1.032,SENT,
QUO_0000002496,CUST_00004550,PROD_PET_STANDARD,CH_MOBILE,,2025-05-06,352.14,0.8484,ACCEPTED,
QUO_0000002497,CUST_00004551,PROD_HEALTH_STANDARD,CH_WEB,,2026-05-23,877.14,0.8481,ACCEPTED,
QUO_0000002498,CUST_00004552,PROD_LIFE_PREMIUM,CH_MOBILE,,2026-03-29,885.02,0.8179,DECLINED,
QUO_0000002499,CUST_00004554,PROD_HOME_BASIC,CH_EMAIL,,2025-08-21,328.35,1.1209,SENT,
QUO_0000002500,CUST_00004555,PROD_LIFE_STANDARD,CH_MOBILE,,2025-06-28,364.76,0.9073,SENT,
QUO_0000002501,CUST_00004557,PROD_HEALTH_BASIC,CH_EMAIL,,2026-03-14,752.57,1.0325,ACCEPTED,
QUO_0000002502,CUST_00004558,PROD_AUTO_BASIC,CH_EMAIL,,2023-02-24,559.31,0.9684,SENT,
QUO_0000002503,CUST_00004561,PROD_AUTO_PREMIUM,CH_MOBILE,,2026-02-11,979.32,0.8711,DECLINED,
QUO_0000002504,CUST_00004562,PROD_HEALTH_STANDARD,CH_MOBILE,,2024-05-22,1110.05,0.9042,EXPIRED,
QUO_0000002505,CUST_00004563,PROD_HEALTH_BASIC,CH_EMAIL,,2025-03-30,734.71,0.893,ACCEPTED,
QUO_0000002506,CUST_00004567,PROD_HOME_PREMIUM,CH_EMAIL,,2026-05-10,875.36,0.7559,DECLINED,
QUO_0000002507,CUST_00004569,PROD_AUTO_BASIC,CH_MOBILE,,2025-08-29,553.98,0.9828,DECLINED,
QUO_0000002508,CUST_00004570,PROD_LIFE_PREMIUM,CH_MOBILE,,2024-06-29,888.31,1.1852,EXPIRED,
QUO_0000002509,CUST_00004572,PROD_HEALTH_STANDARD,CH_EMAIL,,2026-03-14,997.9,1.0574,ACCEPTED,
QUO_0000002510,CUST_00004573,PROD_TRAVEL_STANDARD,CH_EMAIL,,2021-10-18,162.23,0.9568,ACCEPTED,
QUO_0000002511,CUST_00004574,PROD_HOME_BASIC,CH_EMAIL,,2025-11-22,280.79,1.121,SENT,
QUO_0000002512,CUST_00004575,PROD_HOME_STANDARD,CH_MOBILE,,2024-11-03,459.92,1.0219,SENT,
QUO_0000002513,CUST_00004576,PROD_TRAVEL_STANDARD,CH_MOBILE,,2025-07-30,125.39,0.9464,SENT,
QUO_0000002514,CUST_00004579,PROD_AUTO_STANDARD,CH_MOBILE,,2025-07-10,877.12,1.0299,SENT,
QUO_0000002515,CUST_00004580,PROD_HOME_PREMIUM,CH_EMAIL,,2025-05-30,895.98,1.216,SENT,
QUO_0000002516,CUST_00004581,PROD_ACCIDENT_STANDARD,CH_EMAIL,,2026-06-18,217.63,1.1312,DECLINED,
QUO_0000002517,CUST_00004583,PROD_HOME_PREMIUM,CH_EMAIL,,2022-10-12,666.75,0.9784,DECLINED,
QUO_0000002518,CUST_00004584,PROD_LIFE_BASIC,CH_MOBILE,,2021-02-19,248.15,1.0764,ACCEPTED,
QUO_0000002519,CUST_00004596,PROD_ACCIDENT_STANDARD,CH_EMAIL,,2025-04-29,269.58,0.9447,EXPIRED,
QUO_0000002520,CUST_00004597,PROD_HEALTH_STANDARD,CH_EMAIL,,2026-03-13,1026.49,1.0229,DECLINED,
QUO_0000002521,CUST_00004599,PROD_ACCIDENT_STANDARD,CH_MOBILE,,2024-08-02,230.74,1.0641,DECLINED,
QUO_0000002522,CUST_00004601,PROD_PET_STANDARD,CH_EMAIL,,2023-12-26,293.23,0.9371,EXPIRED,
QUO_0000002523,CUST_00004602,PROD_HOME_STANDARD,CH_BROKER,,2020-09-05,533.32,0.9129,SENT,
QUO_0000002524,CUST_00004603,PROD_AUTO_PREMIUM,CH_EMAIL,,2025-08-05,1266.3,0.9705,ACCEPTED,
QUO_0000002525,CUST_00004606,PROD_ACCIDENT_STANDARD,CH_MOBILE,,2021-08-13,223.54,0.8317,SENT,
QUO_0000002526,CUST_00004609,PROD_HOME_BASIC,CH_EMAIL,,2021-10-14,332.16,0.7448,SENT,
QUO_0000002527,CUST_00004611,PROD_LIFE_PREMIUM,CH_EMAIL,,2025-09-14,785.46,0.8916,SENT,
QUO_0000002528,CUST_00004612,PROD_HEALTH_STANDARD,CH_EMAIL,,2024-01-28,904.91,1.0404,ACCEPTED,
QUO_0000002529,CUST_00004613,PROD_AUTO_PREMIUM,CH_EMAIL,,2025-10-14,1256.69,0.9853,DECLINED,
QUO_0000002530,CUST_00004615,PROD_AUTO_BASIC,CH_MOBILE,,2022-11-26,447.82,0.987,EXPIRED,
QUO_0000002531,CUST_00004617,PROD_HOME_BASIC,CH_MOBILE,,2025-10-07,292.93,1.0194,ACCEPTED,
QUO_0000002532,CUST_00004618,PROD_HOME_STANDARD,CH_MOBILE,,2025-09-11,470.01,0.9883,EXPIRED,
QUO_0000002533,CUST_00004619,PROD_HEALTH_PREMIUM,CH_EMAIL,,2022-09-09,1589.32,1.055,SENT,
QUO_0000002534,CUST_00004620,PROD_LIFE_BASIC,CH_EMAIL,,2024-01-28,229.94,0.9095,ACCEPTED,
QUO_0000002535,CUST_00004621,PROD_TRAVEL_STANDARD,CH_MOBILE,,2020-04-27,170.72,1.1277,DECLINED,
QUO_0000002536,CUST_00004622,PROD_PET_STANDARD,CH_MOBILE,,2023-01-23,312.09,1.35,DECLINED,
QUO_0000002537,CUST_00004625,PROD_AUTO_STANDARD,CH_EMAIL,,2026-05-20,871.16,0.8547,EXPIRED,
QUO_0000002538,CUST_00004626,PROD_HEALTH_STANDARD,CH_BROKER,,2023-12-08,1121.78,1.0332,SENT,
QUO_0000002539,CUST_00004637,PROD_PET_STANDARD,CH_EMAIL,,2026-04-14,312.99,0.8134,SENT,
QUO_0000002540,CUST_00004640,PROD_HEALTH_STANDARD,CH_EMAIL,,2025-10-27,995.46,1.0946,SENT,
QUO_0000002541,CUST_00004642,PROD_AUTO_STANDARD,CH_MOBILE,,2023-09-25,659.46,0.9022,SENT,
QUO_0000002542,CUST_00004643,PROD_AUTO_STANDARD,CH_EMAIL,,2026-05-16,795.19,1.0243,SENT,
QUO_0000002543,CUST_00004644,PROD_PET_STANDARD,CH_EMAIL,,2025-11-30,328.18,1.0459,ACCEPTED,
QUO_0000002544,CUST_00004645,PROD_HEALTH_PREMIUM,CH_MOBILE,,2026-05-31,1672.5,1.2378,ACCEPTED,
QUO_0000002545,CUST_00004646,PROD_AUTO_BASIC,CH_MOBILE,,2022-08-10,464.44,1.1412,ACCEPTED,
QUO_0000002546,CUST_00004647,PROD_LIFE_BASIC,CH_MOBILE,,2023-09-09,262.38,1.0068,DECLINED,
QUO_0000002547,CUST_00004649,PROD_HOME_PREMIUM,CH_EMAIL,,2024-12-16,772.83,1.0248,SENT,
QUO_0000002548,CUST_00004652,PROD_AUTO_STANDARD,CH_EMAIL,,2025-07-31,801.99,0.8594,ACCEPTED,
QUO_0000002549,CUST_00004654,PROD_LIFE_STANDARD,CH_EMAIL,,2024-12-03,363.83,1.0158,DECLINED,
QUO_0000002550,CUST_00004657,PROD_HOME_BASIC,CH_EMAIL,,2022-01-07,346.3,0.9125,ACCEPTED,
QUO_0000002551,CUST_00004659,PROD_LIFE_BASIC,CH_EMAIL,,2026-06-23,278.82,0.7754,ACCEPTED,
QUO_0000002552,CUST_00004660,PROD_LIFE_PREMIUM,CH_CALL_CENTER,AGT_00147,2026-06-19,818.14,0.9628,DECLINED,
QUO_0000002553,CUST_00004661,PROD_LIFE_PREMIUM,CH_MOBILE,,2025-02-28,918.73,0.9141,SENT,
QUO_0000002554,CUST_00004663,PROD_AUTO_STANDARD,CH_MOBILE,,2026-05-20,663.88,0.9276,ACCEPTED,
QUO_0000002555,CUST_00004664,PROD_HOME_STANDARD,CH_EMAIL,,2025-12-11,482.73,0.8085,ACCEPTED,
QUO_0000002556,CUST_00004665,PROD_HOME_BASIC,CH_MOBILE,,2024-01-22,301.55,1.0707,SENT,
QUO_0000002557,CUST_00004666,PROD_LIFE_PREMIUM,CH_EMAIL,,2026-05-03,895.14,0.9748,SENT,
QUO_0000002558,CUST_00004667,PROD_HOME_BASIC,CH_EMAIL,,2024-08-18,345.4,0.8712,SENT,
QUO_0000002559,CUST_00004671,PROD_HEALTH_PREMIUM,CH_EMAIL,,2022-08-23,1699.43,0.8227,DECLINED,
QUO_0000002560,CUST_00004672,PROD_ACCIDENT_STANDARD,CH_EMAIL,,2024-08-15,215.65,1.0681,SENT,
QUO_0000002561,CUST_00004673,PROD_LIFE_PREMIUM,CH_CALL_CENTER,,2022-03-29,998.61,0.974,ACCEPTED,
QUO_0000002562,CUST_00004674,PROD_HEALTH_PREMIUM,CH_EMAIL,,2026-03-05,1360.54,0.9198,DECLINED,
QUO_0000002563,CUST_00004677,PROD_HOME_BASIC,CH_EMAIL,,2023-02-15,314.79,1.0337,EXPIRED,
QUO_0000002564,CUST_00004679,PROD_HEALTH_STANDARD,CH_EMAIL,,2024-12-13,1036.3,1.0887,DECLINED,
QUO_0000002565,CUST_00004681,PROD_AUTO_PREMIUM,CH_EMAIL,,2026-06-07,978.82,1.0158,DECLINED,
QUO_0000002566,CUST_00004683,PROD_LIFE_BASIC,CH_MOBILE,,2023-10-07,251.19,1.1631,SENT,
QUO_0000002567,CUST_00004684,PROD_AUTO_PREMIUM,CH_EMAIL,,2025-03-18,997.07,0.8079,EXPIRED,
QUO_0000002568,CUST_00004687,PROD_LIFE_STANDARD,CH_EMAIL,,2020-10-18,413.23,1.0133,DECLINED,
QUO_0000002569,CUST_00004689,PROD_AUTO_STANDARD,CH_CALL_CENTER,AGT_00133,2025-10-24,833.51,1.105,DECLINED,
QUO_0000002570,CUST_00004690,PROD_HEALTH_BASIC,CH_MOBILE,,2026-04-15,741.16,1.0837,EXPIRED,
QUO_0000002571,CUST_00004691,PROD_ACCIDENT_STANDARD,CH_MOBILE,,2024-10-14,212.06,0.8976,DECLINED,
QUO_0000002572,CUST_00004692,PROD_AUTO_STANDARD,CH_EMAIL,,2026-04-16,823.2,1.177,DECLINED,
QUO_0000002573,CUST_00004693,PROD_HEALTH_PREMIUM,CH_MOBILE,,2023-04-28,1509.13,1.1525,DECLINED,
QUO_0000002574,CUST_00004694,PROD_TRAVEL_STANDARD,CH_EMAIL,,2023-03-20,138.29,1.1018,DECLINED,
QUO_0000002575,CUST_00004695,PROD_AUTO_BASIC,CH_MOBILE,,2026-05-08,568.55,0.8809,DECLINED,
QUO_0000002576,CUST_00004696,PROD_HOME_BASIC,CH_MOBILE,,2025-01-12,318.66,1.0049,DECLINED,
QUO_0000002577,CUST_00004698,PROD_HOME_PREMIUM,CH_EMAIL,,2022-11-15,793.2,1.0982,SENT,
QUO_0000002578,CUST_00004700,PROD_LIFE_PREMIUM,CH_MOBILE,,2023-05-16,773.41,0.9913,ACCEPTED,
QUO_0000002579,CUST_00004701,PROD_HOME_PREMIUM,CH_EMAIL,,2026-04-16,799.78,0.9882,EXPIRED,
QUO_0000002580,CUST_00004702,PROD_HOME_STANDARD,CH_EMAIL,,2024-08-26,548.49,0.7669,SENT,
QUO_0000002581,CUST_00004703,PROD_AUTO_PREMIUM,CH_MOBILE,,2025-11-06,1102.98,1.059,SENT,
QUO_0000002582,CUST_00004705,PROD_PET_STANDARD,CH_MOBILE,,2026-01-22,374.42,1.1067,SENT,
QUO_0000002583,CUST_00004707,PROD_ACCIDENT_STANDARD,CH_EMAIL,,2025-07-20,216.25,0.958,SENT,
QUO_0000002584,CUST_00004708,PROD_HEALTH_BASIC,CH_EMAIL,,2024-10-01,717.58,1.1306,DECLINED,
QUO_0000002585,CUST_00004709,PROD_TRAVEL_STANDARD,CH_EMAIL,,2022-08-03,137.43,0.8185,SENT,
QUO_0000002586,CUST_00004711,PROD_LIFE_STANDARD,CH_MOBILE,,2026-03-23,365.93,0.9625,EXPIRED,
QUO_0000002587,CUST_00004712,PROD_LIFE_PREMIUM,CH_EMAIL,,2026-01-16,732.03,0.8416,DECLINED,
QUO_0000002588,CUST_00004714,PROD_LIFE_PREMIUM,CH_EMAIL,,2022-07-26,947.71,0.83,DECLINED,
QUO_0000002589,CUST_00004716,PROD_AUTO_PREMIUM,CH_EMAIL,,2025-01-06,968.98,1.0314,ACCEPTED,
QUO_0000002590,CUST_00004717,PROD_ACCIDENT_STANDARD,CH_MOBILE,,2025-06-16,202.51,0.8029,DECLINED,
QUO_0000002591,CUST_00004719,PROD_AUTO_PREMIUM,CH_MOBILE,,2021-04-07,1046.94,1.1601,ACCEPTED,
QUO_0000002592,CUST_00004720,PROD_PET_STANDARD,CH_MOBILE,,2026-02-12,376.02,0.8737,EXPIRED,
QUO_0000002593,CUST_00004721,PROD_HOME_STANDARD,CH_MOBILE,,2024-04-28,552.96,1.1464,EXPIRED,
QUO_0000002594,CUST_00004727,PROD_HOME_STANDARD,CH_MOBILE,,2025-08-07,452.96,1.0933,DECLINED,
QUO_0000002595,CUST_00004728,PROD_LIFE_PREMIUM,CH_MOBILE,,2024-05-29,803.35,0.9135,SENT,
QUO_0000002596,CUST_00004729,PROD_LIFE_BASIC,CH_EMAIL,,2026-05-06,236.24,1.0172,SENT,
QUO_0000002597,CUST_00004730,PROD_LIFE_BASIC,CH_EMAIL,,2024-07-28,254.92,0.9436,EXPIRED,
QUO_0000002598,CUST_00004735,PROD_ACCIDENT_STANDARD,CH_MOBILE,,2026-03-26,227.99,1.0865,DECLINED,
QUO_0000002599,CUST_00004739,PROD_HOME_PREMIUM,CH_EMAIL,,2026-05-07,716.84,0.9679,EXPIRED,
QUO_0000002600,CUST_00004741,PROD_HOME_BASIC,CH_EMAIL,,2023-08-13,350.29,0.8901,SENT,
QUO_0000002601,CUST_00004743,PROD_HEALTH_PREMIUM,CH_EMAIL,,2025-03-15,1551.73,0.9478,ACCEPTED,
QUO_0000002602,CUST_00004744,PROD_LIFE_BASIC,CH_CALL_CENTER,,2024-05-24,208.63,0.9552,ACCEPTED,
QUO_0000002603,CUST_00004745,PROD_HEALTH_BASIC,CH_EMAIL,,2026-06-14,701.79,0.8507,DECLINED,
QUO_0000002604,CUST_00004747,PROD_ACCIDENT_STANDARD,CH_MOBILE,,2024-07-09,259.18,0.8938,SENT,
QUO_0000002605,CUST_00004749,PROD_ACCIDENT_STANDARD,CH_EMAIL,,2023-01-26,211.8,0.9053,SENT,
QUO_0000002606,CUST_00004750,PROD_LIFE_STANDARD,CH_EMAIL,,2026-01-15,463.99,1.2807,SENT,
QUO_0000002607,CUST_00004751,PROD_HOME_PREMIUM,CH_MOBILE,,2020-11-09,695.55,0.7752,EXPIRED,
QUO_0000002608,CUST_00004753,PROD_LIFE_PREMIUM,CH_EMAIL,,2026-03-20,958.53,0.9697,DECLINED,
QUO_0000002609,CUST_00004754,PROD_LIFE_STANDARD,CH_MOBILE,,2024-05-08,458.98,0.9113,DECLINED,
QUO_0000002610,CUST_00004755,PROD_HEALTH_STANDARD,CH_MOBILE,,2024-08-16,1112.67,1.0886,DECLINED,
QUO_0000002611,CUST_00004757,PROD_LIFE_PREMIUM,CH_EMAIL,,2026-05-15,833.7,1.0193,ACCEPTED,
QUO_0000002612,CUST_00004758,PROD_LIFE_STANDARD,CH_MOBILE,,2024-02-23,458.73,0.7218,ACCEPTED,
QUO_0000002613,CUST_00004759,PROD_HEALTH_STANDARD,CH_EMAIL,,2024-05-11,870.79,1.1363,DECLINED,
QUO_0000002614,CUST_00004761,PROD_LIFE_BASIC,CH_MOBILE,,2026-06-30,226.39,0.9082,ACCEPTED,
QUO_0000002615,CUST_00004762,PROD_HOME_PREMIUM,CH_EMAIL,,2025-09-14,808.03,0.883,DECLINED,
QUO_0000002616,CUST_00004764,PROD_PET_STANDARD,CH_MOBILE,,2025-12-06,304.12,0.9256,SENT,
QUO_0000002617,CUST_00004765,PROD_HEALTH_BASIC,CH_MOBILE,,2025-08-05,696.78,0.9324,EXPIRED,
QUO_0000002618,CUST_00004766,PROD_HOME_BASIC,CH_MOBILE,,2025-11-17,310.67,1.0079,SENT,
QUO_0000002619,CUST_00004773,PROD_PET_STANDARD,CH_MOBILE,,2026-06-19,400.76,0.7416,SENT,
QUO_0000002620,CUST_00004775,PROD_HEALTH_BASIC,CH_MOBILE,,2024-08-29,791.56,0.9253,DECLINED,
QUO_0000002621,CUST_00004778,PROD_TRAVEL_STANDARD,CH_MOBILE,,2026-01-29,150.65,1.0663,ACCEPTED,
QUO_0000002622,CUST_00004779,PROD_AUTO_STANDARD,CH_MOBILE,,2026-01-12,880.58,1.0928,SENT,
QUO_0000002623,CUST_00004780,PROD_LIFE_STANDARD,CH_EMAIL,,2025-11-13,473.04,0.8097,DECLINED,
QUO_0000002624,CUST_00004781,PROD_AUTO_PREMIUM,CH_EMAIL,,2021-11-30,1147.51,0.9137,SENT,
QUO_0000002625,CUST_00004782,PROD_AUTO_STANDARD,CH_EMAIL,,2022-10-31,772.14,0.7327,DECLINED,
QUO_0000002626,CUST_00004783,PROD_LIFE_STANDARD,CH_MOBILE,,2025-09-14,482.85,0.7793,ACCEPTED,
QUO_0000002627,CUST_00004785,PROD_LIFE_PREMIUM,CH_EMAIL,,2026-03-13,805.51,1.1064,EXPIRED,
QUO_0000002628,CUST_00004787,PROD_HEALTH_STANDARD,CH_EMAIL,,2025-03-12,887.39,0.8163,DECLINED,
QUO_0000002629,CUST_00004788,PROD_AUTO_BASIC,CH_MOBILE,,2026-06-25,454.84,0.8835,EXPIRED,
QUO_0000002630,CUST_00004789,PROD_ACCIDENT_STANDARD,CH_MOBILE,,2024-04-26,234.25,0.8722,DECLINED,
QUO_0000002631,CUST_00004790,PROD_TRAVEL_STANDARD,CH_EMAIL,,2024-03-12,131.2,0.7305,EXPIRED,
QUO_0000002632,CUST_00004795,PROD_HEALTH_PREMIUM,CH_EMAIL,,2025-02-15,1729.23,0.8638,SENT,
QUO_0000002633,CUST_00004796,PROD_LIFE_PREMIUM,CH_MOBILE,,2023-04-25,792.58,1.0439,SENT,
QUO_0000002634,CUST_00004797,PROD_LIFE_BASIC,CH_MOBILE,,2024-07-31,226.03,1.0495,ACCEPTED,
QUO_0000002635,CUST_00004802,PROD_AUTO_BASIC,CH_MOBILE,,2025-11-08,609.56,0.9035,SENT,
QUO_0000002636,CUST_00004803,PROD_LIFE_BASIC,CH_EMAIL,,2021-04-20,233.78,0.9007,SENT,
QUO_0000002637,CUST_00004806,PROD_HEALTH_PREMIUM,CH_EMAIL,,2026-01-15,1455.55,1.2183,SENT,
QUO_0000002638,CUST_00004808,PROD_AUTO_PREMIUM,CH_MOBILE,,2026-01-02,1044.24,1.2635,EXPIRED,
QUO_0000002639,CUST_00004810,PROD_HEALTH_BASIC,CH_EMAIL,,2024-02-27,627.27,0.8802,EXPIRED,
QUO_0000002640,CUST_00004811,PROD_AUTO_PREMIUM,CH_EMAIL,,2024-10-05,1246.16,0.9742,DECLINED,
QUO_0000002641,CUST_00004813,PROD_HOME_BASIC,CH_EMAIL,,2024-02-02,313.3,0.9209,SENT,
QUO_0000002642,CUST_00004817,PROD_HEALTH_STANDARD,CH_EMAIL,,2025-11-12,931.58,1.0714,EXPIRED,
QUO_0000002643,CUST_00004818,PROD_HOME_STANDARD,CH_EMAIL,,2026-06-09,469.6,1.0545,SENT,
QUO_0000002644,CUST_00004820,PROD_HEALTH_STANDARD,CH_MOBILE,,2023-08-02,1132.27,1.1377,DECLINED,
QUO_0000002645,CUST_00004821,PROD_HOME_PREMIUM,CH_EMAIL,,2026-03-30,677.62,0.907,ACCEPTED,
QUO_0000002646,CUST_00004828,PROD_AUTO_STANDARD,CH_EMAIL,,2025-06-28,727.77,1.1146,EXPIRED,
QUO_0000002647,CUST_00004829,PROD_HEALTH_PREMIUM,CH_MOBILE,,2024-01-27,1679.73,0.9338,ACCEPTED,
QUO_0000002648,CUST_00004832,PROD_HOME_STANDARD,CH_EMAIL,,2026-02-11,529.18,0.9816,EXPIRED,
QUO_0000002649,CUST_00004833,PROD_TRAVEL_STANDARD,CH_MOBILE,,2025-01-05,139.72,1.1699,EXPIRED,
QUO_0000002650,CUST_00004834,PROD_AUTO_STANDARD,CH_EMAIL,,2023-01-12,894.55,1.0808,SENT,
QUO_0000002651,CUST_00004838,PROD_AUTO_BASIC,CH_MOBILE,,2026-01-31,604.14,1.0614,ACCEPTED,
QUO_0000002652,CUST_00004839,PROD_PET_STANDARD,CH_EMAIL,,2025-04-02,360.46,0.9715,DECLINED,
QUO_0000002653,CUST_00004840,PROD_AUTO_STANDARD,CH_EMAIL,,2024-09-15,824.3,0.7563,DECLINED,
QUO_0000002654,CUST_00004841,PROD_HOME_PREMIUM,CH_EMAIL,,2022-01-03,684.6,0.8374,SENT,
QUO_0000002655,CUST_00004845,PROD_HOME_PREMIUM,CH_EMAIL,,2025-02-19,875.38,1.1319,EXPIRED,
QUO_0000002656,CUST_00004851,PROD_LIFE_STANDARD,CH_MOBILE,,2025-02-14,385.55,0.9791,DECLINED,
QUO_0000002657,CUST_00004852,PROD_AUTO_PREMIUM,CH_MOBILE,,2025-10-28,1250.07,1.1576,SENT,
QUO_0000002658,CUST_00004853,PROD_ACCIDENT_STANDARD,CH_EMAIL,,2026-06-28,270.89,0.7546,EXPIRED,
QUO_0000002659,CUST_00004855,PROD_AUTO_BASIC,CH_EMAIL,,2023-11-01,562.9,1.1045,DECLINED,
QUO_0000002660,CUST_00004856,PROD_HEALTH_STANDARD,CH_MOBILE,,2020-11-04,892.18,1.0095,EXPIRED,
QUO_0000002661,CUST_00004858,PROD_TRAVEL_STANDARD,CH_EMAIL,,2026-05-16,124.79,0.9313,ACCEPTED,
QUO_0000002662,CUST_00004861,PROD_LIFE_STANDARD,CH_EMAIL,,2025-04-05,376.47,0.8049,EXPIRED,
QUO_0000002663,CUST_00004863,PROD_ACCIDENT_STANDARD,CH_MOBILE,,2024-06-19,215.15,0.8904,EXPIRED,
QUO_0000002664,CUST_00004864,PROD_HOME_PREMIUM,CH_EMAIL,,2024-06-09,735.92,0.9641,ACCEPTED,
QUO_0000002665,CUST_00004865,PROD_LIFE_STANDARD,CH_MOBILE,,2024-10-13,442.51,0.9848,ACCEPTED,
QUO_0000002666,CUST_00004866,PROD_HEALTH_BASIC,CH_MOBILE,,2025-06-05,602.57,0.9761,ACCEPTED,
QUO_0000002667,CUST_00004867,PROD_HOME_BASIC,CH_MOBILE,,2024-06-12,284.76,0.7685,ACCEPTED,
QUO_0000002668,CUST_00004868,PROD_HOME_STANDARD,CH_WEB,,2026-05-05,512.95,0.9438,SENT,
QUO_0000002669,CUST_00004871,PROD_AUTO_PREMIUM,CH_EMAIL,,2026-03-06,1086.93,0.8948,DECLINED,
QUO_0000002670,CUST_00004872,PROD_AUTO_STANDARD,CH_MOBILE,,2021-11-03,781.55,1.0666,SENT,
QUO_0000002671,CUST_00004875,PROD_AUTO_STANDARD,CH_EMAIL,,2024-04-07,814.58,1.0537,DECLINED,
QUO_0000002672,CUST_00004876,PROD_PET_STANDARD,CH_EMAIL,,2026-04-13,312.85,0.9459,DECLINED,
QUO_0000002673,CUST_00004881,PROD_LIFE_BASIC,CH_EMAIL,,2025-08-30,264.78,0.8416,DECLINED,
QUO_0000002674,CUST_00004888,PROD_AUTO_STANDARD,CH_EMAIL,,2023-01-15,775.21,0.9357,SENT,
QUO_0000002675,CUST_00004890,PROD_HEALTH_STANDARD,CH_EMAIL,,2021-11-02,1138.67,0.9482,EXPIRED,
QUO_0000002676,CUST_00004892,PROD_AUTO_STANDARD,CH_EMAIL,,2026-02-08,752.51,1.1204,SENT,
QUO_0000002677,CUST_00004893,PROD_HOME_PREMIUM,CH_EMAIL,,2026-06-15,743.41,1.1311,SENT,
QUO_0000002678,CUST_00004894,PROD_HOME_STANDARD,CH_MOBILE,,2025-08-18,427.73,1.1214,SENT,
QUO_0000002679,CUST_00004897,PROD_AUTO_BASIC,CH_EMAIL,,2024-11-10,561.46,1.0482,EXPIRED,
QUO_0000002680,CUST_00004899,PROD_HEALTH_BASIC,CH_EMAIL,,2024-04-07,800.4,1.0096,EXPIRED,
QUO_0000002681,CUST_00004901,PROD_AUTO_PREMIUM,CH_MOBILE,,2025-06-10,1199.36,0.8598,ACCEPTED,
QUO_0000002682,CUST_00004902,PROD_HOME_PREMIUM,CH_BRANCH,AGT_00161,2026-05-30,735.23,0.9874,ACCEPTED,
QUO_0000002683,CUST_00004903,PROD_AUTO_STANDARD,CH_MOBILE,,2023-04-01,860.37,0.9095,ACCEPTED,
QUO_0000002684,CUST_00004904,PROD_HOME_BASIC,CH_MOBILE,,2025-09-14,328.87,1.1039,SENT,
QUO_0000002685,CUST_00004905,PROD_AUTO_STANDARD,CH_EMAIL,,2025-03-23,878.09,0.947,SENT,
QUO_0000002686,CUST_00004906,PROD_HOME_BASIC,CH_EMAIL,,2023-06-22,337.8,0.8554,DECLINED,
QUO_0000002687,CUST_00004909,PROD_AUTO_PREMIUM,CH_EMAIL,,2024-05-01,1241.94,0.8071,DECLINED,
QUO_0000002688,CUST_00004910,PROD_HOME_STANDARD,CH_EMAIL,,2021-04-16,427.95,0.8658,DECLINED,
QUO_0000002689,CUST_00004912,PROD_AUTO_BASIC,CH_EMAIL,,2024-11-12,496.78,0.9581,DECLINED,
QUO_0000002690,CUST_00004913,PROD_HEALTH_BASIC,CH_EMAIL,,2026-01-20,714.11,1.1129,EXPIRED,
QUO_0000002691,CUST_00004914,PROD_AUTO_STANDARD,CH_MOBILE,,2020-06-16,701.72,0.9986,EXPIRED,
QUO_0000002692,CUST_00004917,PROD_LIFE_STANDARD,CH_EMAIL,,2025-03-22,473.61,0.9591,EXPIRED,
QUO_0000002693,CUST_00004919,PROD_LIFE_STANDARD,CH_MOBILE,,2025-03-06,389.72,1.1782,SENT,
QUO_0000002694,CUST_00004920,PROD_AUTO_BASIC,CH_EMAIL,,2026-06-13,584.61,1.0292,SENT,
QUO_0000002695,CUST_00004921,PROD_HEALTH_STANDARD,CH_MOBILE,,2023-06-14,1106.99,0.93,ACCEPTED,
QUO_0000002696,CUST_00004922,PROD_ACCIDENT_STANDARD,CH_MOBILE,,2024-11-27,201.03,1.0724,EXPIRED,
QUO_0000002697,CUST_00004923,PROD_HOME_PREMIUM,CH_EMAIL,,2024-06-29,747.4,0.9547,ACCEPTED,
QUO_0000002698,CUST_00004924,PROD_LIFE_PREMIUM,CH_EMAIL,,2023-09-09,888.21,1.0907,ACCEPTED,
QUO_0000002699,CUST_00004925,PROD_LIFE_BASIC,CH_EMAIL,,2024-02-04,244.44,0.936,SENT,
QUO_0000002700,CUST_00004926,PROD_ACCIDENT_STANDARD,CH_EMAIL,,2025-06-02,200.69,0.7239,DECLINED,
QUO_0000002701,CUST_00004928,PROD_LIFE_STANDARD,CH_EMAIL,,2024-08-25,382.03,1.1602,SENT,
QUO_0000002702,CUST_00004929,PROD_LIFE_STANDARD,CH_MOBILE,,2026-01-04,464.64,1.0113,ACCEPTED,
QUO_0000002703,CUST_00004931,PROD_ACCIDENT_STANDARD,CH_EMAIL,,2026-05-04,222.39,0.9969,DECLINED,
QUO_0000002704,CUST_00004936,PROD_TRAVEL_STANDARD,CH_MOBILE,,2024-03-18,168.44,1.0544,SENT,
QUO_0000002705,CUST_00004939,PROD_HEALTH_STANDARD,CH_EMAIL,,2025-06-25,879.9,0.9651,DECLINED,
QUO_0000002706,CUST_00004941,PROD_HOME_STANDARD,CH_MOBILE,,2025-09-17,509.33,1.0808,ACCEPTED,
QUO_0000002707,CUST_00004942,PROD_HEALTH_STANDARD,CH_EMAIL,,2022-07-26,1000.16,0.9932,EXPIRED,
QUO_0000002708,CUST_00004943,PROD_LIFE_STANDARD,CH_EMAIL,,2026-02-08,454.59,0.8625,SENT,
QUO_0000002709,CUST_00004944,PROD_AUTO_BASIC,CH_EMAIL,,2024-02-05,539.89,0.9586,EXPIRED,
QUO_0000002710,CUST_00004946,PROD_HEALTH_PREMIUM,CH_EMAIL,,2025-12-20,1409.44,1.1169,EXPIRED,
QUO_0000002711,CUST_00004947,PROD_LIFE_STANDARD,CH_MOBILE,,2024-11-16,449.42,0.9742,SENT,
QUO_0000002712,CUST_00004948,PROD_HOME_STANDARD,CH_EMAIL,,2026-03-28,456.87,1.0127,SENT,
QUO_0000002713,CUST_00004949,PROD_HEALTH_BASIC,CH_MOBILE,,2025-10-18,771.15,0.9467,DECLINED,
QUO_0000002714,CUST_00004950,PROD_AUTO_STANDARD,CH_EMAIL,,2026-04-24,669.14,0.8819,ACCEPTED,
QUO_0000002715,CUST_00004951,PROD_ACCIDENT_STANDARD,CH_EMAIL,,2023-06-03,204.51,1.0212,ACCEPTED,
QUO_0000002716,CUST_00004954,PROD_TRAVEL_STANDARD,CH_MOBILE,,2022-01-09,127.61,1.1231,SENT,
QUO_0000002717,CUST_00004955,PROD_AUTO_PREMIUM,CH_MOBILE,,2025-05-31,1172.8,0.9672,ACCEPTED,
QUO_0000002718,CUST_00004956,PROD_HOME_STANDARD,CH_MOBILE,,2025-06-25,450.28,0.922,DECLINED,
QUO_0000002719,CUST_00004957,PROD_HOME_PREMIUM,CH_EMAIL,,2025-01-29,890.16,1.0518,DECLINED,
QUO_0000002720,CUST_00004958,PROD_LIFE_BASIC,CH_EMAIL,,2026-02-17,246.37,0.8674,SENT,
QUO_0000002721,CUST_00004959,PROD_LIFE_PREMIUM,CH_EMAIL,,2026-05-25,979.49,0.7991,ACCEPTED,
QUO_0000002722,CUST_00004960,PROD_HEALTH_STANDARD,CH_MOBILE,,2025-06-18,997.12,1.2325,DECLINED,
QUO_0000002723,CUST_00004961,PROD_TRAVEL_STANDARD,CH_EMAIL,,2025-10-22,164.28,0.8169,SENT,
QUO_0000002724,CUST_00004962,PROD_HOME_STANDARD,CH_MOBILE,,2024-12-20,507.07,1.0368,EXPIRED,
QUO_0000002725,CUST_00004963,PROD_HEALTH_BASIC,CH_MOBILE,,2022-04-23,637.43,0.9868,DECLINED,
QUO_0000002726,CUST_00004965,PROD_LIFE_PREMIUM,CH_CALL_CENTER,AGT_00135,2023-11-10,869.37,1.0123,SENT,
QUO_0000002727,CUST_00004966,PROD_LIFE_BASIC,CH_EMAIL,,2025-04-22,267.39,1.0114,EXPIRED,
QUO_0000002728,CUST_00004967,PROD_HOME_STANDARD,CH_MOBILE,,2022-12-22,443.25,0.8488,DECLINED,
QUO_0000002729,CUST_00004968,PROD_HOME_BASIC,CH_EMAIL,,2024-04-28,291.89,1.1653,SENT,
QUO_0000002730,CUST_00004970,PROD_ACCIDENT_STANDARD,CH_MOBILE,,2026-03-31,255.57,1.1559,EXPIRED,
QUO_0000002731,CUST_00004972,PROD_HOME_PREMIUM,CH_MOBILE,,2025-01-28,753.33,0.8709,EXPIRED,
QUO_0000002732,CUST_00004973,PROD_AUTO_PREMIUM,CH_EMAIL,,2023-09-13,1045.12,0.9301,DECLINED,
QUO_0000002733,CUST_00004974,PROD_LIFE_PREMIUM,CH_MOBILE,,2024-12-17,899.21,1.0262,DECLINED,
QUO_0000002734,CUST_00004975,PROD_LIFE_BASIC,CH_EMAIL,,2025-01-09,257.46,0.9853,DECLINED,
QUO_0000002735,CUST_00004978,PROD_HOME_PREMIUM,CH_EMAIL,,2022-05-05,724.35,0.932,DECLINED,
QUO_0000002736,CUST_00004979,PROD_LIFE_PREMIUM,CH_EMAIL,,2025-11-25,890.52,0.8635,EXPIRED,
QUO_0000002737,CUST_00004982,PROD_HEALTH_STANDARD,CH_EMAIL,,2026-01-05,1112.43,0.7224,SENT,
QUO_0000002738,CUST_00004984,PROD_AUTO_BASIC,CH_EMAIL,,2023-04-12,492.7,0.8157,ACCEPTED,
QUO_0000002739,CUST_00004986,PROD_HOME_STANDARD,CH_EMAIL,,2025-02-15,447.72,1.0676,EXPIRED,
QUO_0000002740,CUST_00004988,PROD_AUTO_BASIC,CH_MOBILE,,2022-10-16,484.26,0.8385,DECLINED,
QUO_0000002741,CUST_00004989,PROD_HEALTH_PREMIUM,CH_EMAIL,,2026-04-08,1708.76,0.8356,SENT,
QUO_0000002742,CUST_00004990,PROD_HOME_BASIC,CH_EMAIL,,2025-08-29,331.23,0.898,DECLINED,
QUO_0000002743,CUST_00004991,PROD_LIFE_BASIC,CH_MOBILE,,2021-07-27,225.2,1.2854,SENT,
QUO_0000002744,CUST_00004993,PROD_HEALTH_STANDARD,CH_MOBILE,,2025-12-01,890.04,0.9521,DECLINED,
QUO_0000002745,CUST_00004994,PROD_LIFE_STANDARD,CH_EMAIL,,2022-03-17,408.58,1.1448,DECLINED,
QUO_0000002746,CUST_00004995,PROD_HEALTH_BASIC,CH_EMAIL,,2025-03-11,598.64,1.0586,SENT,
QUO_0000002747,CUST_00004996,PROD_LIFE_BASIC,CH_MOBILE,,2024-03-03,245.09,1.1139,EXPIRED,
QUO_0000002748,CUST_00004999,PROD_LIFE_PREMIUM,CH_MOBILE,,2025-07-01,851.79,1.2214,SENT,
QUO_0000002749,CUST_00005000,PROD_LIFE_STANDARD,CH_EMAIL,,2026-04-22,446.5,0.7422,SENT,
QUO_0000002750,CUST_00005001,PROD_HEALTH_BASIC,CH_EMAIL,,2025-11-21,594.81,1.2253,ACCEPTED,
QUO_0000002751,CUST_00005002,PROD_HOME_BASIC,CH_EMAIL,,2022-03-14,365.07,0.7974,ACCEPTED,
QUO_0000002752,CUST_00005004,PROD_PET_STANDARD,CH_EMAIL,,2021-02-12,310.7,0.9643,DECLINED,
QUO_0000002753,CUST_00005005,PROD_HOME_STANDARD,CH_MOBILE,,2024-12-22,532.33,0.8055,EXPIRED,
QUO_0000002754,CUST_00005007,PROD_HEALTH_STANDARD,CH_EMAIL,,2023-08-01,1146.6,0.7825,EXPIRED,
QUO_0000002755,CUST_00005008,PROD_HEALTH_BASIC,CH_MOBILE,,2025-12-27,723.34,0.7857,ACCEPTED,
QUO_0000002756,CUST_00005010,PROD_AUTO_STANDARD,CH_MOBILE,,2025-02-18,735.49,0.8907,DECLINED,
QUO_0000002757,CUST_00005014,PROD_HOME_PREMIUM,CH_MOBILE,,2025-12-31,658.52,0.9771,EXPIRED,
QUO_0000002758,CUST_00005015,PROD_AUTO_STANDARD,CH_MOBILE,,2026-05-21,782.67,1.0197,DECLINED,
QUO_0000002759,CUST_00005016,PROD_LIFE_STANDARD,CH_EMAIL,,2024-06-27,479.66,1.0421,SENT,
QUO_0000002760,CUST_00005017,PROD_HOME_STANDARD,CH_MOBILE,,2026-03-31,564.38,1.1066,DECLINED,
QUO_0000002761,CUST_00005018,PROD_LIFE_BASIC,CH_EMAIL,,2024-01-01,214.12,0.8586,SENT,
QUO_0000002762,CUST_00005022,PROD_LIFE_PREMIUM,CH_EMAIL,,2026-02-16,932.34,1.0795,SENT,
QUO_0000002763,CUST_00005025,PROD_LIFE_PREMIUM,CH_EMAIL,,2026-03-03,976.07,0.826,ACCEPTED,
QUO_0000002764,CUST_00005026,PROD_AUTO_STANDARD,CH_MOBILE,,2025-12-17,731.42,1.045,SENT,
QUO_0000002765,CUST_00005027,PROD_LIFE_BASIC,CH_EMAIL,,2026-04-06,264.37,0.9218,EXPIRED,
QUO_0000002766,CUST_00005028,PROD_HEALTH_STANDARD,CH_EMAIL,,2021-12-22,1040.26,1.0557,ACCEPTED,
QUO_0000002767,CUST_00005031,PROD_TRAVEL_STANDARD,CH_EMAIL,,2025-02-28,126.38,0.8482,DECLINED,
QUO_0000002768,CUST_00005034,PROD_HOME_PREMIUM,CH_MOBILE,,2025-06-08,777.23,1.1627,ACCEPTED,
QUO_0000002769,CUST_00005035,PROD_HEALTH_PREMIUM,CH_MOBILE,,2023-08-12,1345.84,0.8138,EXPIRED,
QUO_0000002770,CUST_00005038,PROD_AUTO_PREMIUM,CH_MOBILE,,2024-02-03,1076.12,1.0038,SENT,
QUO_0000002771,CUST_00005039,PROD_ACCIDENT_STANDARD,CH_MOBILE,,2025-10-08,218.01,1.0597,ACCEPTED,
QUO_0000002772,CUST_00005041,PROD_AUTO_STANDARD,CH_EMAIL,,2025-12-24,674.42,0.955,DECLINED,
QUO_0000002773,CUST_00005044,PROD_AUTO_STANDARD,CH_EMAIL,,2025-01-19,825.17,1.1384,DECLINED,
QUO_0000002774,CUST_00005045,PROD_HOME_STANDARD,CH_EMAIL,,2025-03-09,433.88,0.9115,SENT,
QUO_0000002775,CUST_00005048,PROD_HOME_STANDARD,CH_EMAIL,,2024-12-01,419.93,1.1454,SENT,
QUO_0000002776,CUST_00005050,PROD_LIFE_PREMIUM,CH_EMAIL,,2023-03-07,881.52,0.8091,SENT,
QUO_0000002777,CUST_00005053,PROD_LIFE_BASIC,CH_EMAIL,,2025-06-16,233.9,0.9966,SENT,
QUO_0000002778,CUST_00005055,PROD_HOME_PREMIUM,CH_MOBILE,,2023-06-03,704.04,0.9492,ACCEPTED,
QUO_0000002779,CUST_00005056,PROD_HOME_BASIC,CH_MOBILE,,2025-10-24,357.26,0.8906,ACCEPTED,
QUO_0000002780,CUST_00005058,PROD_AUTO_BASIC,CH_MOBILE,,2025-05-10,529.24,0.7967,SENT,
QUO_0000002781,CUST_00005059,PROD_AUTO_BASIC,CH_MOBILE,,2025-10-05,515.99,1.0263,SENT,
QUO_0000002782,CUST_00005063,PROD_HEALTH_PREMIUM,CH_EMAIL,,2024-06-30,1442.45,1.02,DECLINED,
QUO_0000002783,CUST_00005065,PROD_AUTO_PREMIUM,CH_MOBILE,,2026-01-15,1306.38,0.7461,DECLINED,
QUO_0000002784,CUST_00005067,PROD_ACCIDENT_STANDARD,CH_EMAIL,,2024-10-23,231.42,1.1132,EXPIRED,
QUO_0000002785,CUST_00005070,PROD_AUTO_PREMIUM,CH_MOBILE,,2025-06-27,1264.43,1.172,EXPIRED,
QUO_0000002786,CUST_00005071,PROD_HOME_BASIC,CH_MOBILE,,2025-04-28,271.96,0.9407,DECLINED,
QUO_0000002787,CUST_00005073,PROD_HOME_STANDARD,CH_MOBILE,,2024-08-29,522.99,0.8828,SENT,
QUO_0000002788,CUST_00005075,PROD_LIFE_PREMIUM,CH_EMAIL,,2023-07-28,747.52,1.0461,SENT,
QUO_0000002789,CUST_00005078,PROD_LIFE_PREMIUM,CH_EMAIL,,2026-01-02,831.04,1.1154,ACCEPTED,
QUO_0000002790,CUST_00005082,PROD_HEALTH_STANDARD,CH_EMAIL,,2026-01-06,962.25,1.156,SENT,
QUO_0000002791,CUST_00005083,PROD_AUTO_STANDARD,CH_MOBILE,,2025-09-01,754.11,0.9457,DECLINED,
QUO_0000002792,CUST_00005084,PROD_HEALTH_BASIC,CH_EMAIL,,2026-04-11,675.88,0.9108,DECLINED,
QUO_0000002793,CUST_00005086,PROD_HOME_STANDARD,CH_EMAIL,,2022-06-29,466.36,1.1774,DECLINED,
QUO_0000002794,CUST_00005088,PROD_LIFE_STANDARD,CH_CALL_CENTER,AGT_00147,2025-10-14,442.03,0.9022,EXPIRED,
QUO_0000002795,CUST_00005097,PROD_LIFE_PREMIUM,CH_EMAIL,,2026-06-19,1001.79,1.1046,SENT,
QUO_0000002796,CUST_00005098,PROD_HOME_STANDARD,CH_EMAIL,,2026-02-28,464.17,0.8603,DECLINED,
QUO_0000002797,CUST_00005099,PROD_TRAVEL_STANDARD,CH_MOBILE,,2026-01-29,152.26,0.9812,EXPIRED,
QUO_0000002798,CUST_00005101,PROD_PET_STANDARD,CH_MOBILE,,2025-05-10,343.22,0.9754,SENT,
QUO_0000002799,CUST_00005103,PROD_HEALTH_STANDARD,CH_MOBILE,,2024-03-17,1000.52,0.8981,SENT,
QUO_0000002800,CUST_00005104,PROD_LIFE_STANDARD,CH_EMAIL,,2023-02-24,430.08,0.8736,DECLINED,
QUO_0000002801,CUST_00005108,PROD_HEALTH_PREMIUM,CH_EMAIL,,2026-05-10,1426.3,1.153,DECLINED,
QUO_0000002802,CUST_00005109,PROD_HOME_PREMIUM,CH_EMAIL,,2025-01-10,874.35,1.0384,EXPIRED,
QUO_0000002803,CUST_00005114,PROD_LIFE_BASIC,CH_EMAIL,,2024-02-13,246.63,1.1116,SENT,
QUO_0000002804,CUST_00005115,PROD_HOME_BASIC,CH_CALL_CENTER,AGT_00126,2024-09-11,318.64,1.0692,DECLINED,
QUO_0000002805,CUST_00005118,PROD_LIFE_STANDARD,CH_MOBILE,,2024-10-05,371.3,0.8183,ACCEPTED,
QUO_0000002806,CUST_00005120,PROD_HOME_STANDARD,CH_EMAIL,,2021-07-13,430.54,0.9381,SENT,
QUO_0000002807,CUST_00005121,PROD_HEALTH_STANDARD,CH_CALL_CENTER,AGT_00114,2025-03-22,1026.89,0.8826,ACCEPTED,
QUO_0000002808,CUST_00005124,PROD_HOME_STANDARD,CH_BRANCH,AGT_00140,2026-01-24,442.67,1.0628,ACCEPTED,
QUO_0000002809,CUST_00005125,PROD_LIFE_PREMIUM,CH_MOBILE,,2025-01-23,942.71,1.1067,EXPIRED,
QUO_0000002810,CUST_00005129,PROD_HOME_BASIC,CH_MOBILE,,2025-07-15,288.71,1.0618,EXPIRED,
QUO_0000002811,CUST_00005130,PROD_ACCIDENT_STANDARD,CH_EMAIL,,2026-01-12,199.25,0.8781,EXPIRED,
QUO_0000002812,CUST_00005132,PROD_HOME_BASIC,CH_MOBILE,,2025-12-24,299.33,1.0094,ACCEPTED,
QUO_0000002813,CUST_00005134,PROD_HEALTH_BASIC,CH_EMAIL,,2023-07-02,793.96,0.902,DECLINED,
QUO_0000002814,CUST_00005135,PROD_ACCIDENT_STANDARD,CH_EMAIL,,2025-12-19,253.05,1.1811,EXPIRED,
QUO_0000002815,CUST_00005137,PROD_ACCIDENT_STANDARD,CH_MOBILE,,2022-10-23,255.17,0.9727,EXPIRED,
QUO_0000002816,CUST_00005138,PROD_AUTO_PREMIUM,CH_EMAIL,,2025-03-27,1202.08,0.9513,ACCEPTED,
QUO_0000002817,CUST_00005139,PROD_HOME_BASIC,CH_EMAIL,,2024-01-06,300.59,0.7732,DECLINED,
QUO_0000002818,CUST_00005142,PROD_HEALTH_BASIC,CH_MOBILE,,2024-02-10,672.58,1.0406,SENT,
QUO_0000002819,CUST_00005143,PROD_PET_STANDARD,CH_MOBILE,,2025-02-08,330.55,1.0096,SENT,
QUO_0000002820,CUST_00005144,PROD_HOME_PREMIUM,CH_EMAIL,,2025-11-17,699.1,0.884,SENT,
QUO_0000002821,CUST_00005145,PROD_HOME_STANDARD,CH_MOBILE,,2025-02-25,563.06,0.9643,EXPIRED,
QUO_0000002822,CUST_00005146,PROD_HOME_STANDARD,CH_MOBILE,,2025-11-28,528.13,1.0279,ACCEPTED,
QUO_0000002823,CUST_00005147,PROD_LIFE_PREMIUM,CH_MOBILE,,2021-10-08,908.28,0.986,DECLINED,
QUO_0000002824,CUST_00005148,PROD_TRAVEL_STANDARD,CH_EMAIL,,2025-10-13,152.6,0.9575,EXPIRED,
QUO_0000002825,CUST_00005149,PROD_HEALTH_STANDARD,CH_EMAIL,,2024-11-27,873.87,0.875,EXPIRED,
QUO_0000002826,CUST_00005150,PROD_LIFE_PREMIUM,CH_EMAIL,,2026-01-27,833.54,0.9935,ACCEPTED,
QUO_0000002827,CUST_00005151,PROD_PET_STANDARD,CH_MOBILE,,2026-06-08,321.43,1.0802,SENT,
QUO_0000002828,CUST_00005152,PROD_HOME_STANDARD,CH_EMAIL,,2025-01-23,427.25,1.1322,SENT,
QUO_0000002829,CUST_00005153,PROD_LIFE_STANDARD,CH_EMAIL,,2023-03-05,377.17,0.8343,SENT,
QUO_0000002830,CUST_00005155,PROD_LIFE_BASIC,CH_MOBILE,,2023-05-14,247.35,1.01,ACCEPTED,
QUO_0000002831,CUST_00005156,PROD_AUTO_BASIC,CH_MOBILE,,2024-11-29,534.13,0.977,DECLINED,
QUO_0000002832,CUST_00005158,PROD_ACCIDENT_STANDARD,CH_MOBILE,,2023-03-14,260.06,0.7874,DECLINED,
QUO_0000002833,CUST_00005159,PROD_AUTO_STANDARD,CH_EMAIL,,2025-06-09,767.79,0.9952,SENT,
QUO_0000002834,CUST_00005160,PROD_HEALTH_PREMIUM,CH_EMAIL,,2025-09-26,1558.81,1.0587,DECLINED,
QUO_0000002835,CUST_00005161,PROD_AUTO_STANDARD,CH_EMAIL,,2022-08-20,811.45,0.8041,DECLINED,
QUO_0000002836,CUST_00005162,PROD_AUTO_BASIC,CH_EMAIL,,2024-11-06,464.34,1.1317,SENT,
QUO_0000002837,CUST_00005163,PROD_LIFE_PREMIUM,CH_MOBILE,,2022-12-02,983.51,0.9636,SENT,
QUO_0000002838,CUST_00005164,PROD_HOME_BASIC,CH_MOBILE,,2025-03-07,341.69,0.9281,SENT,
QUO_0000002839,CUST_00005166,PROD_AUTO_STANDARD,CH_MOBILE,,2025-02-22,677.1,1.1187,ACCEPTED,
QUO_0000002840,CUST_00005169,PROD_ACCIDENT_STANDARD,CH_MOBILE,,2025-02-23,205.72,1.1877,EXPIRED,
QUO_0000002841,CUST_00005170,PROD_HEALTH_PREMIUM,CH_EMAIL,,2026-02-28,1645.52,1.035,ACCEPTED,
QUO_0000002842,CUST_00005171,PROD_LIFE_BASIC,CH_MOBILE,,2026-03-04,231.63,1.1288,ACCEPTED,
QUO_0000002843,CUST_00005172,PROD_HOME_BASIC,CH_EMAIL,,2025-03-03,271.21,0.9529,EXPIRED,
QUO_0000002844,CUST_00005174,PROD_HOME_STANDARD,CH_EMAIL,,2025-08-05,540.26,0.8848,SENT,
QUO_0000002845,CUST_00005175,PROD_LIFE_PREMIUM,CH_MOBILE,,2023-01-05,929.41,1.0045,EXPIRED,
QUO_0000002846,CUST_00005176,PROD_LIFE_PREMIUM,CH_EMAIL,,2023-12-15,980.57,0.9845,DECLINED,
QUO_0000002847,CUST_00005177,PROD_HEALTH_BASIC,CH_EMAIL,,2023-10-23,769.59,1.0018,DECLINED,
QUO_0000002848,CUST_00005178,PROD_HEALTH_STANDARD,CH_EMAIL,,2025-07-04,1042.7,1.1267,EXPIRED,
QUO_0000002849,CUST_00005179,PROD_AUTO_BASIC,CH_MOBILE,,2024-03-05,582.71,1.1291,EXPIRED,
QUO_0000002850,CUST_00005180,PROD_HOME_STANDARD,CH_EMAIL,,2025-09-07,513.7,0.8706,SENT,
QUO_0000002851,CUST_00005183,PROD_AUTO_BASIC,CH_EMAIL,,2024-09-07,501.42,0.9629,EXPIRED,
QUO_0000002852,CUST_00005187,PROD_HEALTH_BASIC,CH_EMAIL,,2024-02-20,747.93,0.9286,ACCEPTED,
QUO_0000002853,CUST_00005190,PROD_ACCIDENT_STANDARD,CH_MOBILE,,2026-04-11,203.98,1.0191,SENT,
QUO_0000002854,CUST_00005191,PROD_LIFE_PREMIUM,CH_MOBILE,,2026-04-19,953.92,1.2174,SENT,
QUO_0000002855,CUST_00005192,PROD_HEALTH_BASIC,CH_MOBILE,,2022-08-10,768.09,0.8984,SENT,
QUO_0000002856,CUST_00005193,PROD_ACCIDENT_STANDARD,CH_EMAIL,,2026-04-27,251.14,0.7939,EXPIRED,
QUO_0000002857,CUST_00005194,PROD_ACCIDENT_STANDARD,CH_MOBILE,,2025-06-20,215.34,1.1442,SENT,
QUO_0000002858,CUST_00005195,PROD_HEALTH_STANDARD,CH_MOBILE,,2024-03-24,1129.39,0.9591,DECLINED,
QUO_0000002859,CUST_00005197,PROD_HOME_STANDARD,CH_EMAIL,,2026-05-27,471.17,0.9754,ACCEPTED,
QUO_0000002860,CUST_00005198,PROD_PET_STANDARD,CH_EMAIL,,2025-09-09,320.41,0.7837,SENT,
QUO_0000002861,CUST_00005199,PROD_TRAVEL_STANDARD,CH_EMAIL,,2025-05-17,131.72,0.8536,DECLINED,
QUO_0000002862,CUST_00005200,PROD_HOME_BASIC,CH_MOBILE,,2025-01-14,301.43,1.1177,DECLINED,
QUO_0000002863,CUST_00005205,PROD_LIFE_STANDARD,CH_EMAIL,,2026-01-25,464.07,1.0583,SENT,
QUO_0000002864,CUST_00005207,PROD_LIFE_STANDARD,CH_MOBILE,,2025-12-20,435.56,1.1055,SENT,
QUO_0000002865,CUST_00005208,PROD_LIFE_BASIC,CH_MOBILE,,2024-11-16,279.73,1.2338,DECLINED,
QUO_0000002866,CUST_00005215,PROD_HEALTH_STANDARD,CH_MOBILE,,2026-02-17,887.39,1.0147,DECLINED,
QUO_0000002867,CUST_00005218,PROD_PET_STANDARD,CH_MOBILE,,2026-01-14,325.71,0.9409,EXPIRED,
QUO_0000002868,CUST_00005220,PROD_LIFE_PREMIUM,CH_WEB,,2025-12-13,831.43,0.901,DECLINED,
QUO_0000002869,CUST_00005221,PROD_TRAVEL_STANDARD,CH_EMAIL,,2026-04-05,136.42,0.88,ACCEPTED,
QUO_0000002870,CUST_00005223,PROD_PET_STANDARD,CH_MOBILE,,2023-11-03,391.81,1.1985,SENT,
QUO_0000002871,CUST_00005224,PROD_AUTO_PREMIUM,CH_EMAIL,,2025-07-01,1113.67,0.8983,SENT,
QUO_0000002872,CUST_00005225,PROD_LIFE_BASIC,CH_MOBILE,,2024-09-05,271.01,1.0482,SENT,
QUO_0000002873,CUST_00005227,PROD_HEALTH_STANDARD,CH_MOBILE,,2026-03-18,959.11,0.9856,SENT,
QUO_0000002874,CUST_00005234,PROD_HOME_BASIC,CH_EMAIL,,2025-01-07,351.02,1.1239,ACCEPTED,
QUO_0000002875,CUST_00005236,PROD_PET_STANDARD,CH_CALL_CENTER,AGT_00091,2024-07-27,379.35,1.0628,DECLINED,
QUO_0000002876,CUST_00005238,PROD_ACCIDENT_STANDARD,CH_EMAIL,,2025-07-30,245.75,0.9254,DECLINED,
QUO_0000002877,CUST_00005239,PROD_HEALTH_PREMIUM,CH_EMAIL,,2021-08-16,1573.86,0.8307,SENT,
QUO_0000002878,CUST_00005240,PROD_PET_STANDARD,CH_EMAIL,,2025-06-22,321.82,0.8742,DECLINED,
QUO_0000002879,CUST_00005241,PROD_ACCIDENT_STANDARD,CH_MOBILE,,2026-03-12,218.05,1.0088,EXPIRED,
QUO_0000002880,CUST_00005243,PROD_LIFE_STANDARD,CH_MOBILE,,2022-05-18,384.59,1.0132,DECLINED,
QUO_0000002881,CUST_00005244,PROD_AUTO_BASIC,CH_MOBILE,,2025-03-12,467.44,1.0717,DECLINED,
QUO_0000002882,CUST_00005245,PROD_LIFE_STANDARD,CH_EMAIL,,2023-10-17,460.35,0.7582,DECLINED,
QUO_0000002883,CUST_00005247,PROD_LIFE_PREMIUM,CH_EMAIL,,2023-06-29,925.14,1.1232,EXPIRED,
QUO_0000002884,CUST_00005248,PROD_HOME_PREMIUM,CH_MOBILE,,2025-12-15,862.73,0.8687,SENT,
QUO_0000002885,CUST_00005252,PROD_AUTO_STANDARD,CH_MOBILE,,2025-10-03,895.85,1.148,SENT,
QUO_0000002886,CUST_00005253,PROD_TRAVEL_STANDARD,CH_EMAIL,,2023-10-05,158.6,0.9671,DECLINED,
QUO_0000002887,CUST_00005256,PROD_LIFE_STANDARD,CH_MOBILE,,2024-05-21,426.6,0.9275,DECLINED,
QUO_0000002888,CUST_00005259,PROD_HEALTH_PREMIUM,CH_EMAIL,,2023-09-09,1405.52,1.1096,SENT,
QUO_0000002889,CUST_00005260,PROD_AUTO_STANDARD,CH_EMAIL,,2024-09-10,683.28,1.0928,SENT,
QUO_0000002890,CUST_00005261,PROD_HEALTH_BASIC,CH_EMAIL,,2021-07-20,651.98,0.838,SENT,
QUO_0000002891,CUST_00005263,PROD_ACCIDENT_STANDARD,CH_MOBILE,,2025-10-26,263.55,1.0755,ACCEPTED,
QUO_0000002892,CUST_00005264,PROD_HEALTH_PREMIUM,CH_MOBILE,,2025-06-18,1593.03,0.8185,ACCEPTED,
QUO_0000002893,CUST_00005266,PROD_HEALTH_STANDARD,CH_MOBILE,,2023-09-25,1084.84,0.9878,SENT,
QUO_0000002894,CUST_00005267,PROD_HEALTH_PREMIUM,CH_EMAIL,,2023-02-27,1288.97,1.168,SENT,
QUO_0000002895,CUST_00005269,PROD_LIFE_PREMIUM,CH_EMAIL,,2026-03-13,890.39,1.0659,ACCEPTED,
QUO_0000002896,CUST_00005272,PROD_LIFE_STANDARD,CH_EMAIL,,2022-08-27,421.53,0.9357,EXPIRED,
QUO_0000002897,CUST_00005273,PROD_HEALTH_PREMIUM,CH_EMAIL,,2025-10-08,1395.46,1.0129,ACCEPTED,
QUO_0000002898,CUST_00005277,PROD_HOME_STANDARD,CH_MOBILE,,2023-03-06,421.18,0.8823,DECLINED,
QUO_0000002899,CUST_00005281,PROD_PET_STANDARD,CH_EMAIL,,2024-01-12,351.86,0.9438,SENT,
QUO_0000002900,CUST_00005282,PROD_HEALTH_STANDARD,CH_EMAIL,,2026-03-25,1070.13,0.6985,ACCEPTED,
QUO_0000002901,CUST_00005283,PROD_AUTO_BASIC,CH_MOBILE,,2025-10-06,528.35,1.1878,EXPIRED,
QUO_0000002902,CUST_00005284,PROD_LIFE_STANDARD,CH_CALL_CENTER,AGT_00128,2022-07-24,365.38,0.9046,EXPIRED,
QUO_0000002903,CUST_00005285,PROD_LIFE_PREMIUM,CH_EMAIL,,2025-09-11,816.4,0.65,DECLINED,
QUO_0000002904,CUST_00005287,PROD_PET_STANDARD,CH_EMAIL,,2023-12-17,336.9,1.0555,EXPIRED,
QUO_0000002905,CUST_00005288,PROD_ACCIDENT_STANDARD,CH_EMAIL,,2023-04-02,233.79,1.1206,EXPIRED,
QUO_0000002906,CUST_00005291,PROD_AUTO_STANDARD,CH_EMAIL,,2024-08-02,861.79,1.0275,SENT,
QUO_0000002907,CUST_00005293,PROD_TRAVEL_STANDARD,CH_EMAIL,,2025-07-05,165.12,1.0704,DECLINED,
QUO_0000002908,CUST_00005294,PROD_PET_STANDARD,CH_EMAIL,,2024-04-25,350.34,0.9485,SENT,
QUO_0000002909,CUST_00005295,PROD_PET_STANDARD,CH_EMAIL,,2023-02-25,345.15,0.9339,DECLINED,
QUO_0000002910,CUST_00005296,PROD_HEALTH_BASIC,CH_MOBILE,,2024-06-04,613.45,1.206,DECLINED,
QUO_0000002911,CUST_00005299,PROD_HEALTH_PREMIUM,CH_MOBILE,,2024-03-08,1582.51,1.2959,EXPIRED,
QUO_0000002912,CUST_00005300,PROD_HEALTH_PREMIUM,CH_EMAIL,,2025-02-18,1415.3,0.916,SENT,
QUO_0000002913,CUST_00005301,PROD_LIFE_BASIC,CH_WEB,,2022-12-24,244.7,0.9534,SENT,
QUO_0000002914,CUST_00005302,PROD_AUTO_BASIC,CH_EMAIL,,2024-11-11,453.35,0.9184,EXPIRED,
QUO_0000002915,CUST_00005303,PROD_HOME_BASIC,CH_MOBILE,,2026-02-28,274.59,0.9187,ACCEPTED,
QUO_0000002916,CUST_00005304,PROD_TRAVEL_STANDARD,CH_MOBILE,,2025-10-05,161.61,1.032,SENT,
QUO_0000002917,CUST_00005308,PROD_HEALTH_BASIC,CH_EMAIL,,2025-03-10,628.08,0.9893,SENT,
QUO_0000002918,CUST_00005312,PROD_HOME_PREMIUM,CH_EMAIL,,2022-08-28,741.08,1.0383,DECLINED,
QUO_0000002919,CUST_00005313,PROD_HOME_STANDARD,CH_EMAIL,,2025-08-26,523.76,0.9358,EXPIRED,
QUO_0000002920,CUST_00005314,PROD_LIFE_BASIC,CH_EMAIL,,2025-02-24,254.57,0.9122,SENT,
QUO_0000002921,CUST_00005315,PROD_HOME_STANDARD,CH_MOBILE,,2026-04-12,516.68,1.3084,DECLINED,
QUO_0000002922,CUST_00005316,PROD_HOME_STANDARD,CH_EMAIL,,2026-06-22,539.81,0.6966,ACCEPTED,
QUO_0000002923,CUST_00005317,PROD_HEALTH_PREMIUM,CH_MOBILE,,2025-08-03,1607.17,1.1432,SENT,
QUO_0000002924,CUST_00005319,PROD_HOME_PREMIUM,CH_MOBILE,,2025-11-23,715.56,1.1878,SENT,
QUO_0000002925,CUST_00005320,PROD_LIFE_PREMIUM,CH_CALL_CENTER,AGT_00100,2024-03-11,934.39,0.7812,SENT,
QUO_0000002926,CUST_00005322,PROD_AUTO_PREMIUM,CH_MOBILE,,2023-11-02,1131.1,1.0703,EXPIRED,
QUO_0000002927,CUST_00005324,PROD_HEALTH_PREMIUM,CH_EMAIL,,2024-10-11,1703.47,1.0953,ACCEPTED,
QUO_0000002928,CUST_00005326,PROD_ACCIDENT_STANDARD,CH_EMAIL,,2024-04-28,220.47,0.821,SENT,
QUO_0000002929,CUST_00005327,PROD_HEALTH_BASIC,CH_MOBILE,,2025-07-28,648.88,0.8614,SENT,
QUO_0000002930,CUST_00005332,PROD_HOME_BASIC,CH_EMAIL,,2022-01-14,274.87,0.8369,DECLINED,
QUO_0000002931,CUST_00005333,PROD_AUTO_BASIC,CH_MOBILE,,2023-11-06,518.95,0.7828,DECLINED,
QUO_0000002932,CUST_00005334,PROD_ACCIDENT_STANDARD,CH_CALL_CENTER,AGT_00100,2025-09-07,250.3,1.0187,SENT,
QUO_0000002933,CUST_00005337,PROD_AUTO_STANDARD,CH_MOBILE,,2024-12-22,834.63,1.1593,DECLINED,
QUO_0000002934,CUST_00005338,PROD_HOME_PREMIUM,CH_EMAIL,,2021-10-19,883.78,0.6502,DECLINED,
QUO_0000002935,CUST_00005339,PROD_ACCIDENT_STANDARD,CH_MOBILE,,2026-02-26,226.34,1.1561,ACCEPTED,
QUO_0000002936,CUST_00005342,PROD_AUTO_PREMIUM,CH_EMAIL,,2026-06-21,970.04,0.8504,SENT,
QUO_0000002937,CUST_00005343,PROD_HEALTH_STANDARD,CH_EMAIL,,2024-06-17,923.71,0.7878,SENT,
QUO_0000002938,CUST_00005346,PROD_LIFE_STANDARD,CH_MOBILE,,2025-11-02,461.13,1.0855,SENT,
QUO_0000002939,CUST_00005348,PROD_HOME_STANDARD,CH_EMAIL,,2021-08-07,478.46,0.8877,DECLINED,
QUO_0000002940,CUST_00005350,PROD_HOME_STANDARD,CH_MOBILE,,2024-09-08,487.67,0.9502,DECLINED,
QUO_0000002941,CUST_00005353,PROD_HEALTH_PREMIUM,CH_EMAIL,,2024-07-08,1542.67,1.0,SENT,
QUO_0000002942,CUST_00005355,PROD_AUTO_STANDARD,CH_EMAIL,,2025-07-08,695.43,1.0517,SENT,
QUO_0000002943,CUST_00005357,PROD_AUTO_BASIC,CH_EMAIL,,2026-02-10,514.99,0.7608,DECLINED,
QUO_0000002944,CUST_00005358,PROD_HEALTH_BASIC,CH_EMAIL,,2026-03-17,787.52,1.0037,ACCEPTED,
QUO_0000002945,CUST_00005359,PROD_PET_STANDARD,CH_EMAIL,,2023-07-21,383.2,0.7388,DECLINED,
QUO_0000002946,CUST_00005361,PROD_AUTO_PREMIUM,CH_EMAIL,,2024-11-12,1247.43,1.0125,ACCEPTED,
QUO_0000002947,CUST_00005362,PROD_AUTO_BASIC,CH_EMAIL,,2023-04-27,548.36,1.0864,SENT,
QUO_0000002948,CUST_00005365,PROD_LIFE_STANDARD,CH_MOBILE,,2023-12-11,387.64,1.1528,ACCEPTED,
QUO_0000002949,CUST_00005366,PROD_HEALTH_BASIC,CH_MOBILE,,2023-04-13,741.4,0.9904,DECLINED,
QUO_0000002950,CUST_00005375,PROD_HEALTH_BASIC,CH_MOBILE,,2026-06-16,753.52,0.9594,SENT,
QUO_0000002951,CUST_00005376,PROD_HEALTH_BASIC,CH_MOBILE,,2025-08-23,619.74,1.0978,SENT,
QUO_0000002952,CUST_00005379,PROD_AUTO_BASIC,CH_EMAIL,,2026-01-17,455.44,1.159,DECLINED,
QUO_0000002953,CUST_00005381,PROD_HEALTH_BASIC,CH_EMAIL,,2025-11-02,652.84,0.8784,ACCEPTED,
QUO_0000002954,CUST_00005382,PROD_HEALTH_PREMIUM,CH_BRANCH,AGT_00161,2024-10-26,1685.98,1.2091,SENT,
QUO_0000002955,CUST_00005384,PROD_LIFE_PREMIUM,CH_MOBILE,,2022-10-12,990.3,1.1012,SENT,
QUO_0000002956,CUST_00005386,PROD_HOME_PREMIUM,CH_MOBILE,,2025-09-16,714.61,1.0995,DECLINED,
QUO_0000002957,CUST_00005387,PROD_LIFE_STANDARD,CH_MOBILE,,2024-03-19,486.53,1.2156,ACCEPTED,
QUO_0000002958,CUST_00005389,PROD_LIFE_STANDARD,CH_EMAIL,,2024-11-26,443.94,0.9645,ACCEPTED,
QUO_0000002959,CUST_00005391,PROD_HOME_BASIC,CH_EMAIL,,2025-09-14,333.15,0.9693,EXPIRED,
QUO_0000002960,CUST_00005392,PROD_HOME_BASIC,CH_EMAIL,,2024-05-07,294.87,1.1586,DECLINED,
QUO_0000002961,CUST_00005393,PROD_PET_STANDARD,CH_MOBILE,,2025-06-11,339.62,0.7637,SENT,
QUO_0000002962,CUST_00005394,PROD_HOME_STANDARD,CH_EMAIL,,2023-01-12,493.75,0.9815,ACCEPTED,
QUO_0000002963,CUST_00005396,PROD_LIFE_STANDARD,CH_MOBILE,,2024-12-10,443.51,0.9299,ACCEPTED,
QUO_0000002964,CUST_00005398,PROD_AUTO_STANDARD,CH_EMAIL,,2023-12-05,686.0,1.0928,DECLINED,
QUO_0000002965,CUST_00005403,PROD_HOME_BASIC,CH_EMAIL,,2023-01-29,309.92,0.9628,DECLINED,
QUO_0000002966,CUST_00005405,PROD_HEALTH_PREMIUM,CH_MOBILE,,2022-03-22,1571.22,0.9358,DECLINED,
QUO_0000002967,CUST_00005406,PROD_AUTO_STANDARD,CH_WEB,,2024-11-30,844.96,1.0832,DECLINED,
QUO_0000002968,CUST_00005410,PROD_HOME_STANDARD,CH_MOBILE,,2025-10-09,473.51,0.9471,SENT,
QUO_0000002969,CUST_00005411,PROD_AUTO_BASIC,CH_EMAIL,,2025-11-04,558.36,0.9212,DECLINED,
QUO_0000002970,CUST_00005412,PROD_LIFE_BASIC,CH_EMAIL,,2023-09-04,246.62,0.917,ACCEPTED,
QUO_0000002971,CUST_00005413,PROD_ACCIDENT_STANDARD,CH_EMAIL,,2024-06-19,251.59,1.0684,DECLINED,
QUO_0000002972,CUST_00005415,PROD_HEALTH_PREMIUM,CH_MOBILE,,2022-10-05,1515.32,1.003,DECLINED,
QUO_0000002973,CUST_00005416,PROD_AUTO_BASIC,CH_MOBILE,,2025-05-05,593.03,0.9747,DECLINED,
QUO_0000002974,CUST_00005418,PROD_LIFE_PREMIUM,CH_MOBILE,,2023-08-04,771.03,0.9246,SENT,
QUO_0000002975,CUST_00005419,PROD_HOME_STANDARD,CH_EMAIL,,2024-12-23,502.83,1.0198,EXPIRED,
QUO_0000002976,CUST_00005420,PROD_AUTO_BASIC,CH_EMAIL,,2023-12-09,531.52,0.9321,ACCEPTED,
QUO_0000002977,CUST_00005421,PROD_TRAVEL_STANDARD,CH_WEB,,2026-06-11,153.03,0.8507,SENT,
QUO_0000002978,CUST_00005423,PROD_ACCIDENT_STANDARD,CH_EMAIL,,2025-04-24,267.39,1.1532,SENT,
QUO_0000002979,CUST_00005425,PROD_LIFE_BASIC,CH_MOBILE,,2023-07-08,224.17,1.1595,DECLINED,
QUO_0000002980,CUST_00005427,PROD_PET_STANDARD,CH_MOBILE,,2023-12-20,383.69,0.9813,DECLINED,
QUO_0000002981,CUST_00005428,PROD_HOME_PREMIUM,CH_MOBILE,,2023-12-17,846.5,1.1204,ACCEPTED,
QUO_0000002982,CUST_00005429,PROD_TRAVEL_STANDARD,CH_MOBILE,,2024-09-03,135.03,0.8709,ACCEPTED,
QUO_0000002983,CUST_00005430,PROD_PET_STANDARD,CH_EMAIL,,2025-05-31,293.29,0.9214,EXPIRED,
QUO_0000002984,CUST_00005431,PROD_HOME_PREMIUM,CH_EMAIL,,2026-02-11,886.56,1.1431,SENT,
QUO_0000002985,CUST_00005432,PROD_HEALTH_BASIC,CH_EMAIL,,2025-10-05,673.1,0.7642,SENT,
QUO_0000002986,CUST_00005433,PROD_HOME_PREMIUM,CH_BRANCH,AGT_00072,2025-05-29,706.63,0.8113,EXPIRED,
QUO_0000002987,CUST_00005434,PROD_HOME_PREMIUM,CH_EMAIL,,2023-02-05,680.32,0.9498,SENT,
QUO_0000002988,CUST_00005435,PROD_LIFE_PREMIUM,CH_MOBILE,,2023-01-24,942.91,1.0185,EXPIRED,
QUO_0000002989,CUST_00005441,PROD_TRAVEL_STANDARD,CH_EMAIL,,2025-05-08,146.08,0.7879,ACCEPTED,
QUO_0000002990,CUST_00005443,PROD_HEALTH_PREMIUM,CH_MOBILE,,2022-12-21,1559.18,0.8523,ACCEPTED,
QUO_0000002991,CUST_00005445,PROD_HEALTH_PREMIUM,CH_EMAIL,,2026-02-08,1343.42,0.9891,SENT,
QUO_0000002992,CUST_00005446,PROD_HEALTH_BASIC,CH_MOBILE,,2026-01-22,748.81,0.9139,SENT,
QUO_0000002993,CUST_00005448,PROD_HEALTH_BASIC,CH_EMAIL,,2025-03-18,775.21,1.1071,EXPIRED,
QUO_0000002994,CUST_00005449,PROD_HEALTH_PREMIUM,CH_EMAIL,,2025-12-12,1379.58,1.1384,EXPIRED,
QUO_0000002995,CUST_00005452,PROD_TRAVEL_STANDARD,CH_MOBILE,,2025-07-27,164.86,0.6572,DECLINED,
QUO_0000002996,CUST_00005454,PROD_LIFE_BASIC,CH_EMAIL,,2024-11-29,229.65,0.9606,DECLINED,
QUO_0000002997,CUST_00005455,PROD_LIFE_BASIC,CH_EMAIL,,2022-09-25,210.31,0.9989,EXPIRED,
QUO_0000002998,CUST_00005457,PROD_HOME_STANDARD,CH_EMAIL,,2025-06-24,507.38,0.9076,EXPIRED,
QUO_0000002999,CUST_00005458,PROD_AUTO_STANDARD,CH_MOBILE,,2025-04-30,728.87,1.0397,ACCEPTED,
QUO_0000003000,CUST_00005459,PROD_HOME_BASIC,CH_MOBILE,,2025-05-22,338.75,1.041,EXPIRED,
QUO_0000003001,CUST_00005461,PROD_ACCIDENT_STANDARD,CH_MOBILE,,2025-06-22,242.89,1.179,ACCEPTED,
QUO_0000003002,CUST_00005463,PROD_ACCIDENT_STANDARD,CH_CALL_CENTER,AGT_00121,2024-08-08,211.8,1.1208,SENT,
QUO_0000003003,CUST_00005464,PROD_LIFE_BASIC,CH_MOBILE,,2024-12-23,247.98,0.9676,EXPIRED,
QUO_0000003004,CUST_00005466,PROD_HEALTH_BASIC,CH_BRANCH,AGT_00148,2024-06-24,787.15,1.0665,ACCEPTED,
QUO_0000003005,CUST_00005469,PROD_AUTO_BASIC,CH_MOBILE,,2026-04-28,452.82,0.8996,DECLINED,
QUO_0000003006,CUST_00005474,PROD_HEALTH_PREMIUM,CH_MOBILE,,2022-11-21,1469.28,0.9559,ACCEPTED,
QUO_0000003007,CUST_00005476,PROD_HEALTH_STANDARD,CH_EMAIL,,2020-07-16,967.75,0.92,ACCEPTED,
QUO_0000003008,CUST_00005478,PROD_HOME_BASIC,CH_MOBILE,,2023-01-31,348.47,1.038,DECLINED,
QUO_0000003009,CUST_00005479,PROD_HEALTH_STANDARD,CH_MOBILE,,2024-10-08,1139.55,1.1649,SENT,
QUO_0000003010,CUST_00005480,PROD_TRAVEL_STANDARD,CH_EMAIL,,2025-11-20,148.59,1.0315,SENT,
QUO_0000003011,CUST_00005481,PROD_AUTO_PREMIUM,CH_EMAIL,,2025-03-05,1048.58,1.0849,ACCEPTED,
QUO_0000003012,CUST_00005482,PROD_HOME_BASIC,CH_MOBILE,,2023-12-09,275.48,0.8002,ACCEPTED,
QUO_0000003013,CUST_00005483,PROD_HOME_PREMIUM,CH_EMAIL,,2025-07-26,873.55,0.8922,SENT,
QUO_0000003014,CUST_00005485,PROD_AUTO_PREMIUM,CH_EMAIL,,2023-02-21,1055.11,0.7548,DECLINED,
QUO_0000003015,CUST_00005487,PROD_ACCIDENT_STANDARD,CH_EMAIL,,2026-01-26,209.72,1.1246,ACCEPTED,
QUO_0000003016,CUST_00005488,PROD_LIFE_BASIC,CH_EMAIL,,2025-01-17,253.98,1.009,EXPIRED,
QUO_0000003017,CUST_00005490,PROD_HEALTH_PREMIUM,CH_MOBILE,,2022-11-09,1720.37,1.0217,EXPIRED,
QUO_0000003018,CUST_00005491,PROD_HOME_BASIC,CH_MOBILE,,2025-11-09,286.22,1.1305,ACCEPTED,
QUO_0000003019,CUST_00005492,PROD_LIFE_BASIC,CH_EMAIL,,2024-12-07,213.4,1.2387,EXPIRED,
QUO_0000003020,CUST_00005494,PROD_HEALTH_BASIC,CH_EMAIL,,2022-08-02,669.72,1.1653,EXPIRED,
QUO_0000003021,CUST_00005495,PROD_AUTO_BASIC,CH_EMAIL,,2026-04-08,520.92,1.0475,ACCEPTED,
QUO_0000003022,CUST_00005496,PROD_HEALTH_PREMIUM,CH_CALL_CENTER,AGT_00127,2023-03-31,1420.2,1.0227,DECLINED,
QUO_0000003023,CUST_00005497,PROD_HEALTH_BASIC,CH_EMAIL,,2025-03-01,691.52,0.791,DECLINED,
QUO_0000003024,CUST_00005502,PROD_AUTO_STANDARD,CH_MOBILE,,2024-11-18,762.08,0.8663,DECLINED,
QUO_0000003025,CUST_00005503,PROD_AUTO_PREMIUM,CH_EMAIL,,2024-04-13,1110.31,0.9064,SENT,
QUO_0000003026,CUST_00005504,PROD_PET_STANDARD,CH_BROKER,,2024-12-18,307.32,1.0486,EXPIRED,
QUO_0000003027,CUST_00005507,PROD_AUTO_STANDARD,CH_EMAIL,,2024-07-14,803.2,0.906,ACCEPTED,
QUO_0000003028,CUST_00005508,PROD_HOME_STANDARD,CH_MOBILE,,2025-10-23,450.36,1.0501,ACCEPTED,
QUO_0000003029,CUST_00005513,PROD_HEALTH_PREMIUM,CH_EMAIL,,2022-01-17,1610.83,1.0089,EXPIRED,
QUO_0000003030,CUST_00005514,PROD_HOME_STANDARD,CH_MOBILE,,2025-02-03,501.36,0.9005,ACCEPTED,
QUO_0000003031,CUST_00005517,PROD_HEALTH_PREMIUM,CH_MOBILE,,2025-06-09,1594.43,0.968,SENT,
QUO_0000003032,CUST_00005519,PROD_LIFE_PREMIUM,CH_MOBILE,,2023-08-23,958.74,0.8683,SENT,
QUO_0000003033,CUST_00005521,PROD_LIFE_STANDARD,CH_MOBILE,,2025-10-13,401.28,1.0504,DECLINED,
QUO_0000003034,CUST_00005523,PROD_AUTO_STANDARD,CH_EMAIL,,2023-11-18,893.51,1.083,EXPIRED,
QUO_0000003035,CUST_00005525,PROD_LIFE_STANDARD,CH_MOBILE,,2025-07-23,484.5,0.8362,SENT,
QUO_0000003036,CUST_00005526,PROD_HEALTH_PREMIUM,CH_EMAIL,,2022-06-24,1399.04,1.065,DECLINED,
QUO_0000003037,CUST_00005527,PROD_HEALTH_STANDARD,CH_MOBILE,,2022-08-26,943.4,0.9965,DECLINED,
QUO_0000003038,CUST_00005528,PROD_HOME_BASIC,CH_MOBILE,,2020-04-27,347.21,0.8209,DECLINED,
QUO_0000003039,CUST_00005529,PROD_HOME_STANDARD,CH_EMAIL,,2025-10-15,421.83,0.8241,EXPIRED,
QUO_0000003040,CUST_00005530,PROD_TRAVEL_STANDARD,CH_MOBILE,,2025-09-28,148.38,0.65,DECLINED,
QUO_0000003041,CUST_00005533,PROD_AUTO_STANDARD,CH_MOBILE,,2025-09-15,894.88,0.8788,SENT,
QUO_0000003042,CUST_00005534,PROD_LIFE_PREMIUM,CH_EMAIL,,2020-07-17,856.76,0.935,SENT,
QUO_0000003043,CUST_00005536,PROD_AUTO_STANDARD,CH_PARTNER,,2025-11-13,670.73,0.9338,ACCEPTED,
QUO_0000003044,CUST_00005537,PROD_ACCIDENT_STANDARD,CH_MOBILE,,2024-08-17,268.62,0.9189,SENT,
QUO_0000003045,CUST_00005538,PROD_HEALTH_STANDARD,CH_MOBILE,,2025-01-04,881.14,1.0135,DECLINED,
QUO_0000003046,CUST_00005539,PROD_PET_STANDARD,CH_MOBILE,,2026-06-15,333.26,1.0102,EXPIRED,
QUO_0000003047,CUST_00005540,PROD_PET_STANDARD,CH_EMAIL,,2022-02-12,313.68,1.0807,ACCEPTED,
QUO_0000003048,CUST_00005541,PROD_PET_STANDARD,CH_EMAIL,,2024-10-25,294.32,1.1195,SENT,
QUO_0000003049,CUST_00005547,PROD_HEALTH_BASIC,CH_EMAIL,,2022-03-20,605.36,1.1017,DECLINED,
QUO_0000003050,CUST_00005549,PROD_PET_STANDARD,CH_MOBILE,,2026-05-19,307.26,0.8699,EXPIRED,
QUO_0000003051,CUST_00005550,PROD_HOME_STANDARD,CH_EMAIL,,2026-06-03,482.19,0.9031,SENT,
QUO_0000003052,CUST_00005551,PROD_LIFE_STANDARD,CH_MOBILE,,2025-05-05,457.32,0.9956,DECLINED,
QUO_0000003053,CUST_00005552,PROD_ACCIDENT_STANDARD,CH_EMAIL,,2023-05-02,254.18,0.65,ACCEPTED,
QUO_0000003054,CUST_00005553,PROD_AUTO_PREMIUM,CH_EMAIL,,2022-05-20,1174.45,1.0775,ACCEPTED,
QUO_0000003055,CUST_00005554,PROD_ACCIDENT_STANDARD,CH_MOBILE,,2026-03-28,213.78,1.0407,DECLINED,
QUO_0000003056,CUST_00005555,PROD_HEALTH_STANDARD,CH_EMAIL,,2023-12-01,983.3,0.9826,EXPIRED,
QUO_0000003057,CUST_00005557,PROD_HOME_STANDARD,CH_MOBILE,,2021-10-12,461.71,1.0306,DECLINED,
QUO_0000003058,CUST_00005559,PROD_PET_STANDARD,CH_MOBILE,,2023-03-26,344.37,0.9425,SENT,
QUO_0000003059,CUST_00005561,PROD_ACCIDENT_STANDARD,CH_MOBILE,,2023-01-12,211.94,1.0274,EXPIRED,
QUO_0000003060,CUST_00005562,PROD_AUTO_STANDARD,CH_EMAIL,,2024-12-25,752.29,0.7936,SENT,
QUO_0000003061,CUST_00005564,PROD_TRAVEL_STANDARD,CH_EMAIL,,2024-11-28,127.48,0.9292,DECLINED,
QUO_0000003062,CUST_00005565,PROD_AUTO_STANDARD,CH_MOBILE,,2026-06-12,739.95,0.71,DECLINED,
QUO_0000003063,CUST_00005568,PROD_ACCIDENT_STANDARD,CH_MOBILE,,2022-12-25,249.6,0.9722,EXPIRED,
QUO_0000003064,CUST_00005570,PROD_ACCIDENT_STANDARD,CH_EMAIL,,2023-04-01,198.29,0.9752,DECLINED,
QUO_0000003065,CUST_00005571,PROD_AUTO_STANDARD,CH_MOBILE,,2026-01-18,850.59,0.9381,DECLINED,
QUO_0000003066,CUST_00005572,PROD_HEALTH_BASIC,CH_EMAIL,,2023-10-26,723.7,0.9005,ACCEPTED,
QUO_0000003067,CUST_00005573,PROD_HOME_BASIC,CH_MOBILE,,2024-11-12,285.44,1.1001,EXPIRED,
QUO_0000003068,CUST_00005574,PROD_HEALTH_PREMIUM,CH_EMAIL,,2022-02-24,1539.67,1.0895,DECLINED,
QUO_0000003069,CUST_00005575,PROD_HOME_STANDARD,CH_EMAIL,,2025-10-06,558.66,0.9532,DECLINED,
QUO_0000003070,CUST_00005577,PROD_HEALTH_PREMIUM,CH_BRANCH,,2025-02-04,1712.79,1.0893,SENT,
QUO_0000003071,CUST_00005579,PROD_HOME_STANDARD,CH_MOBILE,,2026-06-01,519.41,1.0361,EXPIRED,
QUO_0000003072,CUST_00005580,PROD_TRAVEL_STANDARD,CH_MOBILE,,2025-12-27,161.56,0.7554,ACCEPTED,
QUO_0000003073,CUST_00005581,PROD_PET_STANDARD,CH_MOBILE,,2024-11-08,347.21,1.2216,EXPIRED,
QUO_0000003074,CUST_00005582,PROD_LIFE_STANDARD,CH_EMAIL,,2025-02-16,471.07,0.9321,SENT,
QUO_0000003075,CUST_00005584,PROD_TRAVEL_STANDARD,CH_EMAIL,,2021-01-21,137.05,0.9082,SENT,
QUO_0000003076,CUST_00005585,PROD_LIFE_PREMIUM,CH_EMAIL,,2022-07-08,958.75,1.0445,DECLINED,
QUO_0000003077,CUST_00005586,PROD_LIFE_BASIC,CH_MOBILE,,2025-09-04,278.26,0.9854,ACCEPTED,
QUO_0000003078,CUST_00005588,PROD_LIFE_BASIC,CH_MOBILE,,2022-01-29,276.49,1.154,SENT,
QUO_0000003079,CUST_00005589,PROD_HOME_STANDARD,CH_EMAIL,,2026-01-24,446.12,0.9722,EXPIRED,
QUO_0000003080,CUST_00005591,PROD_LIFE_PREMIUM,CH_MOBILE,,2023-08-05,975.87,0.9149,DECLINED,
QUO_0000003081,CUST_00005592,PROD_TRAVEL_STANDARD,CH_EMAIL,,2025-05-25,139.44,0.7468,SENT,
QUO_0000003082,CUST_00005594,PROD_AUTO_PREMIUM,CH_MOBILE,,2024-04-10,1256.79,1.0369,SENT,
QUO_0000003083,CUST_00005596,PROD_LIFE_PREMIUM,CH_MOBILE,,2025-10-12,794.21,0.8411,DECLINED,
QUO_0000003084,CUST_00005597,PROD_PET_STANDARD,CH_MOBILE,,2022-08-21,326.52,0.8285,SENT,
QUO_0000003085,CUST_00005599,PROD_HEALTH_BASIC,CH_EMAIL,,2025-11-16,782.4,0.8056,ACCEPTED,
QUO_0000003086,CUST_00005601,PROD_HOME_STANDARD,CH_MOBILE,,2023-02-23,561.21,0.81,DECLINED,
QUO_0000003087,CUST_00005607,PROD_HOME_PREMIUM,CH_EMAIL,,2023-08-31,751.81,0.8244,ACCEPTED,
QUO_0000003088,CUST_00005608,PROD_ACCIDENT_STANDARD,CH_MOBILE,,2023-09-30,260.38,1.0833,DECLINED,
QUO_0000003089,CUST_00005609,PROD_HEALTH_BASIC,CH_EMAIL,,2020-09-07,688.64,0.7464,EXPIRED,
QUO_0000003090,CUST_00005610,PROD_LIFE_BASIC,CH_MOBILE,,2026-01-17,278.26,0.8473,SENT,
QUO_0000003091,CUST_00005611,PROD_HEALTH_STANDARD,CH_BRANCH,AGT_00163,2025-04-10,1126.56,0.7814,SENT,
QUO_0000003092,CUST_00005612,PROD_AUTO_BASIC,CH_EMAIL,,2026-06-30,562.42,0.9599,SENT,
QUO_0000003093,CUST_00005616,PROD_PET_STANDARD,CH_EMAIL,,2024-10-27,328.47,0.9971,ACCEPTED,
QUO_0000003094,CUST_00005617,PROD_AUTO_BASIC,CH_MOBILE,,2025-11-14,572.91,0.9244,DECLINED,
QUO_0000003095,CUST_00005619,PROD_LIFE_BASIC,CH_MOBILE,,2025-02-27,210.91,1.099,DECLINED,
QUO_0000003096,CUST_00005621,PROD_LIFE_PREMIUM,CH_EMAIL,,2021-01-31,919.57,0.784,EXPIRED,
QUO_0000003097,CUST_00005622,PROD_AUTO_BASIC,CH_MOBILE,,2024-07-12,467.27,0.9545,DECLINED,
QUO_0000003098,CUST_00005623,PROD_HOME_STANDARD,CH_EMAIL,,2024-07-24,513.65,0.9049,SENT,
QUO_0000003099,CUST_00005624,PROD_LIFE_BASIC,CH_EMAIL,,2024-03-16,251.1,0.9041,DECLINED,
QUO_0000003100,CUST_00005626,PROD_AUTO_PREMIUM,CH_MOBILE,,2025-09-04,1179.83,0.8696,DECLINED,
QUO_0000003101,CUST_00005627,PROD_AUTO_PREMIUM,CH_EMAIL,,2025-02-15,1110.1,0.8786,ACCEPTED,
QUO_0000003102,CUST_00005628,PROD_LIFE_STANDARD,CH_EMAIL,,2024-03-24,464.4,0.825,DECLINED,
QUO_0000003103,CUST_00005629,PROD_HEALTH_PREMIUM,CH_MOBILE,,2024-11-09,1444.3,1.0214,DECLINED,
QUO_0000003104,CUST_00005631,PROD_PET_STANDARD,CH_MOBILE,,2025-12-12,383.6,0.8767,DECLINED,
QUO_0000003105,CUST_00005632,PROD_LIFE_STANDARD,CH_MOBILE,,2023-03-30,472.91,0.9874,ACCEPTED,
QUO_0000003106,CUST_00005633,PROD_AUTO_PREMIUM,CH_EMAIL,,2026-06-14,1233.25,1.0568,DECLINED,
QUO_0000003107,CUST_00005636,PROD_HEALTH_STANDARD,CH_MOBILE,,2024-03-31,955.53,1.0853,DECLINED,
QUO_0000003108,CUST_00005637,PROD_LIFE_PREMIUM,CH_MOBILE,,2024-06-24,775.47,0.8159,DECLINED,
QUO_0000003109,CUST_00005641,PROD_HEALTH_BASIC,CH_EMAIL,,2026-05-25,763.36,0.9185,EXPIRED,
QUO_0000003110,CUST_00005644,PROD_AUTO_STANDARD,CH_EMAIL,,2025-04-07,686.71,0.9942,DECLINED,
QUO_0000003111,CUST_00005647,PROD_HOME_BASIC,CH_MOBILE,,2026-01-30,296.82,1.1021,SENT,
QUO_0000003112,CUST_00005648,PROD_HOME_STANDARD,CH_MOBILE,,2024-03-16,479.77,0.7808,EXPIRED,
QUO_0000003113,CUST_00005649,PROD_HEALTH_BASIC,CH_MOBILE,,2025-07-12,717.75,1.0502,EXPIRED,
QUO_0000003114,CUST_00005650,PROD_HOME_BASIC,CH_EMAIL,,2025-10-16,320.89,1.0605,DECLINED,
QUO_0000003115,CUST_00005651,PROD_PET_STANDARD,CH_EMAIL,,2024-04-15,310.88,1.0797,ACCEPTED,
QUO_0000003116,CUST_00005652,PROD_LIFE_STANDARD,CH_MOBILE,,2026-03-17,389.03,1.0809,DECLINED,
QUO_0000003117,CUST_00005653,PROD_HEALTH_BASIC,CH_EMAIL,,2024-02-27,761.05,1.0451,ACCEPTED,
QUO_0000003118,CUST_00005654,PROD_HEALTH_PREMIUM,CH_EMAIL,,2026-04-09,1467.5,1.1394,EXPIRED,
QUO_0000003119,CUST_00005659,PROD_AUTO_BASIC,CH_EMAIL,,2025-01-15,608.27,1.1064,EXPIRED,
QUO_0000003120,CUST_00005663,PROD_HEALTH_STANDARD,CH_EMAIL,,2026-01-24,1093.61,0.9062,EXPIRED,
QUO_0000003121,CUST_00005664,PROD_HEALTH_STANDARD,CH_EMAIL,,2025-04-27,1125.34,0.9628,EXPIRED,
QUO_0000003122,CUST_00005665,PROD_TRAVEL_STANDARD,CH_MOBILE,,2025-10-28,144.19,1.043,DECLINED,
QUO_0000003123,CUST_00005668,PROD_HOME_BASIC,CH_MOBILE,,2025-04-23,275.28,1.2151,ACCEPTED,
QUO_0000003124,CUST_00005669,PROD_LIFE_PREMIUM,CH_MOBILE,,2026-06-22,752.52,0.9738,ACCEPTED,
QUO_0000003125,CUST_00005670,PROD_LIFE_BASIC,CH_MOBILE,,2026-01-19,268.85,1.0212,DECLINED,
QUO_0000003126,CUST_00005671,PROD_AUTO_BASIC,CH_EMAIL,,2025-02-26,462.08,1.0394,EXPIRED,
QUO_0000003127,CUST_00005672,PROD_LIFE_BASIC,CH_CALL_CENTER,AGT_00085,2025-06-21,272.48,1.0485,DECLINED,
QUO_0000003128,CUST_00005673,PROD_HEALTH_STANDARD,CH_MOBILE,,2026-03-27,944.35,1.044,ACCEPTED,
QUO_0000003129,CUST_00005674,PROD_HEALTH_PREMIUM,CH_MOBILE,,2026-06-12,1410.92,1.0018,DECLINED,
QUO_0000003130,CUST_00005675,PROD_ACCIDENT_STANDARD,CH_EMAIL,,2024-05-08,248.02,0.9756,DECLINED,
QUO_0000003131,CUST_00005676,PROD_HOME_STANDARD,CH_MOBILE,,2025-12-17,517.13,1.0118,EXPIRED,
QUO_0000003132,CUST_00005679,PROD_LIFE_STANDARD,CH_EMAIL,,2024-05-29,494.67,0.8414,EXPIRED,
QUO_0000003133,CUST_00005680,PROD_LIFE_STANDARD,CH_MOBILE,,2022-10-03,383.45,0.9658,EXPIRED,
QUO_0000003134,CUST_00005681,PROD_HOME_PREMIUM,CH_EMAIL,,2024-07-10,858.97,0.9814,DECLINED,
QUO_0000003135,CUST_00005682,PROD_LIFE_PREMIUM,CH_EMAIL,,2025-12-09,803.81,0.8556,ACCEPTED,
QUO_0000003136,CUST_00005683,PROD_AUTO_PREMIUM,CH_MOBILE,,2025-04-13,1101.28,0.8793,DECLINED,
QUO_0000003137,CUST_00005684,PROD_LIFE_PREMIUM,CH_EMAIL,,2024-05-19,924.26,0.9672,ACCEPTED,
QUO_0000003138,CUST_00005685,PROD_LIFE_PREMIUM,CH_MOBILE,,2025-05-29,976.92,0.7949,EXPIRED,
QUO_0000003139,CUST_00005688,PROD_HOME_STANDARD,CH_MOBILE,,2025-12-25,558.62,1.0238,DECLINED,
QUO_0000003140,CUST_00005691,PROD_HOME_BASIC,CH_EMAIL,,2022-12-13,334.07,0.8383,SENT,
QUO_0000003141,CUST_00005692,PROD_AUTO_STANDARD,CH_MOBILE,,2025-12-14,717.72,0.8839,SENT,
QUO_0000003142,CUST_00005693,PROD_ACCIDENT_STANDARD,CH_MOBILE,,2021-08-04,233.14,1.2018,SENT,
QUO_0000003143,CUST_00005696,PROD_LIFE_STANDARD,CH_MOBILE,,2023-11-12,414.44,0.8845,DECLINED,
QUO_0000003144,CUST_00005698,PROD_HOME_PREMIUM,CH_EMAIL,,2025-08-17,725.28,0.9407,SENT,
QUO_0000003145,CUST_00005700,PROD_LIFE_STANDARD,CH_MOBILE,,2026-02-15,468.08,0.9789,ACCEPTED,
QUO_0000003146,CUST_00005701,PROD_LIFE_BASIC,CH_EMAIL,,2025-11-25,228.6,1.0636,ACCEPTED,
QUO_0000003147,CUST_00005702,PROD_LIFE_STANDARD,CH_EMAIL,,2025-11-07,410.56,1.0725,SENT,
QUO_0000003148,CUST_00005706,PROD_HOME_PREMIUM,CH_EMAIL,,2026-03-12,768.94,1.095,ACCEPTED,
QUO_0000003149,CUST_00005707,PROD_HOME_STANDARD,CH_MOBILE,,2025-11-09,541.5,0.9617,DECLINED,
QUO_0000003150,CUST_00005709,PROD_AUTO_BASIC,CH_EMAIL,,2025-12-31,587.24,1.0087,SENT,
QUO_0000003151,CUST_00005710,PROD_HEALTH_STANDARD,CH_MOBILE,,2024-01-21,866.63,0.8079,ACCEPTED,
QUO_0000003152,CUST_00005712,PROD_LIFE_PREMIUM,CH_MOBILE,,2025-10-18,935.19,0.9849,EXPIRED,
QUO_0000003153,CUST_00005713,PROD_HEALTH_PREMIUM,CH_EMAIL,,2025-10-18,1658.98,0.8683,DECLINED,
QUO_0000003154,CUST_00005716,PROD_AUTO_PREMIUM,CH_EMAIL,,2025-06-14,1081.05,0.9007,EXPIRED,
QUO_0000003155,CUST_00005717,PROD_AUTO_BASIC,CH_EMAIL,,2024-08-31,537.73,0.7412,SENT,
QUO_0000003156,CUST_00005718,PROD_ACCIDENT_STANDARD,CH_EMAIL,,2024-09-20,205.8,0.9658,DECLINED,
QUO_0000003157,CUST_00005724,PROD_TRAVEL_STANDARD,CH_EMAIL,,2025-09-19,163.13,0.9092,DECLINED,
QUO_0000003158,CUST_00005725,PROD_AUTO_BASIC,CH_MOBILE,,2025-10-09,545.04,1.0689,DECLINED,
QUO_0000003159,CUST_00005726,PROD_LIFE_PREMIUM,CH_EMAIL,,2023-08-16,919.4,1.1345,DECLINED,
QUO_0000003160,CUST_00005727,PROD_HOME_BASIC,CH_MOBILE,,2021-07-01,267.77,0.8489,ACCEPTED,
QUO_0000003161,CUST_00005729,PROD_LIFE_BASIC,CH_EMAIL,,2026-03-16,208.56,0.7749,DECLINED,
QUO_0000003162,CUST_00005736,PROD_PET_STANDARD,CH_EMAIL,,2022-02-23,379.39,0.9964,DECLINED,
QUO_0000003163,CUST_00005737,PROD_AUTO_BASIC,CH_MOBILE,,2023-08-14,516.46,0.8868,SENT,
QUO_0000003164,CUST_00005738,PROD_LIFE_STANDARD,CH_EMAIL,,2023-06-09,442.11,1.0274,SENT,
QUO_0000003165,CUST_00005739,PROD_TRAVEL_STANDARD,CH_EMAIL,,2024-12-31,140.9,1.1154,SENT,
QUO_0000003166,CUST_00005740,PROD_HEALTH_PREMIUM,CH_EMAIL,,2026-01-21,1303.62,0.8422,ACCEPTED,
QUO_0000003167,CUST_00005743,PROD_PET_STANDARD,CH_EMAIL,,2021-04-06,396.37,1.0417,EXPIRED,
QUO_0000003168,CUST_00005744,PROD_LIFE_PREMIUM,CH_MOBILE,,2025-11-10,735.87,0.9999,DECLINED,
QUO_0000003169,CUST_00005746,PROD_AUTO_STANDARD,CH_EMAIL,,2024-07-16,688.32,1.0476,DECLINED,
QUO_0000003170,CUST_00005747,PROD_HEALTH_PREMIUM,CH_EMAIL,,2023-04-19,1736.86,0.72,DECLINED,
QUO_0000003171,CUST_00005748,PROD_HEALTH_PREMIUM,CH_MOBILE,,2022-06-08,1510.93,0.9931,DECLINED,
QUO_0000003172,CUST_00005752,PROD_TRAVEL_STANDARD,CH_MOBILE,,2023-09-16,157.88,0.915,SENT,
QUO_0000003173,CUST_00005754,PROD_HEALTH_STANDARD,CH_EMAIL,,2025-10-06,885.17,1.1015,DECLINED,
QUO_0000003174,CUST_00005756,PROD_TRAVEL_STANDARD,CH_BRANCH,AGT_00086,2023-07-17,145.15,0.7723,SENT,
QUO_0000003175,CUST_00005757,PROD_LIFE_PREMIUM,CH_MOBILE,,2024-03-18,850.41,1.0192,SENT,
QUO_0000003176,CUST_00005758,PROD_PET_STANDARD,CH_EMAIL,,2026-05-17,339.59,0.9956,DECLINED,
QUO_0000003177,CUST_00005761,PROD_LIFE_PREMIUM,CH_CALL_CENTER,AGT_00156,2026-04-15,754.34,1.0394,DECLINED,
QUO_0000003178,CUST_00005762,PROD_HOME_PREMIUM,CH_EMAIL,,2026-04-21,842.56,0.8457,DECLINED,
QUO_0000003179,CUST_00005765,PROD_AUTO_PREMIUM,CH_EMAIL,,2022-12-15,966.15,1.032,DECLINED,
QUO_0000003180,CUST_00005769,PROD_ACCIDENT_STANDARD,CH_EMAIL,,2022-08-22,199.08,0.9028,ACCEPTED,
QUO_0000003181,CUST_00005770,PROD_AUTO_PREMIUM,CH_MOBILE,,2026-06-09,1112.47,0.8735,SENT,
QUO_0000003182,CUST_00005772,PROD_LIFE_PREMIUM,CH_EMAIL,,2025-01-27,904.66,0.8736,ACCEPTED,
QUO_0000003183,CUST_00005773,PROD_AUTO_PREMIUM,CH_MOBILE,,2025-12-07,1287.86,0.8789,DECLINED,
QUO_0000003184,CUST_00005774,PROD_PET_STANDARD,CH_EMAIL,,2026-01-21,368.55,1.1022,SENT,
QUO_0000003185,CUST_00005775,PROD_HEALTH_PREMIUM,CH_EMAIL,,2026-06-17,1350.54,1.0745,EXPIRED,
QUO_0000003186,CUST_00005776,PROD_AUTO_STANDARD,CH_MOBILE,,2026-03-17,869.11,0.992,DECLINED,
QUO_0000003187,CUST_00005777,PROD_LIFE_PREMIUM,CH_EMAIL,,2023-02-07,977.33,0.9798,DECLINED,
QUO_0000003188,CUST_00005780,PROD_AUTO_BASIC,CH_EMAIL,,2023-01-17,612.88,1.0356,ACCEPTED,
QUO_0000003189,CUST_00005783,PROD_ACCIDENT_STANDARD,CH_EMAIL,,2026-02-02,224.81,1.1263,EXPIRED,
QUO_0000003190,CUST_00005786,PROD_ACCIDENT_STANDARD,CH_MOBILE,,2022-05-03,211.34,0.8824,EXPIRED,
QUO_0000003191,CUST_00005794,PROD_PET_STANDARD,CH_EMAIL,,2026-06-15,327.81,0.9396,SENT,
QUO_0000003192,CUST_00005795,PROD_AUTO_PREMIUM,CH_MOBILE,,2025-07-30,1045.6,0.879,ACCEPTED,
QUO_0000003193,CUST_00005797,PROD_HOME_STANDARD,CH_EMAIL,,2025-02-18,486.97,0.7728,DECLINED,
QUO_0000003194,CUST_00005799,PROD_HEALTH_STANDARD,CH_MOBILE,,2024-09-17,1031.07,1.2117,EXPIRED,
QUO_0000003195,CUST_00005800,PROD_LIFE_STANDARD,CH_CALL_CENTER,AGT_00085,2026-04-27,473.32,0.9795,SENT,
QUO_0000003196,CUST_00005802,PROD_HOME_STANDARD,CH_EMAIL,,2022-10-10,432.34,0.7426,ACCEPTED,
QUO_0000003197,CUST_00005808,PROD_AUTO_STANDARD,CH_MOBILE,,2024-10-26,829.31,0.9919,SENT,
QUO_0000003198,CUST_00005809,PROD_PET_STANDARD,CH_EMAIL,,2024-08-12,316.63,0.8091,ACCEPTED,
QUO_0000003199,CUST_00005810,PROD_AUTO_PREMIUM,CH_EMAIL,,2026-03-31,1264.25,0.955,SENT,
QUO_0000003200,CUST_00005812,PROD_AUTO_BASIC,CH_MOBILE,,2025-09-01,506.24,0.8197,SENT,
QUO_0000003201,CUST_00005813,PROD_ACCIDENT_STANDARD,CH_MOBILE,,2023-04-20,260.62,1.0395,DECLINED,
QUO_0000003202,CUST_00005814,PROD_HEALTH_STANDARD,CH_MOBILE,,2025-06-04,1047.61,0.945,EXPIRED,
QUO_0000003203,CUST_00005816,PROD_AUTO_STANDARD,CH_MOBILE,,2025-02-12,829.59,0.9913,EXPIRED,
QUO_0000003204,CUST_00005817,PROD_HOME_STANDARD,CH_EMAIL,,2025-12-05,539.41,0.9385,DECLINED,
QUO_0000003205,CUST_00005820,PROD_AUTO_PREMIUM,CH_EMAIL,,2022-07-16,1034.62,0.985,EXPIRED,
QUO_0000003206,CUST_00005822,PROD_HOME_BASIC,CH_MOBILE,,2023-11-17,334.97,1.0223,SENT,
QUO_0000003207,CUST_00005823,PROD_LIFE_BASIC,CH_EMAIL,,2024-04-28,213.94,0.9769,DECLINED,
QUO_0000003208,CUST_00005824,PROD_HEALTH_STANDARD,CH_EMAIL,,2026-03-02,1114.08,0.8994,SENT,
QUO_0000003209,CUST_00005825,PROD_AUTO_PREMIUM,CH_EMAIL,,2025-03-30,1314.24,1.0294,EXPIRED,
QUO_0000003210,CUST_00005827,PROD_HEALTH_PREMIUM,CH_MOBILE,,2025-07-20,1364.82,1.0825,SENT,
QUO_0000003211,CUST_00005828,PROD_LIFE_PREMIUM,CH_EMAIL,,2021-10-15,811.23,0.9215,SENT,
QUO_0000003212,CUST_00005831,PROD_ACCIDENT_STANDARD,CH_EMAIL,,2026-04-01,252.06,0.9491,SENT,
QUO_0000003213,CUST_00005834,PROD_HEALTH_BASIC,CH_WEB,,2024-10-14,673.95,0.8745,EXPIRED,
QUO_0000003214,CUST_00005835,PROD_AUTO_PREMIUM,CH_EMAIL,,2025-12-19,1109.98,1.0121,EXPIRED,
QUO_0000003215,CUST_00005838,PROD_LIFE_BASIC,CH_EMAIL,,2022-06-13,246.79,1.0135,SENT,
QUO_0000003216,CUST_00005839,PROD_HEALTH_BASIC,CH_EMAIL,,2021-08-20,626.71,1.082,DECLINED,
QUO_0000003217,CUST_00005840,PROD_LIFE_PREMIUM,CH_MOBILE,,2025-07-10,967.87,0.9224,SENT,
QUO_0000003218,CUST_00005843,PROD_AUTO_STANDARD,CH_MOBILE,,2022-11-27,705.86,0.9823,ACCEPTED,
QUO_0000003219,CUST_00005844,PROD_TRAVEL_STANDARD,CH_MOBILE,,2024-12-14,138.73,0.9686,ACCEPTED,
QUO_0000003220,CUST_00005846,PROD_LIFE_BASIC,CH_MOBILE,,2023-03-14,212.71,1.1,DECLINED,
QUO_0000003221,CUST_00005847,PROD_HOME_BASIC,CH_EMAIL,,2026-04-25,288.8,0.8874,DECLINED,
QUO_0000003222,CUST_00005850,PROD_HOME_STANDARD,CH_EMAIL,,2024-02-11,535.79,0.9036,DECLINED,
QUO_0000003223,CUST_00005851,PROD_AUTO_STANDARD,CH_CALL_CENTER,AGT_00119,2025-07-25,710.84,0.9389,ACCEPTED,
QUO_0000003224,CUST_00005853,PROD_HOME_PREMIUM,CH_CALL_CENTER,,2023-04-26,657.3,0.8283,DECLINED,
QUO_0000003225,CUST_00005855,PROD_LIFE_PREMIUM,CH_MOBILE,,2024-06-27,900.36,1.0871,DECLINED,
QUO_0000003226,CUST_00005859,PROD_HOME_PREMIUM,CH_MOBILE,,2023-05-17,818.76,0.99,ACCEPTED,
QUO_0000003227,CUST_00005860,PROD_HOME_BASIC,CH_MOBILE,,2024-03-16,351.8,0.9936,ACCEPTED,
QUO_0000003228,CUST_00005863,PROD_TRAVEL_STANDARD,CH_MOBILE,,2026-01-12,141.14,1.0165,ACCEPTED,
QUO_0000003229,CUST_00005864,PROD_AUTO_STANDARD,CH_EMAIL,,2025-09-21,798.87,1.0523,SENT,
QUO_0000003230,CUST_00005866,PROD_HOME_STANDARD,CH_EMAIL,,2023-03-24,425.48,1.0665,SENT,
QUO_0000003231,CUST_00005867,PROD_LIFE_BASIC,CH_CALL_CENTER,AGT_00100,2025-03-29,280.59,1.0817,DECLINED,
QUO_0000003232,CUST_00005868,PROD_ACCIDENT_STANDARD,CH_EMAIL,,2026-03-20,236.62,0.8266,SENT,
QUO_0000003233,CUST_00005869,PROD_HEALTH_STANDARD,CH_MOBILE,,2021-04-18,1066.24,1.0958,SENT,
QUO_0000003234,CUST_00005872,PROD_LIFE_BASIC,CH_MOBILE,,2023-02-24,220.42,1.0754,SENT,
QUO_0000003235,CUST_00005875,PROD_AUTO_BASIC,CH_EMAIL,,2024-06-10,472.12,1.1032,SENT,
QUO_0000003236,CUST_00005876,PROD_HOME_PREMIUM,CH_EMAIL,,2024-01-18,688.23,0.8997,SENT,
QUO_0000003237,CUST_00005877,PROD_AUTO_BASIC,CH_EMAIL,,2024-02-11,517.01,0.8792,EXPIRED,
QUO_0000003238,CUST_00005878,PROD_HOME_PREMIUM,CH_EMAIL,,2022-09-22,808.27,1.162,DECLINED,
QUO_0000003239,CUST_00005879,PROD_HOME_BASIC,CH_MOBILE,,2025-11-11,308.38,0.9104,ACCEPTED,
QUO_0000003240,CUST_00005880,PROD_HEALTH_BASIC,CH_MOBILE,,2022-12-21,624.95,1.0918,SENT,
QUO_0000003241,CUST_00005882,PROD_AUTO_PREMIUM,CH_EMAIL,,2020-12-16,1184.28,1.0474,SENT,
QUO_0000003242,CUST_00005884,PROD_HEALTH_STANDARD,CH_EMAIL,,2022-12-11,1001.84,0.8804,SENT,
QUO_0000003243,CUST_00005888,PROD_HEALTH_PREMIUM,CH_CALL_CENTER,AGT_00140,2025-10-04,1353.07,0.9392,SENT,
QUO_0000003244,CUST_00005889,PROD_LIFE_PREMIUM,CH_EMAIL,,2025-07-31,941.32,1.2788,DECLINED,
QUO_0000003245,CUST_00005890,PROD_HEALTH_BASIC,CH_MOBILE,,2025-12-13,679.7,0.848,EXPIRED,
QUO_0000003246,CUST_00005891,PROD_TRAVEL_STANDARD,CH_EMAIL,,2024-11-20,146.6,1.1547,SENT,
QUO_0000003247,CUST_00005896,PROD_HOME_STANDARD,CH_EMAIL,,2022-05-26,475.41,1.0142,EXPIRED,
QUO_0000003248,CUST_00005897,PROD_HOME_STANDARD,CH_MOBILE,,2025-03-22,550.54,0.8802,SENT,
QUO_0000003249,CUST_00005898,PROD_AUTO_STANDARD,CH_MOBILE,,2025-12-28,804.36,0.744,ACCEPTED,
QUO_0000003250,CUST_00005899,PROD_ACCIDENT_STANDARD,CH_EMAIL,,2026-03-12,202.15,0.9894,SENT,
QUO_0000003251,CUST_00005901,PROD_HOME_BASIC,CH_EMAIL,,2025-04-12,330.85,0.8494,SENT,
QUO_0000003252,CUST_00005902,PROD_AUTO_STANDARD,CH_MOBILE,,2025-09-19,857.65,0.8327,ACCEPTED,
QUO_0000003253,CUST_00005903,PROD_PET_STANDARD,CH_MOBILE,,2022-08-02,366.43,1.033,SENT,
QUO_0000003254,CUST_00005904,PROD_HOME_BASIC,CH_EMAIL,,2021-05-22,346.36,0.9399,DECLINED,
QUO_0000003255,CUST_00005906,PROD_HOME_PREMIUM,CH_EMAIL,,2026-02-24,678.93,0.9048,DECLINED,
QUO_0000003256,CUST_00005907,PROD_HEALTH_PREMIUM,CH_EMAIL,,2024-06-21,1498.21,0.9955,EXPIRED,
QUO_0000003257,CUST_00005911,PROD_TRAVEL_STANDARD,CH_EMAIL,,2026-06-02,152.79,0.8123,ACCEPTED,
QUO_0000003258,CUST_00005915,PROD_AUTO_PREMIUM,CH_EMAIL,,2024-02-17,1222.1,0.9191,SENT,
QUO_0000003259,CUST_00005916,PROD_LIFE_STANDARD,CH_MOBILE,,2026-03-17,480.55,0.9237,ACCEPTED,
QUO_0000003260,CUST_00005917,PROD_TRAVEL_STANDARD,CH_EMAIL,,2022-12-12,136.28,1.1906,DECLINED,
QUO_0000003261,CUST_00005919,PROD_ACCIDENT_STANDARD,CH_MOBILE,,2026-04-25,233.8,0.9302,SENT,
QUO_0000003262,CUST_00005921,PROD_HOME_BASIC,CH_EMAIL,,2025-11-15,358.94,0.9799,SENT,
QUO_0000003263,CUST_00005922,PROD_HEALTH_BASIC,CH_MOBILE,,2026-02-08,692.62,0.8891,ACCEPTED,
QUO_0000003264,CUST_00005923,PROD_LIFE_PREMIUM,CH_MOBILE,,2025-06-28,890.92,1.0367,ACCEPTED,
QUO_0000003265,CUST_00005925,PROD_AUTO_PREMIUM,CH_EMAIL,,2024-01-22,1297.14,1.1616,ACCEPTED,
QUO_0000003266,CUST_00005927,PROD_ACCIDENT_STANDARD,CH_EMAIL,,2023-11-04,254.49,1.1505,SENT,
QUO_0000003267,CUST_00005928,PROD_HEALTH_STANDARD,CH_EMAIL,,2026-06-25,954.28,1.1456,EXPIRED,
QUO_0000003268,CUST_00005929,PROD_AUTO_PREMIUM,CH_MOBILE,,2022-12-12,1139.48,0.835,SENT,
QUO_0000003269,CUST_00005930,PROD_LIFE_PREMIUM,CH_EMAIL,,2024-08-04,941.02,0.953,ACCEPTED,
QUO_0000003270,CUST_00005932,PROD_HEALTH_BASIC,CH_MOBILE,,2025-05-09,589.87,0.8691,EXPIRED,
QUO_0000003271,CUST_00005933,PROD_LIFE_PREMIUM,CH_MOBILE,,2025-05-23,947.57,0.9507,SENT,
QUO_0000003272,CUST_00005935,PROD_HEALTH_BASIC,CH_MOBILE,,2022-10-10,656.66,0.9043,EXPIRED,
QUO_0000003273,CUST_00005936,PROD_HEALTH_BASIC,CH_MOBILE,,2021-03-25,640.6,0.9523,DECLINED,
QUO_0000003274,CUST_00005937,PROD_LIFE_STANDARD,CH_MOBILE,,2025-05-23,373.54,0.9975,EXPIRED,
QUO_0000003275,CUST_00005939,PROD_AUTO_STANDARD,CH_EMAIL,,2025-12-24,655.21,1.0086,DECLINED,
QUO_0000003276,CUST_00005940,PROD_HEALTH_STANDARD,CH_EMAIL,,2026-03-10,851.67,0.8784,EXPIRED,
QUO_0000003277,CUST_00005942,PROD_TRAVEL_STANDARD,CH_EMAIL,,2026-03-09,133.56,0.8421,SENT,
QUO_0000003278,CUST_00005943,PROD_LIFE_BASIC,CH_PARTNER,,2026-06-05,229.7,1.0188,DECLINED,
QUO_0000003279,CUST_00005944,PROD_LIFE_PREMIUM,CH_EMAIL,,2026-01-15,773.78,1.072,SENT,
QUO_0000003280,CUST_00005946,PROD_HEALTH_STANDARD,CH_MOBILE,,2024-12-24,1081.92,0.9269,SENT,
QUO_0000003281,CUST_00005948,PROD_LIFE_PREMIUM,CH_EMAIL,,2026-03-03,788.73,1.1522,ACCEPTED,
QUO_0000003282,CUST_00005949,PROD_LIFE_BASIC,CH_EMAIL,,2025-01-13,275.36,1.0875,ACCEPTED,
QUO_0000003283,CUST_00005950,PROD_AUTO_BASIC,CH_MOBILE,,2023-10-12,585.47,0.8951,SENT,
QUO_0000003284,CUST_00005951,PROD_TRAVEL_STANDARD,CH_EMAIL,,2021-02-16,170.39,0.8344,SENT,
QUO_0000003285,CUST_00005952,PROD_PET_STANDARD,CH_MOBILE,,2026-02-09,396.53,0.8781,EXPIRED,
QUO_0000003286,CUST_00005955,PROD_LIFE_PREMIUM,CH_MOBILE,,2022-10-24,852.48,1.0588,SENT,
QUO_0000003287,CUST_00005957,PROD_LIFE_BASIC,CH_EMAIL,,2025-01-31,207.19,0.8666,DECLINED,
QUO_0000003288,CUST_00005958,PROD_HOME_BASIC,CH_MOBILE,,2025-05-18,356.69,0.9698,DECLINED,
QUO_0000003289,CUST_00005959,PROD_LIFE_STANDARD,CH_EMAIL,,2025-03-08,416.76,1.077,EXPIRED,
QUO_0000003290,CUST_00005962,PROD_ACCIDENT_STANDARD,CH_EMAIL,,2023-03-23,260.9,0.9949,EXPIRED,
QUO_0000003291,CUST_00005963,PROD_AUTO_BASIC,CH_EMAIL,,2023-04-16,517.58,1.0738,DECLINED,
QUO_0000003292,CUST_00005965,PROD_HOME_BASIC,CH_MOBILE,,2025-04-21,303.38,0.9412,SENT,
QUO_0000003293,CUST_00005966,PROD_HEALTH_PREMIUM,CH_EMAIL,,2021-07-08,1523.84,1.1702,DECLINED,
QUO_0000003294,CUST_00005970,PROD_ACCIDENT_STANDARD,CH_MOBILE,,2026-03-20,252.5,0.7998,EXPIRED,
QUO_0000003295,CUST_00005974,PROD_LIFE_BASIC,CH_MOBILE,,2023-04-25,271.37,1.1127,DECLINED,
QUO_0000003296,CUST_00005975,PROD_AUTO_PREMIUM,CH_MOBILE,,2024-09-19,1056.25,0.9729,EXPIRED,
QUO_0000003297,CUST_00005976,PROD_TRAVEL_STANDARD,CH_EMAIL,,2026-05-24,147.09,1.1039,EXPIRED,
QUO_0000003298,CUST_00005977,PROD_AUTO_PREMIUM,CH_MOBILE,,2026-06-09,991.76,0.8872,ACCEPTED,
QUO_0000003299,CUST_00005979,PROD_LIFE_PREMIUM,CH_EMAIL,,2026-02-28,938.9,1.0412,SENT,
QUO_0000003300,CUST_00005981,PROD_HEALTH_STANDARD,CH_EMAIL,,2024-08-17,868.55,0.9358,SENT,
QUO_0000003301,CUST_00005982,PROD_LIFE_STANDARD,CH_MOBILE,,2026-02-02,491.7,0.9743,DECLINED,
QUO_0000003302,CUST_00005983,PROD_LIFE_BASIC,CH_MOBILE,,2021-05-13,218.56,1.1232,ACCEPTED,
QUO_0000003303,CUST_00005987,PROD_LIFE_BASIC,CH_BROKER,,2023-03-06,260.31,0.7924,ACCEPTED,
QUO_0000003304,CUST_00005988,PROD_TRAVEL_STANDARD,CH_MOBILE,,2024-10-27,129.89,0.8486,SENT,
QUO_0000003305,CUST_00005990,PROD_LIFE_PREMIUM,CH_EMAIL,,2025-08-03,741.99,0.9311,ACCEPTED,
QUO_0000003306,CUST_00005991,PROD_LIFE_STANDARD,CH_MOBILE,,2025-02-02,381.29,1.0122,ACCEPTED,
QUO_0000003307,CUST_00005992,PROD_HOME_BASIC,CH_EMAIL,,2022-01-07,284.64,1.0269,SENT,
QUO_0000003308,CUST_00005995,PROD_HOME_STANDARD,CH_EMAIL,,2026-03-03,491.95,0.9973,DECLINED,
QUO_0000003309,CUST_00005996,PROD_HEALTH_PREMIUM,CH_EMAIL,,2025-08-03,1671.57,1.1238,DECLINED,
QUO_0000003310,CUST_00005999,PROD_HOME_BASIC,CH_EMAIL,,2025-05-24,280.99,1.1071,EXPIRED,
QUO_0000003311,CUST_00006001,PROD_LIFE_STANDARD,CH_EMAIL,,2025-01-10,493.07,1.0108,SENT,
QUO_0000003312,CUST_00006003,PROD_HOME_STANDARD,CH_EMAIL,,2023-03-11,416.98,0.8859,SENT,
QUO_0000003313,CUST_00006004,PROD_HOME_BASIC,CH_EMAIL,,2023-07-06,354.47,1.0053,EXPIRED,
QUO_0000003314,CUST_00006005,PROD_PET_STANDARD,CH_MOBILE,,2025-12-04,314.41,0.8166,ACCEPTED,
QUO_0000003315,CUST_00006006,PROD_AUTO_PREMIUM,CH_CALL_CENTER,,2023-01-09,1105.09,1.1306,EXPIRED,
QUO_0000003316,CUST_00006007,PROD_ACCIDENT_STANDARD,CH_EMAIL,,2025-03-20,245.14,0.8873,SENT,
QUO_0000003317,CUST_00006010,PROD_ACCIDENT_STANDARD,CH_MOBILE,,2026-01-06,226.81,0.9954,SENT,
QUO_0000003318,CUST_00006011,PROD_HEALTH_PREMIUM,CH_MOBILE,,2021-07-05,1585.61,1.071,EXPIRED,
QUO_0000003319,CUST_00006013,PROD_AUTO_STANDARD,CH_EMAIL,,2022-12-12,878.94,0.7693,EXPIRED,
QUO_0000003320,CUST_00006014,PROD_TRAVEL_STANDARD,CH_EMAIL,,2022-01-02,153.98,0.6905,DECLINED,
QUO_0000003321,CUST_00006016,PROD_LIFE_BASIC,CH_EMAIL,,2025-03-22,251.14,0.975,SENT,
QUO_0000003322,CUST_00006017,PROD_LIFE_BASIC,CH_MOBILE,,2025-01-25,270.27,1.1611,SENT,
QUO_0000003323,CUST_00006018,PROD_HOME_STANDARD,CH_EMAIL,,2025-04-22,544.68,0.8685,EXPIRED,
QUO_0000003324,CUST_00006021,PROD_PET_STANDARD,CH_MOBILE,,2025-06-22,398.27,0.9696,SENT,
QUO_0000003325,CUST_00006022,PROD_AUTO_STANDARD,CH_MOBILE,,2022-02-19,847.56,0.7117,EXPIRED,
QUO_0000003326,CUST_00006024,PROD_ACCIDENT_STANDARD,CH_MOBILE,,2024-11-21,236.68,1.1095,EXPIRED,
QUO_0000003327,CUST_00006026,PROD_LIFE_PREMIUM,CH_MOBILE,,2026-05-15,899.04,0.8242,EXPIRED,
QUO_0000003328,CUST_00006028,PROD_ACCIDENT_STANDARD,CH_EMAIL,,2025-12-23,249.08,1.2332,ACCEPTED,
QUO_0000003329,CUST_00006030,PROD_LIFE_STANDARD,CH_EMAIL,,2025-01-29,473.46,0.8559,EXPIRED,
QUO_0000003330,CUST_00006031,PROD_LIFE_PREMIUM,CH_EMAIL,,2025-05-19,845.72,0.927,SENT,
QUO_0000003331,CUST_00006032,PROD_HOME_BASIC,CH_WEB,,2022-07-30,318.24,0.912,SENT,
QUO_0000003332,CUST_00006037,PROD_LIFE_STANDARD,CH_MOBILE,,2025-09-11,422.29,1.0342,SENT,
QUO_0000003333,CUST_00006038,PROD_TRAVEL_STANDARD,CH_EMAIL,,2025-05-10,170.3,1.2485,EXPIRED,
QUO_0000003334,CUST_00006039,PROD_HOME_BASIC,CH_EMAIL,,2024-01-15,310.73,0.8537,SENT,
QUO_0000003335,CUST_00006040,PROD_HOME_BASIC,CH_CALL_CENTER,AGT_00037,2026-04-12,272.19,0.7862,DECLINED,
QUO_0000003336,CUST_00006042,PROD_HOME_STANDARD,CH_MOBILE,,2026-05-18,562.84,1.0586,DECLINED,
QUO_0000003337,CUST_00006046,PROD_LIFE_BASIC,CH_MOBILE,,2022-07-05,255.91,1.0862,ACCEPTED,
QUO_0000003338,CUST_00006050,PROD_HOME_PREMIUM,CH_MOBILE,,2026-05-05,832.61,0.8666,SENT,
QUO_0000003339,CUST_00006053,PROD_AUTO_STANDARD,CH_EMAIL,,2023-01-03,858.38,1.0644,SENT,
QUO_0000003340,CUST_00006056,PROD_HEALTH_BASIC,CH_EMAIL,,2024-03-07,669.66,0.8785,EXPIRED,
QUO_0000003341,CUST_00006057,PROD_AUTO_PREMIUM,CH_MOBILE,,2023-11-25,1155.52,0.9288,SENT,
QUO_0000003342,CUST_00006058,PROD_TRAVEL_STANDARD,CH_MOBILE,,2025-01-25,148.57,1.0007,SENT,
QUO_0000003343,CUST_00006059,PROD_HEALTH_STANDARD,CH_EMAIL,,2022-10-15,1050.6,0.9212,EXPIRED,
QUO_0000003344,CUST_00006062,PROD_LIFE_STANDARD,CH_EMAIL,,2025-05-13,483.01,0.9843,DECLINED,
QUO_0000003345,CUST_00006067,PROD_HOME_BASIC,CH_MOBILE,,2023-08-14,277.61,0.6642,ACCEPTED,
QUO_0000003346,CUST_00006069,PROD_HOME_BASIC,CH_MOBILE,,2023-08-19,305.57,1.092,SENT,
QUO_0000003347,CUST_00006070,PROD_LIFE_BASIC,CH_MOBILE,,2024-11-12,252.06,0.8449,EXPIRED,
QUO_0000003348,CUST_00006071,PROD_HEALTH_STANDARD,CH_EMAIL,,2020-09-09,985.45,1.175,DECLINED,
QUO_0000003349,CUST_00006072,PROD_HOME_BASIC,CH_EMAIL,,2023-05-17,340.73,0.9023,DECLINED,
QUO_0000003350,CUST_00006074,PROD_LIFE_STANDARD,CH_MOBILE,,2025-09-25,425.74,0.9456,EXPIRED,
QUO_0000003351,CUST_00006079,PROD_HOME_STANDARD,CH_EMAIL,,2025-07-15,434.35,1.0563,SENT,
QUO_0000003352,CUST_00006080,PROD_PET_STANDARD,CH_EMAIL,,2025-03-26,304.74,0.8717,SENT,
QUO_0000003353,CUST_00006083,PROD_HOME_BASIC,CH_MOBILE,,2023-08-27,358.12,0.9916,SENT,
QUO_0000003354,CUST_00006084,PROD_HEALTH_PREMIUM,CH_EMAIL,,2025-09-05,1317.21,0.8024,SENT,
QUO_0000003355,CUST_00006085,PROD_AUTO_PREMIUM,CH_MOBILE,,2024-09-26,1117.58,1.2168,SENT,
QUO_0000003356,CUST_00006087,PROD_HEALTH_PREMIUM,CH_EMAIL,,2021-10-14,1531.38,0.8326,SENT,
QUO_0000003357,CUST_00006089,PROD_AUTO_STANDARD,CH_EMAIL,,2025-03-01,767.04,0.9991,DECLINED,
QUO_0000003358,CUST_00006090,PROD_LIFE_STANDARD,CH_MOBILE,,2026-02-22,385.19,1.1801,SENT,
QUO_0000003359,CUST_00006096,PROD_AUTO_PREMIUM,CH_EMAIL,,2025-09-05,1317.53,1.0426,EXPIRED,
QUO_0000003360,CUST_00006098,PROD_ACCIDENT_STANDARD,CH_EMAIL,,2025-12-30,239.0,0.914,DECLINED,
QUO_0000003361,CUST_00006101,PROD_HOME_PREMIUM,CH_MOBILE,,2026-02-20,693.38,0.8278,SENT,
QUO_0000003362,CUST_00006103,PROD_ACCIDENT_STANDARD,CH_EMAIL,,2025-12-10,226.84,0.9702,EXPIRED,
QUO_0000003363,CUST_00006104,PROD_HOME_PREMIUM,CH_EMAIL,,2021-08-27,836.13,1.085,SENT,
QUO_0000003364,CUST_00006105,PROD_HOME_STANDARD,CH_EMAIL,,2020-12-09,444.1,1.0151,SENT,
QUO_0000003365,CUST_00006106,PROD_HEALTH_PREMIUM,CH_MOBILE,,2025-12-30,1532.69,0.8158,ACCEPTED,
QUO_0000003366,CUST_00006107,PROD_LIFE_STANDARD,CH_EMAIL,,2023-10-09,469.62,1.0611,ACCEPTED,
QUO_0000003367,CUST_00006109,PROD_AUTO_PREMIUM,CH_MOBILE,,2025-12-25,1264.16,0.8801,ACCEPTED,
QUO_0000003368,CUST_00006110,PROD_HEALTH_STANDARD,CH_EMAIL,,2025-09-02,891.77,0.9625,SENT,
QUO_0000003369,CUST_00006113,PROD_LIFE_STANDARD,CH_EMAIL,,2021-05-03,435.15,0.8911,SENT,
QUO_0000003370,CUST_00006114,PROD_HOME_PREMIUM,CH_EMAIL,,2025-09-30,737.48,1.1938,EXPIRED,
QUO_0000003371,CUST_00006116,PROD_AUTO_PREMIUM,CH_EMAIL,,2023-03-01,1169.66,1.0032,DECLINED,
QUO_0000003372,CUST_00006117,PROD_ACCIDENT_STANDARD,CH_MOBILE,,2025-08-12,246.19,1.0723,DECLINED,
QUO_0000003373,CUST_00006119,PROD_LIFE_PREMIUM,CH_EMAIL,,2025-09-16,973.97,1.0523,ACCEPTED,
QUO_0000003374,CUST_00006120,PROD_AUTO_STANDARD,CH_EMAIL,,2024-09-30,699.52,0.9593,ACCEPTED,
QUO_0000003375,CUST_00006121,PROD_LIFE_PREMIUM,CH_MOBILE,,2023-12-05,803.32,0.923,DECLINED,
QUO_0000003376,CUST_00006122,PROD_AUTO_BASIC,CH_MOBILE,,2026-04-24,513.1,1.0149,ACCEPTED,
QUO_0000003377,CUST_00006123,PROD_HOME_STANDARD,CH_MOBILE,,2024-03-31,531.82,0.8903,SENT,
QUO_0000003378,CUST_00006124,PROD_ACCIDENT_STANDARD,CH_EMAIL,,2023-01-09,217.85,0.8452,DECLINED,
QUO_0000003379,CUST_00006125,PROD_TRAVEL_STANDARD,CH_MOBILE,,2026-04-11,167.64,1.0546,EXPIRED,
QUO_0000003380,CUST_00006128,PROD_TRAVEL_STANDARD,CH_EMAIL,,2025-04-23,149.98,1.0653,DECLINED,
QUO_0000003381,CUST_00006129,PROD_HEALTH_PREMIUM,CH_MOBILE,,2026-02-21,1395.13,0.9669,EXPIRED,
QUO_0000003382,CUST_00006131,PROD_HOME_BASIC,CH_MOBILE,,2025-01-31,297.35,0.9012,DECLINED,
QUO_0000003383,CUST_00006132,PROD_HEALTH_BASIC,CH_BRANCH,AGT_00162,2026-03-10,776.07,0.9912,DECLINED,
QUO_0000003384,CUST_00006133,PROD_HOME_PREMIUM,CH_EMAIL,,2025-04-30,681.15,0.8641,DECLINED,
QUO_0000003385,CUST_00006134,PROD_HOME_STANDARD,CH_MOBILE,,2026-04-02,550.0,1.1798,DECLINED,
QUO_0000003386,CUST_00006136,PROD_AUTO_BASIC,CH_MOBILE,,2022-04-03,596.63,0.9951,EXPIRED,
QUO_0000003387,CUST_00006138,PROD_LIFE_BASIC,CH_MOBILE,,2022-10-08,244.13,0.8178,ACCEPTED,
QUO_0000003388,CUST_00006140,PROD_LIFE_PREMIUM,CH_MOBILE,,2024-12-18,926.85,0.8978,DECLINED,
QUO_0000003389,CUST_00006143,PROD_HOME_STANDARD,CH_MOBILE,,2024-06-01,467.97,0.9522,SENT,
QUO_0000003390,CUST_00006145,PROD_ACCIDENT_STANDARD,CH_MOBILE,,2025-12-13,261.63,0.978,EXPIRED,
QUO_0000003391,CUST_00006148,PROD_AUTO_BASIC,CH_EMAIL,,2025-04-11,483.85,1.0007,DECLINED,
QUO_0000003392,CUST_00006150,PROD_HOME_BASIC,CH_EMAIL,,2026-02-02,343.64,0.9434,SENT,
QUO_0000003393,CUST_00006152,PROD_HEALTH_BASIC,CH_EMAIL,,2026-01-08,591.87,1.0356,ACCEPTED,
QUO_0000003394,CUST_00006157,PROD_AUTO_PREMIUM,CH_MOBILE,,2023-03-07,1008.01,1.1722,DECLINED,
QUO_0000003395,CUST_00006158,PROD_AUTO_PREMIUM,CH_MOBILE,,2025-06-19,1297.0,0.9423,DECLINED,
QUO_0000003396,CUST_00006159,PROD_TRAVEL_STANDARD,CH_EMAIL,,2021-03-15,132.65,0.9881,ACCEPTED,
QUO_0000003397,CUST_00006161,PROD_AUTO_PREMIUM,CH_MOBILE,,2024-11-28,1254.01,1.0501,DECLINED,
QUO_0000003398,CUST_00006163,PROD_ACCIDENT_STANDARD,CH_CALL_CENTER,AGT_00120,2023-11-01,260.82,0.8807,DECLINED,
QUO_0000003399,CUST_00006164,PROD_AUTO_STANDARD,CH_EMAIL,,2022-11-24,734.92,1.2274,SENT,
QUO_0000003400,CUST_00006165,PROD_HEALTH_STANDARD,CH_EMAIL,,2025-07-23,1108.91,1.0791,DECLINED,
QUO_0000003401,CUST_00006167,PROD_LIFE_BASIC,CH_MOBILE,,2021-11-26,255.12,0.6733,SENT,
QUO_0000003402,CUST_00006169,PROD_LIFE_STANDARD,CH_EMAIL,,2022-10-10,448.53,0.804,DECLINED,
QUO_0000003403,CUST_00006178,PROD_HOME_BASIC,CH_MOBILE,,2025-03-13,338.73,1.2009,EXPIRED,
QUO_0000003404,CUST_00006179,PROD_HOME_STANDARD,CH_MOBILE,,2026-06-26,417.3,1.089,ACCEPTED,
QUO_0000003405,CUST_00006183,PROD_PET_STANDARD,CH_MOBILE,,2025-04-18,360.26,1.0915,SENT,
QUO_0000003406,CUST_00006184,PROD_AUTO_STANDARD,CH_MOBILE,,2026-06-16,663.15,0.9541,DECLINED,
QUO_0000003407,CUST_00006185,PROD_LIFE_BASIC,CH_EMAIL,,2026-04-24,211.95,1.0849,DECLINED,
QUO_0000003408,CUST_00006186,PROD_ACCIDENT_STANDARD,CH_MOBILE,,2026-03-17,219.6,0.9673,ACCEPTED,
QUO_0000003409,CUST_00006188,PROD_HOME_PREMIUM,CH_EMAIL,,2025-05-25,742.69,0.9903,EXPIRED,
QUO_0000003410,CUST_00006189,PROD_HEALTH_STANDARD,CH_MOBILE,,2025-11-27,871.01,0.9151,SENT,
QUO_0000003411,CUST_00006192,PROD_TRAVEL_STANDARD,CH_MOBILE,,2021-01-28,138.27,1.0539,DECLINED,
QUO_0000003412,CUST_00006193,PROD_HEALTH_BASIC,CH_EMAIL,,2025-01-21,641.32,0.9979,ACCEPTED,
QUO_0000003413,CUST_00006195,PROD_ACCIDENT_STANDARD,CH_MOBILE,,2024-05-25,211.45,1.047,SENT,
QUO_0000003414,CUST_00006196,PROD_HOME_STANDARD,CH_EMAIL,,2026-03-06,478.02,0.9467,ACCEPTED,
QUO_0000003415,CUST_00006197,PROD_HOME_BASIC,CH_MOBILE,,2026-01-24,307.81,0.9404,SENT,
QUO_0000003416,CUST_00006198,PROD_AUTO_PREMIUM,CH_EMAIL,,2025-05-01,1103.73,1.0109,SENT,
QUO_0000003417,CUST_00006199,PROD_LIFE_STANDARD,CH_EMAIL,,2024-05-04,418.47,1.2574,DECLINED,
QUO_0000003418,CUST_00006200,PROD_HEALTH_PREMIUM,CH_MOBILE,,2022-01-22,1279.2,1.041,ACCEPTED,
QUO_0000003419,CUST_00006202,PROD_LIFE_STANDARD,CH_EMAIL,,2025-09-26,400.31,1.0055,SENT,
QUO_0000003420,CUST_00006204,PROD_TRAVEL_STANDARD,CH_MOBILE,,2025-02-09,139.83,0.9424,EXPIRED,
QUO_0000003421,CUST_00006207,PROD_ACCIDENT_STANDARD,CH_MOBILE,,2024-12-23,206.95,0.9692,SENT,
QUO_0000003422,CUST_00006210,PROD_AUTO_BASIC,CH_WEB,,2024-04-02,534.44,0.9659,EXPIRED,
QUO_0000003423,CUST_00006212,PROD_ACCIDENT_STANDARD,CH_EMAIL,,2025-08-03,245.29,1.0602,EXPIRED,
QUO_0000003424,CUST_00006213,PROD_LIFE_BASIC,CH_EMAIL,,2026-02-05,275.92,1.0237,DECLINED,
QUO_0000003425,CUST_00006215,PROD_HEALTH_BASIC,CH_EMAIL,,2026-05-06,798.62,1.2584,EXPIRED,
QUO_0000003426,CUST_00006219,PROD_ACCIDENT_STANDARD,CH_MOBILE,,2025-10-21,254.31,1.0611,DECLINED,
QUO_0000003427,CUST_00006220,PROD_HOME_PREMIUM,CH_EMAIL,,2024-08-26,831.9,0.8673,SENT,
QUO_0000003428,CUST_00006221,PROD_HOME_STANDARD,CH_EMAIL,,2023-10-22,484.79,1.0169,SENT,
QUO_0000003429,CUST_00006224,PROD_AUTO_BASIC,CH_EMAIL,,2026-01-09,547.95,1.0771,EXPIRED,
QUO_0000003430,CUST_00006225,PROD_AUTO_PREMIUM,CH_EMAIL,,2026-04-18,1246.75,1.1836,SENT,
QUO_0000003431,CUST_00006227,PROD_LIFE_STANDARD,CH_EMAIL,,2024-11-25,374.68,0.8663,ACCEPTED,
QUO_0000003432,CUST_00006228,PROD_HOME_PREMIUM,CH_MOBILE,,2024-03-04,894.98,0.9836,SENT,
QUO_0000003433,CUST_00006230,PROD_HEALTH_BASIC,CH_EMAIL,,2025-02-27,688.61,0.9478,SENT,
QUO_0000003434,CUST_00006231,PROD_HOME_BASIC,CH_MOBILE,,2025-12-26,289.24,0.9221,DECLINED,
QUO_0000003435,CUST_00006234,PROD_LIFE_PREMIUM,CH_EMAIL,,2023-08-28,999.62,1.0509,ACCEPTED,
QUO_0000003436,CUST_00006238,PROD_HOME_STANDARD,CH_EMAIL,,2023-04-23,529.01,0.9941,EXPIRED,
QUO_0000003437,CUST_00006239,PROD_LIFE_BASIC,CH_EMAIL,,2024-02-26,281.47,1.1184,ACCEPTED,
QUO_0000003438,CUST_00006243,PROD_HEALTH_PREMIUM,CH_EMAIL,,2021-10-29,1581.24,1.0517,ACCEPTED,
QUO_0000003439,CUST_00006244,PROD_HEALTH_BASIC,CH_MOBILE,,2024-11-05,602.96,1.1003,EXPIRED,
QUO_0000003440,CUST_00006245,PROD_HEALTH_PREMIUM,CH_MOBILE,,2021-01-20,1391.81,0.9327,DECLINED,
QUO_0000003441,CUST_00006247,PROD_HEALTH_STANDARD,CH_EMAIL,,2025-09-30,1102.15,0.8715,DECLINED,
QUO_0000003442,CUST_00006249,PROD_TRAVEL_STANDARD,CH_EMAIL,,2024-07-08,163.47,1.0356,SENT,
QUO_0000003443,CUST_00006250,PROD_ACCIDENT_STANDARD,CH_EMAIL,,2025-12-27,247.95,1.1908,DECLINED,
QUO_0000003444,CUST_00006251,PROD_HOME_PREMIUM,CH_MOBILE,,2026-06-12,790.04,0.8622,ACCEPTED,
QUO_0000003445,CUST_00006252,PROD_PET_STANDARD,CH_EMAIL,,2025-12-23,383.78,0.9971,DECLINED,
QUO_0000003446,CUST_00006253,PROD_AUTO_BASIC,CH_EMAIL,,2026-04-06,597.51,1.0973,SENT,
QUO_0000003447,CUST_00006254,PROD_HOME_STANDARD,CH_MOBILE,,2023-09-12,430.5,0.914,EXPIRED,
QUO_0000003448,CUST_00006256,PROD_AUTO_BASIC,CH_EMAIL,,2024-09-14,533.7,0.8966,EXPIRED,
QUO_0000003449,CUST_00006257,PROD_HOME_BASIC,CH_MOBILE,,2025-10-13,359.89,0.9336,SENT,
QUO_0000003450,CUST_00006259,PROD_HEALTH_PREMIUM,CH_EMAIL,,2026-01-03,1542.11,1.1482,EXPIRED,
QUO_0000003451,CUST_00006260,PROD_HOME_BASIC,CH_MOBILE,,2025-07-25,359.82,0.8914,DECLINED,
QUO_0000003452,CUST_00006261,PROD_HEALTH_PREMIUM,CH_EMAIL,,2023-05-09,1495.32,0.9127,DECLINED,
QUO_0000003453,CUST_00006263,PROD_HOME_BASIC,CH_MOBILE,,2025-07-10,357.33,0.9764,ACCEPTED,
QUO_0000003454,CUST_00006267,PROD_HOME_PREMIUM,CH_MOBILE,,2026-03-06,696.68,1.0067,EXPIRED,
QUO_0000003455,CUST_00006269,PROD_AUTO_PREMIUM,CH_MOBILE,,2024-08-15,1294.67,1.0228,SENT,
QUO_0000003456,CUST_00006270,PROD_HEALTH_STANDARD,CH_MOBILE,,2026-05-25,885.95,0.8686,ACCEPTED,
QUO_0000003457,CUST_00006275,PROD_AUTO_PREMIUM,CH_MOBILE,,2024-11-03,1204.83,1.0135,SENT,
QUO_0000003458,CUST_00006276,PROD_TRAVEL_STANDARD,CH_EMAIL,,2026-02-19,168.7,0.9488,SENT,
QUO_0000003459,CUST_00006277,PROD_HEALTH_BASIC,CH_MOBILE,,2022-10-22,628.56,1.2548,SENT,
QUO_0000003460,CUST_00006278,PROD_PET_STANDARD,CH_EMAIL,,2025-10-30,368.35,1.0166,ACCEPTED,
QUO_0000003461,CUST_00006282,PROD_HEALTH_PREMIUM,CH_EMAIL,,2022-01-13,1596.18,0.8193,ACCEPTED,
QUO_0000003462,CUST_00006285,PROD_PET_STANDARD,CH_MOBILE,,2025-10-31,338.12,0.898,DECLINED,
QUO_0000003463,CUST_00006289,PROD_LIFE_STANDARD,CH_EMAIL,,2023-10-17,464.1,0.868,SENT,
QUO_0000003464,CUST_00006291,PROD_PET_STANDARD,CH_CALL_CENTER,AGT_00105,2026-05-13,386.04,0.8101,DECLINED,
QUO_0000003465,CUST_00006292,PROD_ACCIDENT_STANDARD,CH_EMAIL,,2026-03-11,209.26,1.1897,DECLINED,
QUO_0000003466,CUST_00006293,PROD_HEALTH_STANDARD,CH_EMAIL,,2025-03-26,983.22,0.9745,DECLINED,
QUO_0000003467,CUST_00006294,PROD_HEALTH_STANDARD,CH_MOBILE,,2026-04-29,1047.11,0.8193,DECLINED,
QUO_0000003468,CUST_00006298,PROD_LIFE_BASIC,CH_MOBILE,,2026-04-22,233.74,0.9022,SENT,
QUO_0000003469,CUST_00006299,PROD_HEALTH_STANDARD,CH_EMAIL,,2025-09-02,1117.04,0.9894,EXPIRED,
QUO_0000003470,CUST_00006300,PROD_PET_STANDARD,CH_MOBILE,,2023-06-21,376.8,0.9655,EXPIRED,
QUO_0000003471,CUST_00006301,PROD_HOME_STANDARD,CH_MOBILE,,2026-01-22,550.94,0.9724,EXPIRED,
QUO_0000003472,CUST_00006303,PROD_HOME_BASIC,CH_EMAIL,,2024-08-29,308.84,0.9009,EXPIRED,
QUO_0000003473,CUST_00006304,PROD_AUTO_BASIC,CH_EMAIL,,2025-11-18,502.44,0.8403,SENT,
QUO_0000003474,CUST_00006305,PROD_HOME_STANDARD,CH_BROKER,,2025-06-10,427.42,0.9126,DECLINED,
QUO_0000003475,CUST_00006306,PROD_HOME_STANDARD,CH_EMAIL,,2023-08-09,463.76,0.9284,SENT,
QUO_0000003476,CUST_00006308,PROD_LIFE_PREMIUM,CH_EMAIL,,2026-05-01,910.16,0.9171,ACCEPTED,
QUO_0000003477,CUST_00006310,PROD_HEALTH_BASIC,CH_EMAIL,,2026-03-03,630.21,1.1995,ACCEPTED,
QUO_0000003478,CUST_00006311,PROD_HOME_BASIC,CH_MOBILE,,2022-09-24,358.71,0.7476,EXPIRED,
QUO_0000003479,CUST_00006312,PROD_HEALTH_PREMIUM,CH_EMAIL,,2023-08-06,1549.38,0.9792,EXPIRED,
QUO_0000003480,CUST_00006314,PROD_HOME_BASIC,CH_MOBILE,,2025-03-20,341.59,0.9784,EXPIRED,
QUO_0000003481,CUST_00006315,PROD_ACCIDENT_STANDARD,CH_EMAIL,,2024-12-10,235.24,1.1354,SENT,
QUO_0000003482,CUST_00006316,PROD_HEALTH_BASIC,CH_EMAIL,,2025-07-30,703.36,0.958,ACCEPTED,
QUO_0000003483,CUST_00006318,PROD_LIFE_BASIC,CH_EMAIL,,2024-02-14,246.5,0.9894,ACCEPTED,
QUO_0000003484,CUST_00006319,PROD_AUTO_BASIC,CH_MOBILE,,2025-02-26,563.63,1.0199,ACCEPTED,
QUO_0000003485,CUST_00006321,PROD_HOME_PREMIUM,CH_MOBILE,,2024-12-25,811.91,1.2223,DECLINED,
QUO_0000003486,CUST_00006323,PROD_AUTO_PREMIUM,CH_EMAIL,,2026-06-20,1249.87,1.0979,ACCEPTED,
QUO_0000003487,CUST_00006325,PROD_PET_STANDARD,CH_EMAIL,,2022-10-12,396.1,0.9362,EXPIRED,
QUO_0000003488,CUST_00006326,PROD_HOME_BASIC,CH_EMAIL,,2025-06-30,282.14,1.27,ACCEPTED,
QUO_0000003489,CUST_00006327,PROD_LIFE_STANDARD,CH_MOBILE,,2024-06-25,365.57,0.7022,SENT,
QUO_0000003490,CUST_00006328,PROD_HOME_STANDARD,CH_MOBILE,,2025-09-24,539.17,1.0074,SENT,
QUO_0000003491,CUST_00006330,PROD_AUTO_BASIC,CH_EMAIL,,2025-01-29,564.23,1.1026,EXPIRED,
QUO_0000003492,CUST_00006334,PROD_AUTO_PREMIUM,CH_CALL_CENTER,AGT_00029,2021-10-20,978.32,1.043,SENT,
QUO_0000003493,CUST_00006335,PROD_HEALTH_STANDARD,CH_BROKER,,2026-04-28,975.2,0.9358,DECLINED,
QUO_0000003494,CUST_00006336,PROD_HEALTH_PREMIUM,CH_EMAIL,,2025-03-13,1668.43,0.8242,EXPIRED,
QUO_0000003495,CUST_00006337,PROD_HOME_PREMIUM,CH_EMAIL,,2026-02-03,710.01,0.9266,SENT,
QUO_0000003496,CUST_00006341,PROD_TRAVEL_STANDARD,CH_EMAIL,,2026-01-07,128.74,1.1153,EXPIRED,
QUO_0000003497,CUST_00006342,PROD_LIFE_PREMIUM,CH_EMAIL,,2025-07-09,826.62,1.0571,SENT,
QUO_0000003498,CUST_00006344,PROD_HEALTH_STANDARD,CH_MOBILE,,2021-09-05,1002.25,1.101,DECLINED,
QUO_0000003499,CUST_00006345,PROD_PET_STANDARD,CH_MOBILE,,2026-03-09,388.6,1.04,SENT,
QUO_0000003500,CUST_00006351,PROD_HEALTH_STANDARD,CH_MOBILE,,2025-02-11,988.44,0.7576,ACCEPTED,
QUO_0000003501,CUST_00006355,PROD_HOME_PREMIUM,CH_MOBILE,,2023-10-06,734.64,1.1112,SENT,
QUO_0000003502,CUST_00006356,PROD_HEALTH_BASIC,CH_EMAIL,,2025-11-12,660.41,1.0606,EXPIRED,
QUO_0000003503,CUST_00006360,PROD_AUTO_BASIC,CH_EMAIL,,2024-02-20,466.43,1.1744,SENT,
QUO_0000003504,CUST_00006361,PROD_HEALTH_STANDARD,CH_EMAIL,,2026-04-09,990.39,0.9653,EXPIRED,
QUO_0000003505,CUST_00006362,PROD_LIFE_PREMIUM,CH_MOBILE,,2024-11-07,797.22,0.7829,SENT,
QUO_0000003506,CUST_00006363,PROD_HOME_BASIC,CH_MOBILE,,2025-12-14,270.29,0.9273,EXPIRED,
QUO_0000003507,CUST_00006364,PROD_AUTO_BASIC,CH_EMAIL,,2020-09-25,534.18,1.0697,ACCEPTED,
QUO_0000003508,CUST_00006365,PROD_AUTO_BASIC,CH_EMAIL,,2025-05-18,606.91,1.1266,SENT,
QUO_0000003509,CUST_00006367,PROD_TRAVEL_STANDARD,CH_EMAIL,,2025-12-23,148.89,0.9937,SENT,
QUO_0000003510,CUST_00006371,PROD_AUTO_STANDARD,CH_EMAIL,,2024-05-03,657.95,1.107,SENT,
QUO_0000003511,CUST_00006372,PROD_ACCIDENT_STANDARD,CH_EMAIL,,2026-05-27,255.55,0.9013,EXPIRED,
QUO_0000003512,CUST_00006375,PROD_AUTO_PREMIUM,CH_MOBILE,,2026-02-17,1046.46,0.9752,SENT,
QUO_0000003513,CUST_00006378,PROD_HEALTH_PREMIUM,CH_MOBILE,,2025-06-16,1536.17,0.9611,SENT,
QUO_0000003514,CUST_00006379,PROD_ACCIDENT_STANDARD,CH_EMAIL,,2022-08-14,265.56,1.056,ACCEPTED,
QUO_0000003515,CUST_00006381,PROD_HOME_STANDARD,CH_MOBILE,,2026-04-12,424.21,1.0158,EXPIRED,
QUO_0000003516,CUST_00006387,PROD_LIFE_PREMIUM,CH_EMAIL,,2024-08-13,874.91,1.1465,EXPIRED,
QUO_0000003517,CUST_00006390,PROD_LIFE_STANDARD,CH_EMAIL,,2026-02-02,463.55,0.7779,DECLINED,
QUO_0000003518,CUST_00006391,PROD_HOME_BASIC,CH_MOBILE,,2022-02-16,318.4,1.0728,EXPIRED,
QUO_0000003519,CUST_00006393,PROD_LIFE_PREMIUM,CH_MOBILE,,2021-04-07,909.67,1.0778,EXPIRED,
QUO_0000003520,CUST_00006395,PROD_LIFE_BASIC,CH_CALL_CENTER,AGT_00085,2023-02-17,252.48,0.9575,DECLINED,
QUO_0000003521,CUST_00006396,PROD_HOME_BASIC,CH_MOBILE,,2026-06-04,273.6,1.0198,EXPIRED,
QUO_0000003522,CUST_00006397,PROD_HOME_PREMIUM,CH_EMAIL,,2022-01-02,748.46,1.0682,SENT,
QUO_0000003523,CUST_00006398,PROD_AUTO_STANDARD,CH_MOBILE,,2025-01-20,697.25,0.9439,ACCEPTED,
QUO_0000003524,CUST_00006404,PROD_LIFE_BASIC,CH_MOBILE,,2025-03-04,254.53,1.0633,ACCEPTED,
QUO_0000003525,CUST_00006406,PROD_ACCIDENT_STANDARD,CH_MOBILE,,2026-02-01,254.73,0.9517,SENT,
QUO_0000003526,CUST_00006412,PROD_HEALTH_BASIC,CH_EMAIL,,2023-07-19,603.75,1.2125,SENT,
QUO_0000003527,CUST_00006413,PROD_ACCIDENT_STANDARD,CH_EMAIL,,2024-12-31,208.63,0.9372,SENT,
QUO_0000003528,CUST_00006415,PROD_LIFE_PREMIUM,CH_MOBILE,,2025-12-11,773.1,0.9973,DECLINED,
QUO_0000003529,CUST_00006416,PROD_AUTO_BASIC,CH_EMAIL,,2025-03-03,494.23,1.069,EXPIRED,
QUO_0000003530,CUST_00006425,PROD_HOME_BASIC,CH_EMAIL,,2025-03-08,346.26,0.9853,ACCEPTED,
QUO_0000003531,CUST_00006426,PROD_HEALTH_PREMIUM,CH_MOBILE,,2024-07-08,1480.96,0.8975,DECLINED,
QUO_0000003532,CUST_00006427,PROD_LIFE_STANDARD,CH_EMAIL,,2025-08-19,464.32,0.9323,SENT,
QUO_0000003533,CUST_00006428,PROD_AUTO_BASIC,CH_EMAIL,,2025-03-29,545.95,1.1207,ACCEPTED,
QUO_0000003534,CUST_00006430,PROD_LIFE_BASIC,CH_EMAIL,,2024-06-21,227.42,0.8647,DECLINED,
QUO_0000003535,CUST_00006434,PROD_LIFE_BASIC,CH_MOBILE,,2025-02-21,272.68,0.8006,DECLINED,
QUO_0000003536,CUST_00006436,PROD_HOME_STANDARD,CH_EMAIL,,2024-06-27,554.95,1.0495,EXPIRED,
QUO_0000003537,CUST_00006438,PROD_AUTO_STANDARD,CH_EMAIL,,2023-05-13,813.75,1.0324,SENT,
QUO_0000003538,CUST_00006440,PROD_LIFE_STANDARD,CH_MOBILE,,2024-04-30,471.3,0.9041,DECLINED,
QUO_0000003539,CUST_00006444,PROD_HOME_STANDARD,CH_EMAIL,,2023-08-09,437.8,0.7837,EXPIRED,
QUO_0000003540,CUST_00006445,PROD_AUTO_PREMIUM,CH_EMAIL,,2025-05-16,1072.73,0.9162,SENT,
QUO_0000003541,CUST_00006446,PROD_HOME_PREMIUM,CH_EMAIL,,2025-08-18,795.72,1.0057,EXPIRED,
QUO_0000003542,CUST_00006448,PROD_HOME_PREMIUM,CH_EMAIL,,2024-11-24,794.16,0.8251,DECLINED,
QUO_0000003543,CUST_00006449,PROD_AUTO_STANDARD,CH_MOBILE,,2024-05-19,695.41,0.9934,ACCEPTED,
QUO_0000003544,CUST_00006450,PROD_HEALTH_PREMIUM,CH_MOBILE,,2024-08-21,1402.11,0.969,SENT,
QUO_0000003545,CUST_00006452,PROD_HEALTH_PREMIUM,CH_MOBILE,,2025-05-10,1513.79,0.9802,ACCEPTED,
QUO_0000003546,CUST_00006453,PROD_PET_STANDARD,CH_CALL_CENTER,AGT_00071,2023-11-17,382.78,0.7726,DECLINED,
QUO_0000003547,CUST_00006454,PROD_LIFE_PREMIUM,CH_MOBILE,,2025-02-25,955.71,1.0492,SENT,
QUO_0000003548,CUST_00006457,PROD_ACCIDENT_STANDARD,CH_EMAIL,,2024-12-12,247.27,0.7309,EXPIRED,
QUO_0000003549,CUST_00006458,PROD_HOME_PREMIUM,CH_MOBILE,,2025-05-14,776.91,0.7857,DECLINED,
QUO_0000003550,CUST_00006462,PROD_HOME_PREMIUM,CH_EMAIL,,2026-02-25,819.93,1.0295,SENT,
QUO_0000003551,CUST_00006463,PROD_PET_STANDARD,CH_EMAIL,,2025-08-25,356.53,1.0333,DECLINED,
QUO_0000003552,CUST_00006465,PROD_HOME_PREMIUM,CH_EMAIL,,2025-05-31,872.04,0.9787,DECLINED,
QUO_0000003553,CUST_00006466,PROD_ACCIDENT_STANDARD,CH_MOBILE,,2022-10-21,213.33,0.8182,DECLINED,
QUO_0000003554,CUST_00006467,PROD_TRAVEL_STANDARD,CH_MOBILE,,2025-04-11,153.09,1.1461,EXPIRED,
QUO_0000003555,CUST_00006470,PROD_LIFE_PREMIUM,CH_MOBILE,,2021-08-08,918.5,0.9798,SENT,
QUO_0000003556,CUST_00006471,PROD_HEALTH_STANDARD,CH_EMAIL,,2023-10-15,847.05,0.946,ACCEPTED,
QUO_0000003557,CUST_00006472,PROD_AUTO_STANDARD,CH_EMAIL,,2026-01-19,780.68,1.0399,DECLINED,
QUO_0000003558,CUST_00006474,PROD_HEALTH_STANDARD,CH_EMAIL,,2025-10-18,1083.27,1.035,SENT,
QUO_0000003559,CUST_00006477,PROD_HOME_STANDARD,CH_MOBILE,,2024-07-18,460.52,1.1481,DECLINED,
QUO_0000003560,CUST_00006479,PROD_HEALTH_PREMIUM,CH_EMAIL,,2026-01-08,1595.25,1.1129,DECLINED,
QUO_0000003561,CUST_00006481,PROD_LIFE_STANDARD,CH_MOBILE,,2025-05-01,441.06,1.0126,EXPIRED,
QUO_0000003562,CUST_00006482,PROD_HEALTH_BASIC,CH_EMAIL,,2024-02-15,698.16,0.7664,SENT,
QUO_0000003563,CUST_00006484,PROD_HOME_STANDARD,CH_EMAIL,,2025-07-01,512.46,1.0487,DECLINED,
QUO_0000003564,CUST_00006487,PROD_AUTO_BASIC,CH_MOBILE,,2025-12-02,521.17,1.0987,ACCEPTED,
QUO_0000003565,CUST_00006488,PROD_HEALTH_BASIC,CH_EMAIL,,2026-01-25,611.73,0.7377,DECLINED,
QUO_0000003566,CUST_00006489,PROD_HOME_BASIC,CH_MOBILE,,2025-08-23,289.44,0.8297,EXPIRED,
QUO_0000003567,CUST_00006491,PROD_TRAVEL_STANDARD,CH_MOBILE,,2022-01-29,129.05,0.9147,SENT,
QUO_0000003568,CUST_00006493,PROD_AUTO_PREMIUM,CH_EMAIL,,2025-12-25,1089.27,0.9681,SENT,
QUO_0000003569,CUST_00006494,PROD_HEALTH_BASIC,CH_EMAIL,,2021-03-27,767.73,0.8599,SENT,
QUO_0000003570,CUST_00006497,PROD_LIFE_STANDARD,CH_EMAIL,,2025-09-18,412.27,0.8771,ACCEPTED,
QUO_0000003571,CUST_00006498,PROD_AUTO_STANDARD,CH_EMAIL,,2026-01-03,777.94,0.9387,EXPIRED,
QUO_0000003572,CUST_00006500,PROD_HOME_STANDARD,CH_MOBILE,,2024-06-11,536.48,0.8776,ACCEPTED,
QUO_0000003573,CUST_00006501,PROD_LIFE_PREMIUM,CH_EMAIL,,2025-09-06,906.58,0.9904,SENT,
QUO_0000003574,CUST_00006504,PROD_AUTO_STANDARD,CH_EMAIL,,2025-04-18,866.73,0.8605,SENT,
QUO_0000003575,CUST_00006505,PROD_HOME_STANDARD,CH_MOBILE,,2021-05-21,491.42,1.1233,ACCEPTED,
QUO_0000003576,CUST_00006506,PROD_LIFE_PREMIUM,CH_MOBILE,,2026-02-22,808.36,1.0591,DECLINED,
QUO_0000003577,CUST_00006508,PROD_ACCIDENT_STANDARD,CH_EMAIL,,2022-08-24,222.42,0.908,DECLINED,
QUO_0000003578,CUST_00006510,PROD_HEALTH_STANDARD,CH_EMAIL,,2024-07-05,864.15,0.9886,EXPIRED,
QUO_0000003579,CUST_00006511,PROD_AUTO_PREMIUM,CH_MOBILE,,2024-03-08,1311.61,1.1856,DECLINED,
QUO_0000003580,CUST_00006512,PROD_LIFE_BASIC,CH_EMAIL,,2023-02-26,253.08,0.9441,DECLINED,
QUO_0000003581,CUST_00006516,PROD_HEALTH_BASIC,CH_MOBILE,,2026-06-23,724.27,0.6648,EXPIRED,
QUO_0000003582,CUST_00006517,PROD_HEALTH_STANDARD,CH_MOBILE,,2026-01-07,893.06,0.9978,DECLINED,
QUO_0000003583,CUST_00006518,PROD_PET_STANDARD,CH_MOBILE,,2026-02-22,298.24,0.8118,ACCEPTED,
QUO_0000003584,CUST_00006519,PROD_AUTO_STANDARD,CH_EMAIL,,2022-12-21,883.12,1.1333,SENT,
QUO_0000003585,CUST_00006521,PROD_HEALTH_BASIC,CH_EMAIL,,2025-01-27,716.08,1.0473,SENT,
QUO_0000003586,CUST_00006522,PROD_HOME_STANDARD,CH_EMAIL,,2024-04-16,494.31,0.8652,ACCEPTED,
QUO_0000003587,CUST_00006524,PROD_LIFE_STANDARD,CH_EMAIL,,2024-10-20,409.87,1.0377,DECLINED,
QUO_0000003588,CUST_00006525,PROD_LIFE_PREMIUM,CH_MOBILE,,2025-12-11,923.64,1.0831,SENT,
QUO_0000003589,CUST_00006526,PROD_AUTO_STANDARD,CH_EMAIL,,2023-03-16,852.66,0.745,ACCEPTED,
QUO_0000003590,CUST_00006527,PROD_AUTO_PREMIUM,CH_MOBILE,,2025-06-20,1048.22,1.1068,EXPIRED,
QUO_0000003591,CUST_00006529,PROD_LIFE_BASIC,CH_EMAIL,,2026-02-22,234.76,0.9124,SENT,
QUO_0000003592,CUST_00006530,PROD_PET_STANDARD,CH_EMAIL,,2025-08-29,299.11,0.9118,DECLINED,
QUO_0000003593,CUST_00006531,PROD_HEALTH_PREMIUM,CH_MOBILE,,2025-05-14,1411.03,0.987,DECLINED,
QUO_0000003594,CUST_00006532,PROD_TRAVEL_STANDARD,CH_MOBILE,,2023-09-09,125.07,1.1311,EXPIRED,
QUO_0000003595,CUST_00006533,PROD_PET_STANDARD,CH_EMAIL,,2023-09-26,358.47,1.0648,DECLINED,
QUO_0000003596,CUST_00006536,PROD_LIFE_STANDARD,CH_MOBILE,,2023-10-08,459.4,0.926,SENT,
QUO_0000003597,CUST_00006541,PROD_AUTO_PREMIUM,CH_MOBILE,,2026-04-08,1285.0,0.9696,DECLINED,
QUO_0000003598,CUST_00006542,PROD_HEALTH_PREMIUM,CH_EMAIL,,2025-05-17,1449.02,1.1914,SENT,
QUO_0000003599,CUST_00006544,PROD_HEALTH_STANDARD,CH_EMAIL,,2024-12-21,1093.27,0.9693,SENT,
QUO_0000003600,CUST_00006546,PROD_LIFE_BASIC,CH_MOBILE,,2022-04-18,213.44,0.8438,EXPIRED,
QUO_0000003601,CUST_00006548,PROD_HEALTH_PREMIUM,CH_MOBILE,,2026-06-25,1275.33,0.7914,EXPIRED,
QUO_0000003602,CUST_00006549,PROD_HOME_PREMIUM,CH_EMAIL,,2023-01-09,884.18,0.96,EXPIRED,
QUO_0000003603,CUST_00006550,PROD_HEALTH_STANDARD,CH_EMAIL,,2026-01-08,1104.97,1.018,SENT,
QUO_0000003604,CUST_00006552,PROD_HEALTH_BASIC,CH_EMAIL,,2023-10-14,779.7,1.0012,ACCEPTED,
QUO_0000003605,CUST_00006553,PROD_HOME_PREMIUM,CH_MOBILE,,2024-12-06,853.59,1.099,EXPIRED,
QUO_0000003606,CUST_00006554,PROD_HEALTH_PREMIUM,CH_EMAIL,,2026-02-06,1515.01,1.1349,DECLINED,
QUO_0000003607,CUST_00006558,PROD_ACCIDENT_STANDARD,CH_EMAIL,,2026-02-22,223.69,1.1474,SENT,
QUO_0000003608,CUST_00006559,PROD_PET_STANDARD,CH_MOBILE,,2024-02-22,334.46,1.0401,SENT,
QUO_0000003609,CUST_00006561,PROD_PET_STANDARD,CH_EMAIL,,2022-08-22,302.18,1.0049,EXPIRED,
QUO_0000003610,CUST_00006563,PROD_HOME_STANDARD,CH_MOBILE,,2025-10-11,442.96,1.0835,ACCEPTED,
QUO_0000003611,CUST_00006564,PROD_AUTO_PREMIUM,CH_EMAIL,,2020-12-09,1243.09,0.912,DECLINED,
QUO_0000003612,CUST_00006565,PROD_AUTO_STANDARD,CH_EMAIL,,2025-07-02,797.68,1.1293,EXPIRED,
QUO_0000003613,CUST_00006566,PROD_AUTO_BASIC,CH_MOBILE,,2022-07-21,606.25,0.9806,ACCEPTED,
QUO_0000003614,CUST_00006567,PROD_LIFE_BASIC,CH_EMAIL,,2024-02-18,222.94,0.9921,ACCEPTED,
QUO_0000003615,CUST_00006568,PROD_ACCIDENT_STANDARD,CH_EMAIL,,2024-06-09,268.87,1.0161,DECLINED,
QUO_0000003616,CUST_00006570,PROD_HEALTH_PREMIUM,CH_EMAIL,,2023-05-02,1517.63,0.8944,DECLINED,
QUO_0000003617,CUST_00006571,PROD_ACCIDENT_STANDARD,CH_EMAIL,,2025-07-09,227.87,0.9954,EXPIRED,
QUO_0000003618,CUST_00006572,PROD_ACCIDENT_STANDARD,CH_MOBILE,,2025-02-26,214.27,1.0355,ACCEPTED,
QUO_0000003619,CUST_00006574,PROD_HOME_PREMIUM,CH_MOBILE,,2025-10-13,768.42,1.0721,SENT,
QUO_0000003620,CUST_00006575,PROD_AUTO_PREMIUM,CH_MOBILE,,2022-12-28,1035.68,0.7244,DECLINED,
QUO_0000003621,CUST_00006576,PROD_TRAVEL_STANDARD,CH_MOBILE,,2026-06-01,151.31,0.836,ACCEPTED,
QUO_0000003622,CUST_00006578,PROD_HEALTH_STANDARD,CH_EMAIL,,2025-09-06,843.89,0.9475,EXPIRED,
QUO_0000003623,CUST_00006580,PROD_TRAVEL_STANDARD,CH_EMAIL,,2026-05-18,154.92,0.8967,SENT,
QUO_0000003624,CUST_00006581,PROD_AUTO_STANDARD,CH_MOBILE,,2023-01-19,816.01,0.8759,ACCEPTED,
QUO_0000003625,CUST_00006582,PROD_HEALTH_PREMIUM,CH_EMAIL,,2025-03-05,1597.07,1.1445,SENT,
QUO_0000003626,CUST_00006585,PROD_LIFE_PREMIUM,CH_EMAIL,,2023-03-11,821.65,0.9636,ACCEPTED,
QUO_0000003627,CUST_00006586,PROD_PET_STANDARD,CH_EMAIL,,2025-04-04,374.05,0.7692,SENT,
QUO_0000003628,CUST_00006587,PROD_AUTO_STANDARD,CH_EMAIL,,2025-03-24,824.65,0.9473,SENT,
QUO_0000003629,CUST_00006588,PROD_PET_STANDARD,CH_EMAIL,,2021-10-03,322.67,1.0406,DECLINED,
QUO_0000003630,CUST_00006589,PROD_HOME_STANDARD,CH_BRANCH,AGT_00085,2022-07-03,538.73,1.1767,DECLINED,
QUO_0000003631,CUST_00006590,PROD_PET_STANDARD,CH_MOBILE,,2025-06-16,353.05,0.7509,ACCEPTED,
QUO_0000003632,CUST_00006592,PROD_LIFE_PREMIUM,CH_EMAIL,,2025-03-08,921.22,0.7914,DECLINED,
QUO_0000003633,CUST_00006593,PROD_HEALTH_STANDARD,CH_MOBILE,,2024-01-28,958.03,0.9241,EXPIRED,
QUO_0000003634,CUST_00006594,PROD_LIFE_BASIC,CH_EMAIL,,2026-04-11,228.26,0.8791,SENT,
QUO_0000003635,CUST_00006595,PROD_HEALTH_STANDARD,CH_MOBILE,,2022-06-13,1060.21,0.9124,SENT,
QUO_0000003636,CUST_00006599,PROD_PET_STANDARD,CH_MOBILE,,2020-10-21,339.06,0.7321,DECLINED,
QUO_0000003637,CUST_00006601,PROD_HEALTH_BASIC,CH_CALL_CENTER,AGT_00064,2023-03-09,688.87,1.1388,ACCEPTED,
QUO_0000003638,CUST_00006602,PROD_HOME_STANDARD,CH_CALL_CENTER,AGT_00092,2025-07-14,427.87,1.0406,DECLINED,
QUO_0000003639,CUST_00006603,PROD_AUTO_PREMIUM,CH_EMAIL,,2023-05-18,1229.41,1.1416,DECLINED,
QUO_0000003640,CUST_00006604,PROD_HOME_PREMIUM,CH_EMAIL,,2021-12-23,680.7,0.9778,ACCEPTED,
QUO_0000003641,CUST_00006605,PROD_LIFE_PREMIUM,CH_EMAIL,,2022-01-11,988.78,0.8677,SENT,
QUO_0000003642,CUST_00006607,PROD_LIFE_PREMIUM,CH_CALL_CENTER,AGT_00135,2025-05-13,752.02,1.1517,DECLINED,
QUO_0000003643,CUST_00006609,PROD_HOME_STANDARD,CH_MOBILE,,2026-01-30,494.04,0.8669,EXPIRED,
QUO_0000003644,CUST_00006610,PROD_AUTO_BASIC,CH_EMAIL,,2025-04-04,520.53,0.9697,DECLINED,
QUO_0000003645,CUST_00006611,PROD_PET_STANDARD,CH_EMAIL,,2024-10-31,308.11,1.0495,ACCEPTED,
QUO_0000003646,CUST_00006613,PROD_AUTO_STANDARD,CH_MOBILE,,2024-06-23,666.33,1.1379,DECLINED,
QUO_0000003647,CUST_00006619,PROD_AUTO_STANDARD,CH_EMAIL,,2025-06-13,752.79,0.9834,EXPIRED,
QUO_0000003648,CUST_00006624,PROD_HOME_BASIC,CH_EMAIL,,2023-06-22,343.49,0.9168,DECLINED,
QUO_0000003649,CUST_00006626,PROD_HOME_PREMIUM,CH_EMAIL,,2026-02-27,807.24,0.9537,EXPIRED,
QUO_0000003650,CUST_00006627,PROD_AUTO_PREMIUM,CH_EMAIL,,2025-05-07,1221.41,0.8862,ACCEPTED,
QUO_0000003651,CUST_00006628,PROD_AUTO_BASIC,CH_CALL_CENTER,,2022-06-06,586.44,0.8918,SENT,
QUO_0000003652,CUST_00006630,PROD_AUTO_STANDARD,CH_EMAIL,,2022-06-09,808.1,1.1748,SENT,
QUO_0000003653,CUST_00006636,PROD_LIFE_PREMIUM,CH_EMAIL,,2026-06-10,917.59,0.9641,DECLINED,
QUO_0000003654,CUST_00006638,PROD_LIFE_BASIC,CH_EMAIL,,2020-09-01,207.81,0.9991,SENT,
QUO_0000003655,CUST_00006640,PROD_AUTO_STANDARD,CH_EMAIL,,2025-04-11,786.73,1.1666,DECLINED,
QUO_0000003656,CUST_00006642,PROD_HEALTH_BASIC,CH_EMAIL,,2022-07-12,721.93,1.2179,EXPIRED,
QUO_0000003657,CUST_00006644,PROD_HEALTH_PREMIUM,CH_MOBILE,,2023-09-10,1611.15,0.9118,EXPIRED,
QUO_0000003658,CUST_00006645,PROD_PET_STANDARD,CH_EMAIL,,2025-02-22,302.72,0.9403,SENT,
QUO_0000003659,CUST_00006646,PROD_LIFE_PREMIUM,CH_EMAIL,,2025-10-16,920.68,0.8865,SENT,
QUO_0000003660,CUST_00006648,PROD_HOME_BASIC,CH_EMAIL,,2020-09-05,293.56,1.1298,EXPIRED,
QUO_0000003661,CUST_00006650,PROD_LIFE_BASIC,CH_WEB,,2024-08-08,263.43,0.9796,SENT,
QUO_0000003662,CUST_00006655,PROD_HEALTH_BASIC,CH_EMAIL,,2026-01-20,604.5,0.8941,EXPIRED,
QUO_0000003663,CUST_00006656,PROD_PET_STANDARD,CH_EMAIL,,2025-07-18,327.0,0.9958,SENT,
QUO_0000003664,CUST_00006657,PROD_HEALTH_PREMIUM,CH_EMAIL,,2021-04-20,1583.08,0.8444,EXPIRED,
QUO_0000003665,CUST_00006658,PROD_ACCIDENT_STANDARD,CH_EMAIL,,2024-05-30,234.27,1.2133,SENT,
QUO_0000003666,CUST_00006659,PROD_PET_STANDARD,CH_MOBILE,,2025-07-21,400.46,0.9664,DECLINED,
QUO_0000003667,CUST_00006660,PROD_AUTO_BASIC,CH_MOBILE,,2022-06-12,589.51,0.8254,EXPIRED,
QUO_0000003668,CUST_00006661,PROD_AUTO_BASIC,CH_MOBILE,,2023-01-05,581.29,0.814,ACCEPTED,
QUO_0000003669,CUST_00006662,PROD_AUTO_BASIC,CH_MOBILE,,2025-05-23,476.54,1.1323,EXPIRED,
QUO_0000003670,CUST_00006663,PROD_LIFE_STANDARD,CH_MOBILE,,2025-04-24,479.07,0.9435,EXPIRED,
QUO_0000003671,CUST_00006665,PROD_LIFE_PREMIUM,CH_CALL_CENTER,AGT_00142,2022-05-09,895.67,0.9556,SENT,
QUO_0000003672,CUST_00006667,PROD_AUTO_STANDARD,CH_EMAIL,,2023-03-18,688.69,0.9867,SENT,
QUO_0000003673,CUST_00006671,PROD_PET_STANDARD,CH_EMAIL,,2025-01-16,378.73,0.9934,DECLINED,
QUO_0000003674,CUST_00006673,PROD_PET_STANDARD,CH_BROKER,,2023-07-19,322.05,0.9401,EXPIRED,
QUO_0000003675,CUST_00006675,PROD_LIFE_STANDARD,CH_MOBILE,,2024-07-02,401.55,0.839,EXPIRED,
QUO_0000003676,CUST_00006682,PROD_LIFE_STANDARD,CH_MOBILE,,2024-08-11,493.03,0.7269,EXPIRED,
QUO_0000003677,CUST_00006683,PROD_HOME_BASIC,CH_EMAIL,,2025-10-27,299.0,0.9782,SENT,
QUO_0000003678,CUST_00006685,PROD_HOME_STANDARD,CH_EMAIL,,2026-04-29,491.48,0.9419,EXPIRED,
QUO_0000003679,CUST_00006686,PROD_HOME_STANDARD,CH_EMAIL,,2023-11-29,558.18,1.0184,SENT,
QUO_0000003680,CUST_00006688,PROD_ACCIDENT_STANDARD,CH_MOBILE,,2025-07-13,208.4,0.6596,DECLINED,
QUO_0000003681,CUST_00006689,PROD_TRAVEL_STANDARD,CH_MOBILE,,2022-05-09,156.61,0.8908,SENT,
QUO_0000003682,CUST_00006691,PROD_HOME_STANDARD,CH_EMAIL,,2024-04-11,525.82,0.9694,SENT,
QUO_0000003683,CUST_00006692,PROD_HOME_PREMIUM,CH_MOBILE,,2023-08-19,798.45,0.7472,DECLINED,
QUO_0000003684,CUST_00006693,PROD_LIFE_PREMIUM,CH_MOBILE,,2021-05-27,858.87,0.9365,SENT,
QUO_0000003685,CUST_00006694,PROD_HEALTH_BASIC,CH_EMAIL,,2023-05-26,776.94,0.9554,SENT,
QUO_0000003686,CUST_00006695,PROD_HEALTH_PREMIUM,CH_MOBILE,,2026-04-22,1320.03,0.8805,SENT,
QUO_0000003687,CUST_00006696,PROD_AUTO_BASIC,CH_EMAIL,,2020-09-06,497.0,0.9145,EXPIRED,
QUO_0000003688,CUST_00006697,PROD_LIFE_STANDARD,CH_EMAIL,,2025-11-14,377.11,1.1224,SENT,
QUO_0000003689,CUST_00006699,PROD_AUTO_STANDARD,CH_EMAIL,,2026-05-09,833.51,0.8999,DECLINED,
QUO_0000003690,CUST_00006700,PROD_LIFE_PREMIUM,CH_MOBILE,,2025-07-30,921.85,1.0837,SENT,
QUO_0000003691,CUST_00006702,PROD_LIFE_PREMIUM,CH_BRANCH,AGT_00154,2025-02-02,983.22,0.9252,ACCEPTED,
QUO_0000003692,CUST_00006704,PROD_LIFE_BASIC,CH_MOBILE,,2022-08-09,257.01,1.0241,EXPIRED,
QUO_0000003693,CUST_00006706,PROD_HEALTH_STANDARD,CH_MOBILE,,2025-12-11,883.85,1.0207,EXPIRED,
QUO_0000003694,CUST_00006707,PROD_LIFE_STANDARD,CH_MOBILE,,2025-01-11,407.37,0.9169,DECLINED,
QUO_0000003695,CUST_00006708,PROD_ACCIDENT_STANDARD,CH_MOBILE,,2025-02-06,249.54,0.9141,SENT,
QUO_0000003696,CUST_00006710,PROD_LIFE_STANDARD,CH_MOBILE,,2025-06-17,485.82,1.022,SENT,
QUO_0000003697,CUST_00006711,PROD_HOME_BASIC,CH_EMAIL,,2024-07-23,273.61,0.9634,DECLINED,
QUO_0000003698,CUST_00006712,PROD_HOME_PREMIUM,CH_EMAIL,,2025-03-22,729.26,0.9438,EXPIRED,
QUO_0000003699,CUST_00006713,PROD_TRAVEL_STANDARD,CH_EMAIL,,2024-10-29,149.06,0.9393,SENT,
QUO_0000003700,CUST_00006714,PROD_HEALTH_BASIC,CH_MOBILE,,2023-01-09,654.03,0.9785,ACCEPTED,
QUO_0000003701,CUST_00006715,PROD_HEALTH_STANDARD,CH_EMAIL,,2025-08-06,860.94,0.9353,SENT,
QUO_0000003702,CUST_00006718,PROD_HEALTH_BASIC,CH_EMAIL,,2025-09-06,622.04,0.999,EXPIRED,
QUO_0000003703,CUST_00006719,PROD_AUTO_PREMIUM,CH_MOBILE,,2022-05-30,1034.03,0.7353,EXPIRED,
QUO_0000003704,CUST_00006720,PROD_AUTO_STANDARD,CH_MOBILE,,2026-06-04,875.46,1.1149,DECLINED,
QUO_0000003705,CUST_00006721,PROD_TRAVEL_STANDARD,CH_MOBILE,,2026-01-03,147.81,1.0912,SENT,
QUO_0000003706,CUST_00006724,PROD_LIFE_PREMIUM,CH_EMAIL,,2026-02-23,916.05,1.0805,EXPIRED,
QUO_0000003707,CUST_00006728,PROD_HOME_BASIC,CH_MOBILE,,2026-05-06,274.34,1.0545,ACCEPTED,
QUO_0000003708,CUST_00006729,PROD_HOME_PREMIUM,CH_MOBILE,,2025-09-14,836.2,0.9489,DECLINED,
QUO_0000003709,CUST_00006731,PROD_HOME_PREMIUM,CH_MOBILE,,2026-04-08,665.36,0.8825,ACCEPTED,
QUO_0000003710,CUST_00006733,PROD_PET_STANDARD,CH_EMAIL,,2023-06-05,350.69,1.0857,SENT,
QUO_0000003711,CUST_00006734,PROD_HEALTH_BASIC,CH_EMAIL,,2025-09-03,715.45,0.8658,ACCEPTED,
QUO_0000003712,CUST_00006737,PROD_ACCIDENT_STANDARD,CH_EMAIL,,2025-08-21,253.51,0.9032,DECLINED,
QUO_0000003713,CUST_00006738,PROD_TRAVEL_STANDARD,CH_EMAIL,,2024-07-31,153.09,1.0354,DECLINED,
QUO_0000003714,CUST_00006739,PROD_HOME_BASIC,CH_EMAIL,,2025-06-17,319.43,0.9683,ACCEPTED,
QUO_0000003715,CUST_00006740,PROD_PET_STANDARD,CH_MOBILE,,2026-05-27,347.16,0.9125,EXPIRED,
QUO_0000003716,CUST_00006742,PROD_LIFE_PREMIUM,CH_MOBILE,,2024-05-26,781.0,0.8745,DECLINED,
QUO_0000003717,CUST_00006744,PROD_AUTO_BASIC,CH_MOBILE,,2022-12-24,525.34,0.9871,EXPIRED,
QUO_0000003718,CUST_00006745,PROD_AUTO_PREMIUM,CH_EMAIL,,2024-05-05,1263.9,0.9938,EXPIRED,
QUO_0000003719,CUST_00006746,PROD_AUTO_PREMIUM,CH_MOBILE,,2024-09-13,1232.71,1.042,SENT,
QUO_0000003720,CUST_00006747,PROD_LIFE_BASIC,CH_EMAIL,,2021-08-11,259.86,0.9445,SENT,
QUO_0000003721,CUST_00006748,PROD_HEALTH_BASIC,CH_MOBILE,,2026-01-19,782.01,0.9377,SENT,
QUO_0000003722,CUST_00006752,PROD_LIFE_BASIC,CH_MOBILE,,2025-09-01,241.9,1.1037,DECLINED,
QUO_0000003723,CUST_00006753,PROD_AUTO_STANDARD,CH_EMAIL,,2026-04-28,757.78,0.9096,ACCEPTED,
QUO_0000003724,CUST_00006761,PROD_HOME_BASIC,CH_EMAIL,,2023-03-22,270.27,0.8425,SENT,
QUO_0000003725,CUST_00006762,PROD_HEALTH_PREMIUM,CH_MOBILE,,2021-11-08,1598.93,1.0615,SENT,
QUO_0000003726,CUST_00006765,PROD_AUTO_BASIC,CH_EMAIL,,2026-02-26,580.75,1.1124,SENT,
QUO_0000003727,CUST_00006767,PROD_HOME_PREMIUM,CH_EMAIL,,2026-01-19,777.98,1.0416,DECLINED,
QUO_0000003728,CUST_00006768,PROD_LIFE_PREMIUM,CH_EMAIL,,2024-12-05,997.31,0.9317,ACCEPTED,
QUO_0000003729,CUST_00006770,PROD_LIFE_PREMIUM,CH_EMAIL,,2025-10-13,834.76,1.0166,ACCEPTED,
QUO_0000003730,CUST_00006771,PROD_HOME_BASIC,CH_EMAIL,,2026-02-26,329.53,0.65,SENT,
QUO_0000003731,CUST_00006772,PROD_TRAVEL_STANDARD,CH_EMAIL,,2023-07-11,160.77,1.133,DECLINED,
QUO_0000003732,CUST_00006773,PROD_HEALTH_STANDARD,CH_EMAIL,,2025-04-25,1061.83,0.9836,ACCEPTED,
QUO_0000003733,CUST_00006774,PROD_AUTO_BASIC,CH_EMAIL,,2025-09-08,525.61,1.1119,SENT,
QUO_0000003734,CUST_00006784,PROD_AUTO_PREMIUM,CH_MOBILE,,2023-08-21,1229.56,0.9039,DECLINED,
QUO_0000003735,CUST_00006785,PROD_HOME_BASIC,CH_MOBILE,,2023-02-12,331.31,1.0477,ACCEPTED,
QUO_0000003736,CUST_00006789,PROD_HEALTH_BASIC,CH_EMAIL,,2026-04-19,781.18,0.9888,DECLINED,
QUO_0000003737,CUST_00006790,PROD_PET_STANDARD,CH_EMAIL,,2025-03-28,297.5,0.8862,SENT,
QUO_0000003738,CUST_00006792,PROD_LIFE_BASIC,CH_MOBILE,,2023-04-29,243.18,1.2718,EXPIRED,
QUO_0000003739,CUST_00006794,PROD_LIFE_STANDARD,CH_EMAIL,,2022-08-07,438.7,0.7985,SENT,
QUO_0000003740,CUST_00006795,PROD_AUTO_BASIC,CH_MOBILE,,2024-12-24,462.46,0.9305,ACCEPTED,
QUO_0000003741,CUST_00006796,PROD_AUTO_BASIC,CH_MOBILE,,2023-12-26,452.77,0.9551,EXPIRED,
QUO_0000003742,CUST_00006797,PROD_LIFE_BASIC,CH_MOBILE,,2024-08-06,215.04,0.9785,ACCEPTED,
QUO_0000003743,CUST_00006798,PROD_PET_STANDARD,CH_MOBILE,,2026-05-28,380.48,0.9337,EXPIRED,
QUO_0000003744,CUST_00006799,PROD_LIFE_PREMIUM,CH_MOBILE,,2024-04-16,820.41,0.9127,DECLINED,
QUO_0000003745,CUST_00006804,PROD_HOME_STANDARD,CH_EMAIL,,2022-05-08,521.99,1.2109,ACCEPTED,
QUO_0000003746,CUST_00006806,PROD_LIFE_STANDARD,CH_MOBILE,,2021-10-15,401.19,1.0145,DECLINED,
QUO_0000003747,CUST_00006807,PROD_HEALTH_BASIC,CH_EMAIL,,2024-12-31,667.57,0.9445,EXPIRED,
QUO_0000003748,CUST_00006809,PROD_HEALTH_BASIC,CH_EMAIL,,2021-09-03,634.15,1.0833,SENT,
QUO_0000003749,CUST_00006811,PROD_PET_STANDARD,CH_MOBILE,,2025-12-08,341.76,0.9164,ACCEPTED,
QUO_0000003750,CUST_00006812,PROD_LIFE_PREMIUM,CH_MOBILE,,2025-07-18,1002.91,0.9124,DECLINED,
QUO_0000003751,CUST_00006814,PROD_LIFE_BASIC,CH_MOBILE,,2023-03-29,225.94,0.9115,EXPIRED,
QUO_0000003752,CUST_00006815,PROD_AUTO_STANDARD,CH_MOBILE,,2025-04-16,654.25,0.9863,DECLINED,
QUO_0000003753,CUST_00006816,PROD_TRAVEL_STANDARD,CH_EMAIL,,2023-07-09,125.59,1.0298,ACCEPTED,
QUO_0000003754,CUST_00006817,PROD_AUTO_BASIC,CH_EMAIL,,2025-04-23,467.94,1.0122,SENT,
QUO_0000003755,CUST_00006818,PROD_AUTO_BASIC,CH_MOBILE,,2026-02-20,473.05,0.8354,SENT,
QUO_0000003756,CUST_00006819,PROD_HEALTH_PREMIUM,CH_EMAIL,,2025-07-12,1295.4,0.9867,EXPIRED,
QUO_0000003757,CUST_00006820,PROD_AUTO_STANDARD,CH_MOBILE,,2025-05-30,701.09,0.9657,SENT,
QUO_0000003758,CUST_00006823,PROD_LIFE_PREMIUM,CH_EMAIL,,2026-03-07,796.21,0.9405,DECLINED,
QUO_0000003759,CUST_00006824,PROD_ACCIDENT_STANDARD,CH_MOBILE,,2026-05-22,205.37,0.9156,DECLINED,
QUO_0000003760,CUST_00006827,PROD_TRAVEL_STANDARD,CH_EMAIL,,2023-03-15,134.41,0.8122,DECLINED,
QUO_0000003761,CUST_00006829,PROD_HEALTH_STANDARD,CH_EMAIL,,2024-10-25,1062.02,1.1527,DECLINED,
QUO_0000003762,CUST_00006831,PROD_HOME_PREMIUM,CH_MOBILE,,2026-03-17,755.24,1.2085,DECLINED,
QUO_0000003763,CUST_00006832,PROD_HOME_BASIC,CH_EMAIL,,2026-05-26,348.27,0.9032,ACCEPTED,
QUO_0000003764,CUST_00006833,PROD_HEALTH_STANDARD,CH_EMAIL,,2025-12-25,885.95,0.902,ACCEPTED,
QUO_0000003765,CUST_00006834,PROD_AUTO_BASIC,CH_MOBILE,,2025-06-22,572.1,1.1966,DECLINED,
QUO_0000003766,CUST_00006835,PROD_LIFE_STANDARD,CH_MOBILE,,2024-03-13,378.38,0.923,ACCEPTED,
QUO_0000003767,CUST_00006837,PROD_AUTO_PREMIUM,CH_CALL_CENTER,AGT_00042,2023-10-20,1021.29,1.0728,ACCEPTED,
QUO_0000003768,CUST_00006839,PROD_LIFE_BASIC,CH_MOBILE,,2024-12-16,267.34,1.001,SENT,
QUO_0000003769,CUST_00006840,PROD_HEALTH_STANDARD,CH_MOBILE,,2026-04-04,887.65,1.1361,ACCEPTED,
QUO_0000003770,CUST_00006842,PROD_AUTO_STANDARD,CH_EMAIL,,2021-05-13,821.26,0.9496,DECLINED,
QUO_0000003771,CUST_00006843,PROD_AUTO_BASIC,CH_MOBILE,,2026-03-22,551.16,0.9064,EXPIRED,
QUO_0000003772,CUST_00006844,PROD_TRAVEL_STANDARD,CH_MOBILE,,2025-12-23,164.55,0.9466,DECLINED,
QUO_0000003773,CUST_00006847,PROD_HEALTH_BASIC,CH_EMAIL,,2024-10-07,787.22,0.998,EXPIRED,
QUO_0000003774,CUST_00006849,PROD_LIFE_BASIC,CH_EMAIL,,2026-03-16,272.9,0.968,DECLINED,
QUO_0000003775,CUST_00006851,PROD_HOME_BASIC,CH_EMAIL,,2022-05-11,347.93,1.0485,EXPIRED,
QUO_0000003776,CUST_00006854,PROD_HOME_STANDARD,CH_EMAIL,,2024-05-05,486.96,1.1782,SENT,
QUO_0000003777,CUST_00006858,PROD_HEALTH_PREMIUM,CH_EMAIL,,2026-04-02,1661.31,1.0166,EXPIRED,
QUO_0000003778,CUST_00006859,PROD_HEALTH_BASIC,CH_MOBILE,,2025-06-16,686.38,1.0347,EXPIRED,
QUO_0000003779,CUST_00006860,PROD_TRAVEL_STANDARD,CH_CALL_CENTER,AGT_00128,2026-01-24,165.63,1.0711,DECLINED,
QUO_0000003780,CUST_00006861,PROD_ACCIDENT_STANDARD,CH_EMAIL,,2022-12-29,231.27,0.8494,DECLINED,
QUO_0000003781,CUST_00006862,PROD_LIFE_BASIC,CH_EMAIL,,2024-05-11,243.42,1.1513,ACCEPTED,
QUO_0000003782,CUST_00006864,PROD_LIFE_STANDARD,CH_EMAIL,,2025-11-19,391.85,0.9204,DECLINED,
QUO_0000003783,CUST_00006865,PROD_AUTO_BASIC,CH_MOBILE,,2025-05-13,461.89,0.8145,SENT,
QUO_0000003784,CUST_00006866,PROD_HEALTH_BASIC,CH_EMAIL,,2026-01-19,716.2,1.0604,SENT,
QUO_0000003785,CUST_00006868,PROD_HOME_BASIC,CH_MOBILE,,2023-04-21,342.33,1.1507,DECLINED,
QUO_0000003786,CUST_00006870,PROD_ACCIDENT_STANDARD,CH_PARTNER,,2026-04-03,216.44,0.8974,DECLINED,
QUO_0000003787,CUST_00006872,PROD_HOME_STANDARD,CH_EMAIL,,2024-05-29,433.68,1.1046,SENT,
QUO_0000003788,CUST_00006873,PROD_HOME_PREMIUM,CH_MOBILE,,2025-03-10,792.36,0.8795,DECLINED,
QUO_0000003789,CUST_00006876,PROD_AUTO_STANDARD,CH_EMAIL,,2022-01-29,817.0,0.9872,DECLINED,
QUO_0000003790,CUST_00006877,PROD_AUTO_PREMIUM,CH_EMAIL,,2026-06-28,1242.18,1.0738,EXPIRED,
QUO_0000003791,CUST_00006878,PROD_HOME_PREMIUM,CH_EMAIL,,2025-03-11,880.11,0.9275,SENT,
QUO_0000003792,CUST_00006879,PROD_HEALTH_PREMIUM,CH_EMAIL,,2023-08-03,1470.42,0.9569,ACCEPTED,
QUO_0000003793,CUST_00006880,PROD_AUTO_BASIC,CH_MOBILE,,2026-05-13,449.62,1.1423,SENT,
QUO_0000003794,CUST_00006884,PROD_AUTO_BASIC,CH_EMAIL,,2026-04-26,527.15,1.2012,SENT,
QUO_0000003795,CUST_00006885,PROD_AUTO_BASIC,CH_MOBILE,,2023-06-21,456.94,0.9912,ACCEPTED,
QUO_0000003796,CUST_00006886,PROD_PET_STANDARD,CH_EMAIL,,2024-07-07,352.06,0.7735,ACCEPTED,
QUO_0000003797,CUST_00006890,PROD_AUTO_STANDARD,CH_EMAIL,,2024-11-21,691.84,0.9703,SENT,
QUO_0000003798,CUST_00006891,PROD_LIFE_BASIC,CH_EMAIL,,2021-08-24,271.37,0.848,SENT,
QUO_0000003799,CUST_00006893,PROD_HOME_STANDARD,CH_EMAIL,,2025-09-14,416.39,0.995,ACCEPTED,
QUO_0000003800,CUST_00006894,PROD_TRAVEL_STANDARD,CH_EMAIL,,2026-03-14,137.54,0.8989,SENT,
QUO_0000003801,CUST_00006895,PROD_AUTO_STANDARD,CH_MOBILE,,2025-09-06,859.4,1.0087,ACCEPTED,
QUO_0000003802,CUST_00006897,PROD_LIFE_BASIC,CH_EMAIL,,2026-05-26,280.88,1.0399,SENT,
QUO_0000003803,CUST_00006899,PROD_HEALTH_BASIC,CH_EMAIL,,2026-03-15,695.24,1.1827,SENT,
QUO_0000003804,CUST_00006900,PROD_TRAVEL_STANDARD,CH_MOBILE,,2026-05-23,164.26,0.9248,SENT,
QUO_0000003805,CUST_00006901,PROD_HOME_BASIC,CH_EMAIL,,2024-05-27,270.61,0.9492,DECLINED,
QUO_0000003806,CUST_00006902,PROD_HOME_STANDARD,CH_EMAIL,,2024-10-12,494.73,1.1929,SENT,
QUO_0000003807,CUST_00006903,PROD_HOME_PREMIUM,CH_MOBILE,,2026-01-24,765.94,0.9853,DECLINED,
QUO_0000003808,CUST_00006905,PROD_HOME_PREMIUM,CH_EMAIL,,2023-07-15,724.94,1.156,SENT,
QUO_0000003809,CUST_00006906,PROD_TRAVEL_STANDARD,CH_EMAIL,,2026-06-24,135.65,1.1615,ACCEPTED,
QUO_0000003810,CUST_00006908,PROD_PET_STANDARD,CH_EMAIL,,2025-08-19,318.82,1.055,EXPIRED,
QUO_0000003811,CUST_00006910,PROD_LIFE_STANDARD,CH_EMAIL,,2024-02-25,465.63,1.1691,ACCEPTED,
QUO_0000003812,CUST_00006912,PROD_HOME_PREMIUM,CH_EMAIL,,2025-07-03,662.22,1.0237,SENT,
QUO_0000003813,CUST_00006914,PROD_PET_STANDARD,CH_EMAIL,,2020-10-30,314.22,0.9578,DECLINED,
QUO_0000003814,CUST_00006915,PROD_HOME_BASIC,CH_MOBILE,,2025-06-01,283.31,0.7977,ACCEPTED,
QUO_0000003815,CUST_00006917,PROD_AUTO_PREMIUM,CH_MOBILE,,2026-05-03,1097.65,1.0382,SENT,
QUO_0000003816,CUST_00006918,PROD_HOME_PREMIUM,CH_EMAIL,,2026-02-02,892.15,0.8748,SENT,
QUO_0000003817,CUST_00006920,PROD_HOME_PREMIUM,CH_MOBILE,,2026-03-18,746.06,1.0393,ACCEPTED,
QUO_0000003818,CUST_00006923,PROD_LIFE_PREMIUM,CH_MOBILE,,2026-01-30,827.18,1.0073,SENT,
QUO_0000003819,CUST_00006924,PROD_TRAVEL_STANDARD,CH_EMAIL,,2024-08-03,129.21,0.7646,EXPIRED,
QUO_0000003820,CUST_00006926,PROD_AUTO_STANDARD,CH_MOBILE,,2021-11-30,808.52,1.1256,EXPIRED,
QUO_0000003821,CUST_00006927,PROD_ACCIDENT_STANDARD,CH_EMAIL,,2026-06-22,262.35,0.9323,SENT,
QUO_0000003822,CUST_00006929,PROD_AUTO_PREMIUM,CH_MOBILE,,2024-10-24,1283.97,1.1419,EXPIRED,
QUO_0000003823,CUST_00006930,PROD_ACCIDENT_STANDARD,CH_MOBILE,,2023-09-09,262.85,0.9007,EXPIRED,
QUO_0000003824,CUST_00006931,PROD_PET_STANDARD,CH_EMAIL,,2025-12-22,399.01,0.9329,ACCEPTED,
QUO_0000003825,CUST_00006932,PROD_ACCIDENT_STANDARD,CH_EMAIL,,2025-10-06,229.42,0.9398,DECLINED,
QUO_0000003826,CUST_00006933,PROD_HEALTH_STANDARD,CH_EMAIL,,2025-05-20,1077.86,0.9566,DECLINED,
QUO_0000003827,CUST_00006936,PROD_AUTO_BASIC,CH_MOBILE,,2025-07-17,600.52,0.9929,DECLINED,
QUO_0000003828,CUST_00006937,PROD_HOME_STANDARD,CH_EMAIL,,2025-11-19,450.68,0.8839,SENT,
QUO_0000003829,CUST_00006938,PROD_AUTO_STANDARD,CH_MOBILE,,2024-10-01,806.13,1.1142,DECLINED,
QUO_0000003830,CUST_00006939,PROD_LIFE_PREMIUM,CH_EMAIL,,2022-10-25,798.68,0.8955,SENT,
QUO_0000003831,CUST_00006941,PROD_AUTO_STANDARD,CH_EMAIL,,2026-06-05,661.37,1.1083,DECLINED,
QUO_0000003832,CUST_00006946,PROD_LIFE_STANDARD,CH_EMAIL,,2024-02-10,465.16,0.9596,ACCEPTED,
QUO_0000003833,CUST_00006947,PROD_PET_STANDARD,CH_MOBILE,,2021-09-30,307.05,0.916,EXPIRED,
QUO_0000003834,CUST_00006949,PROD_AUTO_BASIC,CH_EMAIL,,2024-10-24,541.69,0.8997,DECLINED,
QUO_0000003835,CUST_00006953,PROD_ACCIDENT_STANDARD,CH_EMAIL,,2025-03-15,270.08,1.0137,ACCEPTED,
QUO_0000003836,CUST_00006954,PROD_HOME_PREMIUM,CH_MOBILE,,2022-07-19,661.03,1.0338,EXPIRED,
QUO_0000003837,CUST_00006956,PROD_PET_STANDARD,CH_CALL_CENTER,AGT_00133,2026-01-20,359.9,0.9985,EXPIRED,
QUO_0000003838,CUST_00006957,PROD_HOME_BASIC,CH_EMAIL,,2024-03-15,306.37,0.9341,DECLINED,
QUO_0000003839,CUST_00006960,PROD_HOME_BASIC,CH_EMAIL,,2026-05-28,297.28,0.7216,SENT,
QUO_0000003840,CUST_00006964,PROD_AUTO_BASIC,CH_MOBILE,,2026-03-15,531.06,0.8314,EXPIRED,
QUO_0000003841,CUST_00006966,PROD_HOME_PREMIUM,CH_EMAIL,,2025-09-01,680.62,0.7738,EXPIRED,
QUO_0000003842,CUST_00006968,PROD_HEALTH_BASIC,CH_MOBILE,,2024-03-28,674.72,0.8138,SENT,
QUO_0000003843,CUST_00006969,PROD_TRAVEL_STANDARD,CH_EMAIL,,2025-05-12,126.21,1.0378,DECLINED,
QUO_0000003844,CUST_00006971,PROD_AUTO_PREMIUM,CH_EMAIL,,2025-12-10,1081.14,1.074,DECLINED,
QUO_0000003845,CUST_00006972,PROD_LIFE_STANDARD,CH_MOBILE,,2024-12-10,495.14,0.9759,ACCEPTED,
QUO_0000003846,CUST_00006976,PROD_HEALTH_BASIC,CH_EMAIL,,2023-01-16,587.09,0.912,EXPIRED,
QUO_0000003847,CUST_00006977,PROD_ACCIDENT_STANDARD,CH_MOBILE,,2022-08-28,205.72,0.8124,ACCEPTED,
QUO_0000003848,CUST_00006979,PROD_HEALTH_STANDARD,CH_MOBILE,,2025-04-29,1042.79,0.9268,ACCEPTED,
QUO_0000003849,CUST_00006980,PROD_LIFE_PREMIUM,CH_EMAIL,,2025-07-08,842.24,0.7965,EXPIRED,
QUO_0000003850,CUST_00006981,PROD_LIFE_PREMIUM,CH_MOBILE,,2025-10-23,790.47,0.8203,SENT,
QUO_0000003851,CUST_00006982,PROD_PET_STANDARD,CH_EMAIL,,2024-03-05,318.24,0.9592,ACCEPTED,
QUO_0000003852,CUST_00006983,PROD_HEALTH_BASIC,CH_MOBILE,,2025-04-27,664.44,1.0566,ACCEPTED,
QUO_0000003853,CUST_00006985,PROD_ACCIDENT_STANDARD,CH_EMAIL,,2026-03-12,258.58,1.0091,EXPIRED,
QUO_0000003854,CUST_00006988,PROD_HEALTH_PREMIUM,CH_EMAIL,,2026-01-08,1309.56,1.0221,EXPIRED,
QUO_0000003855,CUST_00006991,PROD_PET_STANDARD,CH_EMAIL,,2023-08-03,322.72,0.8488,DECLINED,
QUO_0000003856,CUST_00006992,PROD_LIFE_BASIC,CH_MOBILE,,2026-01-30,272.23,1.0466,DECLINED,
QUO_0000003857,CUST_00006995,PROD_LIFE_BASIC,CH_EMAIL,,2023-12-24,222.5,1.0805,SENT,
QUO_0000003858,CUST_00006996,PROD_HOME_BASIC,CH_EMAIL,,2026-05-23,283.87,0.8726,EXPIRED,
QUO_0000003859,CUST_00006997,PROD_LIFE_STANDARD,CH_EMAIL,,2024-08-03,465.04,0.9096,ACCEPTED,
QUO_0000003860,CUST_00006998,PROD_LIFE_BASIC,CH_EMAIL,,2025-10-25,224.66,1.027,ACCEPTED,
QUO_0000003861,CUST_00006999,PROD_TRAVEL_STANDARD,CH_MOBILE,,2025-06-13,125.21,0.9266,SENT,
QUO_0000003862,CUST_00007000,PROD_HOME_PREMIUM,CH_MOBILE,,2024-12-21,821.06,0.962,EXPIRED,
QUO_0000003863,CUST_00007001,PROD_LIFE_PREMIUM,CH_MOBILE,,2025-04-14,788.34,1.1054,ACCEPTED,
QUO_0000003864,CUST_00007002,PROD_HEALTH_STANDARD,CH_EMAIL,,2026-04-29,1152.33,0.9024,DECLINED,
QUO_0000003865,CUST_00007005,PROD_HOME_STANDARD,CH_MOBILE,,2025-04-20,495.82,1.0049,EXPIRED,
QUO_0000003866,CUST_00007006,PROD_HEALTH_BASIC,CH_MOBILE,,2026-05-10,700.73,0.8473,EXPIRED,
QUO_0000003867,CUST_00007007,PROD_HEALTH_STANDARD,CH_EMAIL,,2025-11-29,872.85,1.0701,EXPIRED,
QUO_0000003868,CUST_00007009,PROD_TRAVEL_STANDARD,CH_MOBILE,,2025-11-21,145.02,0.7777,EXPIRED,
QUO_0000003869,CUST_00007011,PROD_LIFE_STANDARD,CH_CALL_CENTER,AGT_00071,2025-06-10,480.08,0.8658,SENT,
QUO_0000003870,CUST_00007012,PROD_TRAVEL_STANDARD,CH_CALL_CENTER,,2025-09-08,168.58,0.814,DECLINED,
QUO_0000003871,CUST_00007013,PROD_PET_STANDARD,CH_MOBILE,,2024-01-06,356.35,0.9352,DECLINED,
QUO_0000003872,CUST_00007014,PROD_LIFE_BASIC,CH_EMAIL,,2025-10-25,261.09,1.0481,SENT,
QUO_0000003873,CUST_00007017,PROD_PET_STANDARD,CH_EMAIL,,2024-03-02,343.92,1.1397,DECLINED,
QUO_0000003874,CUST_00007018,PROD_HOME_BASIC,CH_EMAIL,,2026-03-06,301.52,1.0892,DECLINED,
QUO_0000003875,CUST_00007020,PROD_HOME_PREMIUM,CH_MOBILE,,2022-01-02,672.92,1.0034,EXPIRED,
QUO_0000003876,CUST_00007022,PROD_AUTO_STANDARD,CH_MOBILE,,2022-12-27,762.07,0.9496,ACCEPTED,
QUO_0000003877,CUST_00007025,PROD_TRAVEL_STANDARD,CH_MOBILE,,2026-04-07,162.76,1.1161,SENT,
QUO_0000003878,CUST_00007026,PROD_HOME_STANDARD,CH_MOBILE,,2022-09-19,535.39,1.1047,ACCEPTED,
QUO_0000003879,CUST_00007029,PROD_LIFE_PREMIUM,CH_EMAIL,,2025-08-19,909.76,0.9984,DECLINED,
QUO_0000003880,CUST_00007030,PROD_ACCIDENT_STANDARD,CH_MOBILE,,2023-04-08,206.5,0.9452,ACCEPTED,
QUO_0000003881,CUST_00007031,PROD_ACCIDENT_STANDARD,CH_EMAIL,,2024-06-08,270.37,0.9102,ACCEPTED,
QUO_0000003882,CUST_00007032,PROD_AUTO_BASIC,CH_EMAIL,,2024-09-21,528.53,1.0423,SENT,
QUO_0000003883,CUST_00007034,PROD_HOME_PREMIUM,CH_WEB,,2024-06-28,864.36,1.0808,SENT,
QUO_0000003884,CUST_00007037,PROD_LIFE_STANDARD,CH_EMAIL,,2024-11-27,366.74,0.7998,SENT,
QUO_0000003885,CUST_00007038,PROD_ACCIDENT_STANDARD,CH_EMAIL,,2024-08-13,240.22,0.9753,ACCEPTED,
QUO_0000003886,CUST_00007040,PROD_ACCIDENT_STANDARD,CH_EMAIL,,2023-11-30,211.6,0.9929,EXPIRED,
QUO_0000003887,CUST_00007041,PROD_HOME_STANDARD,CH_EMAIL,,2024-08-04,503.95,0.9496,EXPIRED,
QUO_0000003888,CUST_00007042,PROD_AUTO_STANDARD,CH_MOBILE,,2026-06-13,689.4,0.8982,SENT,
QUO_0000003889,CUST_00007043,PROD_HOME_BASIC,CH_MOBILE,,2024-08-27,353.01,0.8332,SENT,
QUO_0000003890,CUST_00007044,PROD_TRAVEL_STANDARD,CH_EMAIL,,2026-02-09,151.98,0.8816,ACCEPTED,
QUO_0000003891,CUST_00007045,PROD_HEALTH_STANDARD,CH_EMAIL,,2023-02-18,903.38,0.9995,DECLINED,
QUO_0000003892,CUST_00007047,PROD_AUTO_BASIC,CH_EMAIL,,2024-03-08,613.09,0.8787,EXPIRED,
QUO_0000003893,CUST_00007048,PROD_HOME_STANDARD,CH_EMAIL,,2025-09-05,489.41,1.0819,EXPIRED,
QUO_0000003894,CUST_00007049,PROD_HOME_PREMIUM,CH_EMAIL,,2024-07-27,700.26,0.9633,DECLINED,
QUO_0000003895,CUST_00007050,PROD_HEALTH_PREMIUM,CH_EMAIL,,2023-12-27,1560.6,0.9421,SENT,
QUO_0000003896,CUST_00007051,PROD_AUTO_BASIC,CH_EMAIL,,2025-05-12,513.65,1.0408,ACCEPTED,
QUO_0000003897,CUST_00007055,PROD_AUTO_BASIC,CH_EMAIL,,2026-06-20,560.29,1.0111,EXPIRED,
QUO_0000003898,CUST_00007056,PROD_PET_STANDARD,CH_EMAIL,,2025-07-24,305.44,0.8702,DECLINED,
QUO_0000003899,CUST_00007058,PROD_ACCIDENT_STANDARD,CH_EMAIL,,2025-03-30,235.11,0.9499,SENT,
QUO_0000003900,CUST_00007060,PROD_AUTO_PREMIUM,CH_MOBILE,,2026-04-30,1050.99,1.0581,DECLINED,
QUO_0000003901,CUST_00007064,PROD_LIFE_PREMIUM,CH_MOBILE,,2024-05-20,773.37,0.7222,DECLINED,
QUO_0000003902,CUST_00007066,PROD_HEALTH_PREMIUM,CH_MOBILE,,2023-07-30,1482.66,1.085,DECLINED,
QUO_0000003903,CUST_00007067,PROD_HEALTH_STANDARD,CH_EMAIL,,2026-06-01,1088.38,1.0088,DECLINED,
QUO_0000003904,CUST_00007068,PROD_HOME_BASIC,CH_MOBILE,,2022-09-11,329.44,1.0774,ACCEPTED,
QUO_0000003905,CUST_00007069,PROD_AUTO_STANDARD,CH_MOBILE,,2024-04-03,812.99,1.0737,ACCEPTED,
QUO_0000003906,CUST_00007073,PROD_HOME_STANDARD,CH_MOBILE,,2026-06-12,466.42,1.2309,DECLINED,
QUO_0000003907,CUST_00007074,PROD_ACCIDENT_STANDARD,CH_EMAIL,,2023-11-19,267.63,0.9246,ACCEPTED,
QUO_0000003908,CUST_00007076,PROD_HEALTH_STANDARD,CH_EMAIL,,2022-04-20,963.49,0.889,SENT,
QUO_0000003909,CUST_00007078,PROD_HOME_PREMIUM,CH_MOBILE,,2025-09-14,709.05,1.04,SENT,
QUO_0000003910,CUST_00007079,PROD_HEALTH_STANDARD,CH_EMAIL,,2026-06-28,1063.61,0.8915,DECLINED,
QUO_0000003911,CUST_00007080,PROD_HEALTH_BASIC,CH_EMAIL,,2024-05-23,585.29,0.9701,SENT,
QUO_0000003912,CUST_00007081,PROD_HEALTH_STANDARD,CH_MOBILE,,2024-10-08,930.74,0.9716,SENT,
QUO_0000003913,CUST_00007082,PROD_HEALTH_PREMIUM,CH_MOBILE,,2025-11-13,1403.35,0.8649,SENT,
QUO_0000003914,CUST_00007083,PROD_HOME_BASIC,CH_EMAIL,,2025-12-03,360.55,0.9205,ACCEPTED,
QUO_0000003915,CUST_00007084,PROD_TRAVEL_STANDARD,CH_MOBILE,,2023-10-15,135.42,1.2046,EXPIRED,
QUO_0000003916,CUST_00007087,PROD_LIFE_BASIC,CH_MOBILE,,2025-04-15,222.3,0.8034,EXPIRED,
QUO_0000003917,CUST_00007088,PROD_LIFE_BASIC,CH_MOBILE,,2023-06-06,217.16,0.9208,SENT,
QUO_0000003918,CUST_00007089,PROD_HOME_PREMIUM,CH_EMAIL,,2026-04-10,878.87,0.9946,ACCEPTED,
QUO_0000003919,CUST_00007091,PROD_PET_STANDARD,CH_CALL_CENTER,AGT_00063,2026-01-22,353.85,0.8371,SENT,
QUO_0000003920,CUST_00007092,PROD_ACCIDENT_STANDARD,CH_EMAIL,,2023-05-17,207.0,1.0725,SENT,
QUO_0000003921,CUST_00007094,PROD_LIFE_BASIC,CH_CALL_CENTER,AGT_00155,2025-11-05,251.14,0.9479,DECLINED,
QUO_0000003922,CUST_00007095,PROD_AUTO_BASIC,CH_MOBILE,,2024-12-09,551.46,0.8603,DECLINED,
QUO_0000003923,CUST_00007097,PROD_PET_STANDARD,CH_MOBILE,,2021-12-23,321.38,0.9037,ACCEPTED,
QUO_0000003924,CUST_00007104,PROD_TRAVEL_STANDARD,CH_MOBILE,,2022-04-14,132.77,0.9433,ACCEPTED,
QUO_0000003925,CUST_00007108,PROD_HOME_STANDARD,CH_MOBILE,,2022-02-12,558.03,1.1509,DECLINED,
QUO_0000003926,CUST_00007109,PROD_AUTO_PREMIUM,CH_EMAIL,,2022-08-08,1183.25,0.8767,EXPIRED,
QUO_0000003927,CUST_00007110,PROD_HOME_PREMIUM,CH_EMAIL,,2025-07-21,764.54,1.1485,DECLINED,
QUO_0000003928,CUST_00007114,PROD_HOME_STANDARD,CH_MOBILE,,2026-03-11,424.07,1.1212,DECLINED,
QUO_0000003929,CUST_00007115,PROD_HOME_STANDARD,CH_EMAIL,,2022-05-06,469.18,0.9398,SENT,
QUO_0000003930,CUST_00007118,PROD_HEALTH_BASIC,CH_EMAIL,,2025-11-09,617.94,1.2627,EXPIRED,
QUO_0000003931,CUST_00007119,PROD_HEALTH_BASIC,CH_MOBILE,,2025-03-09,630.67,1.1081,DECLINED,
QUO_0000003932,CUST_00007120,PROD_HEALTH_PREMIUM,CH_MOBILE,,2025-11-27,1513.57,1.077,DECLINED,
QUO_0000003933,CUST_00007121,PROD_TRAVEL_STANDARD,CH_EMAIL,,2023-05-14,157.79,0.9448,ACCEPTED,
QUO_0000003934,CUST_00007127,PROD_LIFE_STANDARD,CH_EMAIL,,2025-08-02,369.6,0.975,EXPIRED,
QUO_0000003935,CUST_00007130,PROD_AUTO_BASIC,CH_MOBILE,,2026-01-13,569.35,1.1185,SENT,
QUO_0000003936,CUST_00007134,PROD_HEALTH_PREMIUM,CH_MOBILE,,2024-04-02,1475.68,0.9537,ACCEPTED,
QUO_0000003937,CUST_00007136,PROD_LIFE_STANDARD,CH_EMAIL,,2024-11-23,375.92,0.9438,ACCEPTED,
QUO_0000003938,CUST_00007137,PROD_HEALTH_BASIC,CH_EMAIL,,2023-10-26,635.14,1.0422,EXPIRED,
QUO_0000003939,CUST_00007139,PROD_AUTO_PREMIUM,CH_EMAIL,,2025-09-01,1158.62,0.9661,SENT,
QUO_0000003940,CUST_00007140,PROD_LIFE_STANDARD,CH_EMAIL,,2023-04-03,488.7,0.8304,SENT,
QUO_0000003941,CUST_00007141,PROD_LIFE_BASIC,CH_EMAIL,,2024-10-27,260.73,0.7122,EXPIRED,
QUO_0000003942,CUST_00007142,PROD_HEALTH_STANDARD,CH_MOBILE,,2026-05-16,1006.87,1.0173,SENT,
QUO_0000003943,CUST_00007143,PROD_HOME_BASIC,CH_EMAIL,,2025-04-16,314.94,0.9878,SENT,
QUO_0000003944,CUST_00007144,PROD_HOME_STANDARD,CH_EMAIL,,2024-02-12,459.09,1.1774,EXPIRED,
QUO_0000003945,CUST_00007149,PROD_LIFE_BASIC,CH_EMAIL,,2021-05-08,246.0,0.9804,EXPIRED,
QUO_0000003946,CUST_00007150,PROD_AUTO_STANDARD,CH_EMAIL,,2023-10-07,866.51,1.0761,DECLINED,
QUO_0000003947,CUST_00007153,PROD_LIFE_BASIC,CH_EMAIL,,2025-03-24,250.0,1.1393,SENT,
QUO_0000003948,CUST_00007154,PROD_TRAVEL_STANDARD,CH_MOBILE,,2024-09-21,136.5,0.9832,DECLINED,
QUO_0000003949,CUST_00007155,PROD_HEALTH_PREMIUM,CH_CALL_CENTER,AGT_00134,2024-07-07,1501.05,0.9139,DECLINED,
QUO_0000003950,CUST_00007156,PROD_LIFE_PREMIUM,CH_MOBILE,,2025-07-10,827.19,1.0984,DECLINED,
QUO_0000003951,CUST_00007158,PROD_HOME_STANDARD,CH_MOBILE,,2024-09-23,447.25,0.826,SENT,
QUO_0000003952,CUST_00007160,PROD_ACCIDENT_STANDARD,CH_EMAIL,,2024-09-29,232.0,1.0507,ACCEPTED,
QUO_0000003953,CUST_00007161,PROD_HOME_PREMIUM,CH_MOBILE,,2020-07-23,824.89,0.8897,DECLINED,
QUO_0000003954,CUST_00007163,PROD_HEALTH_STANDARD,CH_MOBILE,,2026-05-19,1051.82,0.9191,DECLINED,
QUO_0000003955,CUST_00007165,PROD_HOME_STANDARD,CH_EMAIL,,2022-10-27,444.49,0.9617,DECLINED,
QUO_0000003956,CUST_00007166,PROD_LIFE_PREMIUM,CH_MOBILE,,2026-05-29,985.44,0.9972,ACCEPTED,
QUO_0000003957,CUST_00007167,PROD_LIFE_STANDARD,CH_MOBILE,,2023-04-16,425.71,0.8051,ACCEPTED,
QUO_0000003958,CUST_00007169,PROD_PET_STANDARD,CH_MOBILE,,2020-04-07,395.53,0.7427,SENT,
QUO_0000003959,CUST_00007170,PROD_HEALTH_STANDARD,CH_EMAIL,,2026-04-27,965.91,0.8696,SENT,
QUO_0000003960,CUST_00007171,PROD_HOME_STANDARD,CH_CALL_CENTER,AGT_00105,2025-02-07,482.24,0.9905,SENT,
QUO_0000003961,CUST_00007175,PROD_HOME_BASIC,CH_MOBILE,,2025-12-09,342.93,1.006,EXPIRED,
QUO_0000003962,CUST_00007176,PROD_HOME_BASIC,CH_MOBILE,,2022-06-15,364.21,1.1298,ACCEPTED,
QUO_0000003963,CUST_00007177,PROD_AUTO_BASIC,CH_EMAIL,,2023-02-28,581.54,0.906,ACCEPTED,
QUO_0000003964,CUST_00007180,PROD_HEALTH_BASIC,CH_EMAIL,,2023-01-05,759.06,1.2149,SENT,
QUO_0000003965,CUST_00007182,PROD_HOME_BASIC,CH_EMAIL,,2026-03-18,294.01,0.9953,SENT,
QUO_0000003966,CUST_00007186,PROD_HEALTH_PREMIUM,CH_MOBILE,,2026-05-24,1606.83,1.1932,EXPIRED,
QUO_0000003967,CUST_00007187,PROD_HOME_PREMIUM,CH_MOBILE,,2024-12-02,886.38,0.703,ACCEPTED,
QUO_0000003968,CUST_00007188,PROD_LIFE_PREMIUM,CH_EMAIL,,2025-01-04,760.14,0.8909,DECLINED,
QUO_0000003969,CUST_00007189,PROD_HEALTH_BASIC,CH_MOBILE,,2024-12-19,788.86,0.992,ACCEPTED,
QUO_0000003970,CUST_00007191,PROD_TRAVEL_STANDARD,CH_MOBILE,,2026-05-09,168.51,1.063,EXPIRED,
QUO_0000003971,CUST_00007192,PROD_HOME_STANDARD,CH_EMAIL,,2025-08-11,452.09,0.9101,DECLINED,
QUO_0000003972,CUST_00007194,PROD_AUTO_PREMIUM,CH_MOBILE,,2025-07-15,1015.53,0.9942,ACCEPTED,
QUO_0000003973,CUST_00007196,PROD_LIFE_PREMIUM,CH_EMAIL,,2026-05-26,813.88,0.8505,SENT,
QUO_0000003974,CUST_00007197,PROD_AUTO_PREMIUM,CH_MOBILE,,2025-08-25,1099.96,0.9317,SENT,
QUO_0000003975,CUST_00007198,PROD_PET_STANDARD,CH_MOBILE,,2024-03-18,311.42,1.0312,ACCEPTED,
QUO_0000003976,CUST_00007201,PROD_HEALTH_BASIC,CH_MOBILE,,2021-02-15,716.22,0.9841,ACCEPTED,
QUO_0000003977,CUST_00007202,PROD_HOME_PREMIUM,CH_MOBILE,,2024-08-21,672.53,1.35,DECLINED,
QUO_0000003978,CUST_00007203,PROD_LIFE_BASIC,CH_EMAIL,,2024-11-15,214.02,1.0725,DECLINED,
QUO_0000003979,CUST_00007205,PROD_LIFE_BASIC,CH_MOBILE,,2020-08-02,269.11,0.8202,SENT,
QUO_0000003980,CUST_00007212,PROD_PET_STANDARD,CH_EMAIL,,2026-03-27,323.3,1.1354,DECLINED,
QUO_0000003981,CUST_00007217,PROD_HOME_BASIC,CH_EMAIL,,2024-02-21,324.37,0.8835,DECLINED,
QUO_0000003982,CUST_00007218,PROD_AUTO_BASIC,CH_EMAIL,,2026-01-05,601.29,0.8806,SENT,
QUO_0000003983,CUST_00007220,PROD_HEALTH_STANDARD,CH_MOBILE,,2024-06-24,1039.66,1.1231,EXPIRED,
QUO_0000003984,CUST_00007221,PROD_HEALTH_STANDARD,CH_EMAIL,,2024-11-03,1041.76,1.0626,ACCEPTED,
QUO_0000003985,CUST_00007223,PROD_AUTO_BASIC,CH_EMAIL,,2025-01-17,543.13,1.1622,DECLINED,
QUO_0000003986,CUST_00007224,PROD_LIFE_PREMIUM,CH_EMAIL,,2020-10-18,777.83,0.9095,EXPIRED,
QUO_0000003987,CUST_00007226,PROD_LIFE_BASIC,CH_EMAIL,,2025-09-11,281.03,0.9304,DECLINED,
QUO_0000003988,CUST_00007227,PROD_AUTO_BASIC,CH_MOBILE,,2026-04-21,603.41,1.0166,DECLINED,
QUO_0000003989,CUST_00007230,PROD_HEALTH_PREMIUM,CH_EMAIL,,2024-02-11,1647.66,0.7525,EXPIRED,
QUO_0000003990,CUST_00007232,PROD_HEALTH_BASIC,CH_EMAIL,,2025-06-03,755.31,0.8838,SENT,
QUO_0000003991,CUST_00007233,PROD_TRAVEL_STANDARD,CH_CALL_CENTER,AGT_00140,2024-08-09,161.53,1.0636,SENT,
QUO_0000003992,CUST_00007234,PROD_HEALTH_BASIC,CH_EMAIL,,2025-06-15,779.99,0.9973,DECLINED,
QUO_0000003993,CUST_00007236,PROD_AUTO_BASIC,CH_EMAIL,,2026-02-15,599.24,0.8675,DECLINED,
QUO_0000003994,CUST_00007238,PROD_PET_STANDARD,CH_EMAIL,,2024-12-01,348.44,0.9187,DECLINED,
QUO_0000003995,CUST_00007239,PROD_LIFE_PREMIUM,CH_EMAIL,,2023-11-18,975.98,0.9566,EXPIRED,
QUO_0000003996,CUST_00007240,PROD_HEALTH_BASIC,CH_MOBILE,,2023-09-08,740.05,0.8609,DECLINED,
QUO_0000003997,CUST_00007241,PROD_HEALTH_BASIC,CH_EMAIL,,2025-12-26,723.12,1.1804,ACCEPTED,
QUO_0000003998,CUST_00007245,PROD_HEALTH_BASIC,CH_MOBILE,,2026-06-01,716.13,0.939,DECLINED,
QUO_0000003999,CUST_00007246,PROD_LIFE_PREMIUM,CH_MOBILE,,2025-08-16,917.81,0.8828,DECLINED,
QUO_0000004000,CUST_00007250,PROD_AUTO_PREMIUM,CH_BROKER,,2021-09-02,1035.55,1.35,ACCEPTED,
QUO_0000004001,CUST_00007254,PROD_AUTO_BASIC,CH_EMAIL,,2025-06-30,502.18,1.0895,EXPIRED,
QUO_0000004002,CUST_00007255,PROD_HEALTH_PREMIUM,CH_EMAIL,,2023-11-08,1318.37,0.9769,EXPIRED,
QUO_0000004003,CUST_00007258,PROD_HOME_BASIC,CH_MOBILE,,2025-04-21,290.14,0.9246,SENT,
QUO_0000004004,CUST_00007262,PROD_HEALTH_BASIC,CH_MOBILE,,2021-12-26,654.85,1.0047,DECLINED,
QUO_0000004005,CUST_00007264,PROD_PET_STANDARD,CH_MOBILE,,2024-07-11,336.99,0.8551,DECLINED,
QUO_0000004006,CUST_00007268,PROD_HOME_PREMIUM,CH_EMAIL,,2025-01-31,834.47,1.1441,ACCEPTED,
QUO_0000004007,CUST_00007269,PROD_HEALTH_BASIC,CH_EMAIL,,2025-06-14,730.11,1.2251,SENT,
QUO_0000004008,CUST_00007271,PROD_HOME_BASIC,CH_CALL_CENTER,AGT_00105,2026-02-26,328.0,0.8993,SENT,
QUO_0000004009,CUST_00007272,PROD_HEALTH_STANDARD,CH_MOBILE,,2025-04-25,852.51,1.0893,EXPIRED,
QUO_0000004010,CUST_00007275,PROD_HOME_PREMIUM,CH_EMAIL,,2024-08-16,815.78,0.9713,SENT,
QUO_0000004011,CUST_00007276,PROD_HEALTH_STANDARD,CH_EMAIL,,2025-10-26,1050.0,1.0266,SENT,
QUO_0000004012,CUST_00007278,PROD_TRAVEL_STANDARD,CH_MOBILE,,2024-01-24,137.06,1.1572,ACCEPTED,
QUO_0000004013,CUST_00007282,PROD_AUTO_BASIC,CH_EMAIL,,2024-10-31,499.18,0.7851,EXPIRED,
QUO_0000004014,CUST_00007283,PROD_AUTO_PREMIUM,CH_MOBILE,,2023-07-12,1243.51,0.973,SENT,
QUO_0000004015,CUST_00007285,PROD_HOME_PREMIUM,CH_EMAIL,,2022-12-23,700.36,1.0035,ACCEPTED,
QUO_0000004016,CUST_00007286,PROD_HOME_PREMIUM,CH_EMAIL,,2022-12-03,825.8,1.1386,DECLINED,
QUO_0000004017,CUST_00007289,PROD_LIFE_BASIC,CH_EMAIL,,2026-03-30,277.88,1.0094,DECLINED,
QUO_0000004018,CUST_00007290,PROD_AUTO_STANDARD,CH_EMAIL,,2022-07-29,799.09,1.0016,DECLINED,
QUO_0000004019,CUST_00007291,PROD_HEALTH_STANDARD,CH_EMAIL,,2026-02-07,976.93,1.016,SENT,
QUO_0000004020,CUST_00007292,PROD_LIFE_PREMIUM,CH_EMAIL,,2025-11-07,751.29,1.2018,DECLINED,
QUO_0000004021,CUST_00007293,PROD_LIFE_PREMIUM,CH_EMAIL,,2023-07-25,843.32,0.9512,SENT,
QUO_0000004022,CUST_00007295,PROD_HEALTH_STANDARD,CH_EMAIL,,2025-09-28,1097.39,1.0729,DECLINED,
QUO_0000004023,CUST_00007296,PROD_LIFE_PREMIUM,CH_EMAIL,,2025-11-16,944.07,0.8498,EXPIRED,
QUO_0000004024,CUST_00007297,PROD_TRAVEL_STANDARD,CH_EMAIL,,2026-04-18,169.19,0.8111,ACCEPTED,
QUO_0000004025,CUST_00007298,PROD_AUTO_PREMIUM,CH_MOBILE,,2024-12-10,1227.14,1.0292,DECLINED,
QUO_0000004026,CUST_00007299,PROD_TRAVEL_STANDARD,CH_MOBILE,,2026-03-09,168.75,1.0871,SENT,
QUO_0000004027,CUST_00007300,PROD_HOME_PREMIUM,CH_MOBILE,,2025-01-29,809.53,0.8567,EXPIRED,
QUO_0000004028,CUST_00007303,PROD_PET_STANDARD,CH_EMAIL,,2024-03-14,294.23,0.701,EXPIRED,
QUO_0000004029,CUST_00007304,PROD_HOME_PREMIUM,CH_MOBILE,,2021-07-22,710.53,0.7283,SENT,
QUO_0000004030,CUST_00007305,PROD_HOME_PREMIUM,CH_MOBILE,,2022-03-30,679.22,0.9661,ACCEPTED,
QUO_0000004031,CUST_00007306,PROD_ACCIDENT_STANDARD,CH_MOBILE,,2025-07-11,242.13,1.0038,ACCEPTED,
QUO_0000004032,CUST_00007307,PROD_ACCIDENT_STANDARD,CH_MOBILE,,2024-07-24,269.65,1.1186,SENT,
QUO_0000004033,CUST_00007308,PROD_HOME_BASIC,CH_MOBILE,,2026-06-30,273.47,1.144,DECLINED,
QUO_0000004034,CUST_00007311,PROD_AUTO_STANDARD,CH_MOBILE,,2024-08-08,718.74,0.8297,SENT,
QUO_0000004035,CUST_00007314,PROD_LIFE_PREMIUM,CH_MOBILE,,2023-12-11,794.99,0.9327,SENT,
QUO_0000004036,CUST_00007316,PROD_AUTO_BASIC,CH_MOBILE,,2024-08-21,447.57,0.7274,DECLINED,
QUO_0000004037,CUST_00007319,PROD_HOME_STANDARD,CH_MOBILE,,2024-07-22,429.25,0.8626,SENT,
QUO_0000004038,CUST_00007322,PROD_LIFE_BASIC,CH_MOBILE,,2025-11-20,245.65,0.9552,DECLINED,
QUO_0000004039,CUST_00007325,PROD_HOME_PREMIUM,CH_EMAIL,,2026-06-12,839.74,1.1224,ACCEPTED,
QUO_0000004040,CUST_00007326,PROD_HEALTH_PREMIUM,CH_EMAIL,,2025-01-15,1530.64,1.0332,DECLINED,
QUO_0000004041,CUST_00007327,PROD_HOME_PREMIUM,CH_EMAIL,,2025-11-18,827.65,0.8081,SENT,
QUO_0000004042,CUST_00007328,PROD_HEALTH_BASIC,CH_EMAIL,,2026-05-23,639.78,0.922,ACCEPTED,
QUO_0000004043,CUST_00007329,PROD_AUTO_PREMIUM,CH_MOBILE,,2026-06-10,1146.49,0.9622,SENT,
QUO_0000004044,CUST_00007332,PROD_LIFE_BASIC,CH_EMAIL,,2025-01-23,259.5,0.7814,ACCEPTED,
QUO_0000004045,CUST_00007333,PROD_AUTO_PREMIUM,CH_EMAIL,,2025-02-04,1308.46,0.9843,SENT,
QUO_0000004046,CUST_00007334,PROD_ACCIDENT_STANDARD,CH_MOBILE,,2021-06-18,252.98,1.1032,ACCEPTED,
QUO_0000004047,CUST_00007335,PROD_HOME_BASIC,CH_EMAIL,,2021-08-23,286.54,0.8999,ACCEPTED,
QUO_0000004048,CUST_00007338,PROD_AUTO_BASIC,CH_EMAIL,,2025-03-04,556.05,1.0549,SENT,
QUO_0000004049,CUST_00007339,PROD_TRAVEL_STANDARD,CH_MOBILE,,2026-06-03,126.33,1.0399,DECLINED,
QUO_0000004050,CUST_00007341,PROD_ACCIDENT_STANDARD,CH_MOBILE,,2023-08-24,209.84,0.9432,SENT,
QUO_0000004051,CUST_00007342,PROD_PET_STANDARD,CH_EMAIL,,2025-09-24,311.53,0.7753,DECLINED,
QUO_0000004052,CUST_00007346,PROD_ACCIDENT_STANDARD,CH_EMAIL,,2025-08-18,269.36,1.0077,DECLINED,
QUO_0000004053,CUST_00007347,PROD_LIFE_BASIC,CH_MOBILE,,2022-01-08,219.46,1.0107,ACCEPTED,
QUO_0000004054,CUST_00007349,PROD_AUTO_BASIC,CH_EMAIL,,2025-09-10,504.79,1.0346,SENT,
QUO_0000004055,CUST_00007351,PROD_AUTO_PREMIUM,CH_MOBILE,,2024-12-18,980.84,0.9074,DECLINED,
QUO_0000004056,CUST_00007352,PROD_HEALTH_STANDARD,CH_MOBILE,,2025-01-24,964.47,1.0721,DECLINED,
QUO_0000004057,CUST_00007354,PROD_AUTO_BASIC,CH_EMAIL,,2026-05-10,489.07,0.8137,DECLINED,
QUO_0000004058,CUST_00007356,PROD_HOME_STANDARD,CH_EMAIL,,2025-12-04,559.95,1.0521,SENT,
QUO_0000004059,CUST_00007357,PROD_TRAVEL_STANDARD,CH_EMAIL,,2025-12-10,141.73,0.8641,ACCEPTED,
QUO_0000004060,CUST_00007358,PROD_LIFE_STANDARD,CH_MOBILE,,2026-05-25,381.99,1.0718,DECLINED,
QUO_0000004061,CUST_00007359,PROD_HOME_BASIC,CH_EMAIL,,2025-08-19,338.11,0.8879,DECLINED,
QUO_0000004062,CUST_00007360,PROD_LIFE_PREMIUM,CH_MOBILE,,2025-12-21,837.62,1.0107,SENT,
QUO_0000004063,CUST_00007361,PROD_AUTO_BASIC,CH_BRANCH,AGT_00077,2025-02-28,496.08,0.9717,DECLINED,
QUO_0000004064,CUST_00007363,PROD_HEALTH_BASIC,CH_EMAIL,,2025-07-11,653.36,0.9237,DECLINED,
QUO_0000004065,CUST_00007365,PROD_TRAVEL_STANDARD,CH_EMAIL,,2025-05-11,132.92,0.9732,ACCEPTED,
QUO_0000004066,CUST_00007366,PROD_HEALTH_PREMIUM,CH_EMAIL,,2024-09-04,1594.1,1.112,SENT,
QUO_0000004067,CUST_00007368,PROD_TRAVEL_STANDARD,CH_MOBILE,,2025-09-07,162.51,0.7019,ACCEPTED,
QUO_0000004068,CUST_00007370,PROD_AUTO_STANDARD,CH_EMAIL,,2023-03-22,889.97,0.909,SENT,
QUO_0000004069,CUST_00007373,PROD_LIFE_PREMIUM,CH_EMAIL,,2026-02-12,984.76,0.8784,ACCEPTED,
QUO_0000004070,CUST_00007374,PROD_HEALTH_BASIC,CH_EMAIL,,2025-07-13,723.71,0.9276,ACCEPTED,
QUO_0000004071,CUST_00007378,PROD_AUTO_STANDARD,CH_MOBILE,,2026-01-20,708.4,1.151,SENT,
QUO_0000004072,CUST_00007379,PROD_HOME_PREMIUM,CH_EMAIL,,2026-06-07,691.93,1.0676,SENT,
QUO_0000004073,CUST_00007383,PROD_LIFE_BASIC,CH_MOBILE,,2025-07-24,272.94,0.9778,ACCEPTED,
QUO_0000004074,CUST_00007384,PROD_HOME_BASIC,CH_MOBILE,,2022-04-09,347.83,0.9865,ACCEPTED,
QUO_0000004075,CUST_00007385,PROD_AUTO_STANDARD,CH_EMAIL,,2022-04-14,683.13,0.8293,SENT,
QUO_0000004076,CUST_00007386,PROD_HOME_BASIC,CH_EMAIL,,2025-06-10,332.01,0.9725,DECLINED,
QUO_0000004077,CUST_00007387,PROD_LIFE_STANDARD,CH_MOBILE,,2021-02-26,411.29,0.9065,SENT,
QUO_0000004078,CUST_00007388,PROD_ACCIDENT_STANDARD,CH_MOBILE,,2024-02-21,256.8,1.2193,SENT,
QUO_0000004079,CUST_00007390,PROD_AUTO_STANDARD,CH_MOBILE,,2023-12-23,870.37,0.9093,DECLINED,
QUO_0000004080,CUST_00007391,PROD_TRAVEL_STANDARD,CH_EMAIL,,2023-09-18,161.4,0.9632,DECLINED,
QUO_0000004081,CUST_00007394,PROD_ACCIDENT_STANDARD,CH_EMAIL,,2022-12-10,202.32,0.9732,ACCEPTED,
QUO_0000004082,CUST_00007395,PROD_AUTO_PREMIUM,CH_EMAIL,,2024-12-30,1250.46,1.0115,ACCEPTED,
QUO_0000004083,CUST_00007399,PROD_ACCIDENT_STANDARD,CH_EMAIL,,2025-11-23,263.42,0.9585,SENT,
QUO_0000004084,CUST_00007402,PROD_LIFE_BASIC,CH_EMAIL,,2024-10-26,253.5,1.0662,DECLINED,
QUO_0000004085,CUST_00007405,PROD_TRAVEL_STANDARD,CH_EMAIL,,2022-09-08,151.21,1.0027,SENT,
QUO_0000004086,CUST_00007406,PROD_LIFE_BASIC,CH_EMAIL,,2025-12-29,252.66,1.1249,SENT,
QUO_0000004087,CUST_00007407,PROD_HEALTH_BASIC,CH_EMAIL,,2025-12-22,607.25,1.0399,ACCEPTED,
QUO_0000004088,CUST_00007408,PROD_HOME_BASIC,CH_MOBILE,,2024-11-04,296.33,1.1155,EXPIRED,
QUO_0000004089,CUST_00007409,PROD_HOME_STANDARD,CH_MOBILE,,2024-09-27,554.02,0.9985,DECLINED,
QUO_0000004090,CUST_00007411,PROD_AUTO_BASIC,CH_EMAIL,,2024-12-15,488.06,1.0434,SENT,
QUO_0000004091,CUST_00007413,PROD_HOME_BASIC,CH_MOBILE,,2025-02-10,306.62,0.9828,DECLINED,
QUO_0000004092,CUST_00007414,PROD_LIFE_STANDARD,CH_EMAIL,,2025-05-08,427.2,1.0001,SENT,
QUO_0000004093,CUST_00007415,PROD_HEALTH_STANDARD,CH_MOBILE,,2025-09-10,847.88,0.9017,SENT,
QUO_0000004094,CUST_00007416,PROD_HOME_STANDARD,CH_MOBILE,,2025-10-30,464.61,0.9444,EXPIRED,
QUO_0000004095,CUST_00007417,PROD_HOME_BASIC,CH_EMAIL,,2025-07-12,299.47,0.7706,DECLINED,
QUO_0000004096,CUST_00007418,PROD_LIFE_PREMIUM,CH_EMAIL,,2023-09-16,903.01,0.7613,SENT,
QUO_0000004097,CUST_00007420,PROD_HEALTH_PREMIUM,CH_EMAIL,,2026-04-20,1654.88,0.995,SENT,
QUO_0000004098,CUST_00007423,PROD_PET_STANDARD,CH_MOBILE,,2024-07-23,347.11,1.0163,SENT,
QUO_0000004099,CUST_00007424,PROD_AUTO_STANDARD,CH_EMAIL,,2026-05-05,789.53,1.0471,SENT,
QUO_0000004100,CUST_00007427,PROD_ACCIDENT_STANDARD,CH_MOBILE,,2025-05-31,214.92,0.9522,EXPIRED,
QUO_0000004101,CUST_00007429,PROD_HOME_BASIC,CH_MOBILE,,2024-02-27,306.45,1.1652,EXPIRED,
QUO_0000004102,CUST_00007430,PROD_HEALTH_BASIC,CH_MOBILE,,2024-02-16,761.29,1.1551,ACCEPTED,
QUO_0000004103,CUST_00007432,PROD_AUTO_STANDARD,CH_EMAIL,,2025-01-28,777.07,0.9418,SENT,
QUO_0000004104,CUST_00007433,PROD_LIFE_PREMIUM,CH_MOBILE,,2025-09-15,755.89,0.868,ACCEPTED,
QUO_0000004105,CUST_00007435,PROD_AUTO_STANDARD,CH_EMAIL,,2026-05-19,861.14,0.8914,ACCEPTED,
QUO_0000004106,CUST_00007440,PROD_LIFE_BASIC,CH_EMAIL,,2023-12-18,209.58,0.9173,ACCEPTED,
QUO_0000004107,CUST_00007443,PROD_AUTO_STANDARD,CH_MOBILE,,2025-02-01,683.3,0.9491,DECLINED,
QUO_0000004108,CUST_00007444,PROD_HEALTH_BASIC,CH_MOBILE,,2024-09-30,602.89,0.8788,DECLINED,
QUO_0000004109,CUST_00007447,PROD_AUTO_STANDARD,CH_MOBILE,,2021-11-25,816.68,1.132,ACCEPTED,
QUO_0000004110,CUST_00007448,PROD_LIFE_PREMIUM,CH_EMAIL,,2024-10-17,799.85,0.8162,SENT,
QUO_0000004111,CUST_00007451,PROD_PET_STANDARD,CH_EMAIL,,2026-02-13,369.96,1.14,EXPIRED,
QUO_0000004112,CUST_00007453,PROD_HEALTH_STANDARD,CH_EMAIL,,2022-11-04,1067.19,0.9208,DECLINED,
QUO_0000004113,CUST_00007454,PROD_LIFE_STANDARD,CH_EMAIL,,2023-02-23,429.25,0.9679,SENT,
QUO_0000004114,CUST_00007456,PROD_PET_STANDARD,CH_EMAIL,,2022-11-05,347.88,0.8727,DECLINED,
QUO_0000004115,CUST_00007458,PROD_LIFE_PREMIUM,CH_EMAIL,,2023-05-04,784.1,1.1532,DECLINED,
QUO_0000004116,CUST_00007461,PROD_LIFE_STANDARD,CH_EMAIL,,2025-10-22,393.64,1.1438,ACCEPTED,
QUO_0000004117,CUST_00007463,PROD_HOME_STANDARD,CH_MOBILE,,2025-08-18,559.4,0.9713,EXPIRED,
QUO_0000004118,CUST_00007464,PROD_HOME_BASIC,CH_EMAIL,,2026-01-05,337.41,0.854,DECLINED,
QUO_0000004119,CUST_00007467,PROD_HOME_PREMIUM,CH_BRANCH,,2025-11-05,827.2,0.9077,DECLINED,
QUO_0000004120,CUST_00007468,PROD_PET_STANDARD,CH_MOBILE,,2025-11-03,298.47,1.0313,DECLINED,
QUO_0000004121,CUST_00007469,PROD_HOME_BASIC,CH_MOBILE,,2024-01-23,309.31,1.0246,SENT,
QUO_0000004122,CUST_00007470,PROD_HEALTH_PREMIUM,CH_MOBILE,,2022-10-20,1428.37,0.8614,SENT,
QUO_0000004123,CUST_00007480,PROD_AUTO_STANDARD,CH_EMAIL,,2025-03-25,656.92,1.0278,DECLINED,
QUO_0000004124,CUST_00007482,PROD_LIFE_STANDARD,CH_MOBILE,,2025-08-04,486.55,0.7728,EXPIRED,
QUO_0000004125,CUST_00007483,PROD_AUTO_STANDARD,CH_EMAIL,,2025-01-11,810.23,0.93,DECLINED,
QUO_0000004126,CUST_00007486,PROD_HEALTH_PREMIUM,CH_EMAIL,,2024-12-08,1318.55,1.0431,ACCEPTED,
QUO_0000004127,CUST_00007487,PROD_HOME_STANDARD,CH_EMAIL,,2025-12-29,507.03,0.8669,SENT,
QUO_0000004128,CUST_00007488,PROD_HOME_STANDARD,CH_EMAIL,,2020-06-15,425.01,0.8772,EXPIRED,
QUO_0000004129,CUST_00007489,PROD_TRAVEL_STANDARD,CH_MOBILE,,2023-02-16,169.55,0.8827,ACCEPTED,
QUO_0000004130,CUST_00007491,PROD_AUTO_STANDARD,CH_EMAIL,,2025-11-08,866.83,0.9205,DECLINED,
QUO_0000004131,CUST_00007494,PROD_LIFE_STANDARD,CH_EMAIL,,2023-06-14,393.81,0.9292,ACCEPTED,
QUO_0000004132,CUST_00007497,PROD_HOME_STANDARD,CH_CALL_CENTER,AGT_00091,2026-01-12,418.81,0.8518,ACCEPTED,
QUO_0000004133,CUST_00007499,PROD_HEALTH_BASIC,CH_CALL_CENTER,AGT_00149,2024-02-11,720.62,1.1605,DECLINED,
QUO_0000004134,CUST_00007500,PROD_AUTO_BASIC,CH_EMAIL,,2025-08-20,543.63,0.9104,DECLINED,
QUO_0000004135,CUST_00007501,PROD_AUTO_PREMIUM,CH_MOBILE,,2024-11-01,1026.7,0.9485,EXPIRED,
QUO_0000004136,CUST_00007502,PROD_LIFE_STANDARD,CH_EMAIL,,2023-05-27,374.47,1.047,SENT,
QUO_0000004137,CUST_00007503,PROD_AUTO_STANDARD,CH_EMAIL,,2025-02-16,729.92,1.0034,EXPIRED,
QUO_0000004138,CUST_00007509,PROD_PET_STANDARD,CH_EMAIL,,2022-05-10,314.87,1.2401,EXPIRED,
QUO_0000004139,CUST_00007511,PROD_HOME_BASIC,CH_EMAIL,,2022-06-15,341.03,1.017,DECLINED,
QUO_0000004140,CUST_00007512,PROD_PET_STANDARD,CH_MOBILE,,2022-10-05,350.16,1.107,ACCEPTED,
QUO_0000004141,CUST_00007513,PROD_AUTO_STANDARD,CH_MOBILE,,2024-08-04,660.05,1.0175,SENT,
QUO_0000004142,CUST_00007514,PROD_AUTO_STANDARD,CH_EMAIL,,2026-01-06,749.42,0.8391,DECLINED,
QUO_0000004143,CUST_00007517,PROD_AUTO_PREMIUM,CH_EMAIL,,2026-04-25,999.06,1.0978,DECLINED,
QUO_0000004144,CUST_00007518,PROD_ACCIDENT_STANDARD,CH_EMAIL,,2025-09-07,229.29,1.1009,EXPIRED,
QUO_0000004145,CUST_00007520,PROD_LIFE_PREMIUM,CH_MOBILE,,2022-12-31,868.49,0.9759,SENT,
QUO_0000004146,CUST_00007522,PROD_HOME_PREMIUM,CH_MOBILE,,2022-10-05,696.46,0.9746,SENT,
QUO_0000004147,CUST_00007523,PROD_ACCIDENT_STANDARD,CH_EMAIL,,2024-07-14,206.92,0.8397,EXPIRED,
QUO_0000004148,CUST_00007524,PROD_ACCIDENT_STANDARD,CH_CALL_CENTER,AGT_00141,2025-03-27,214.88,1.0335,EXPIRED,
QUO_0000004149,CUST_00007525,PROD_HEALTH_BASIC,CH_MOBILE,,2023-07-28,597.32,1.0722,SENT,
QUO_0000004150,CUST_00007526,PROD_LIFE_STANDARD,CH_EMAIL,,2025-08-17,440.77,0.8393,SENT,
QUO_0000004151,CUST_00007527,PROD_TRAVEL_STANDARD,CH_EMAIL,,2025-07-06,160.59,0.773,DECLINED,
QUO_0000004152,CUST_00007528,PROD_HEALTH_STANDARD,CH_EMAIL,,2025-10-29,1122.95,0.7,SENT,
QUO_0000004153,CUST_00007529,PROD_HEALTH_BASIC,CH_EMAIL,,2024-07-27,606.28,1.0282,ACCEPTED,
QUO_0000004154,CUST_00007533,PROD_TRAVEL_STANDARD,CH_EMAIL,,2024-12-08,141.6,0.9319,EXPIRED,
QUO_0000004155,CUST_00007534,PROD_HEALTH_STANDARD,CH_EMAIL,,2023-02-03,990.53,1.0197,SENT,
QUO_0000004156,CUST_00007535,PROD_HEALTH_PREMIUM,CH_EMAIL,,2026-04-02,1291.5,1.1891,ACCEPTED,
QUO_0000004157,CUST_00007536,PROD_HOME_STANDARD,CH_MOBILE,,2026-06-14,425.05,0.9293,SENT,
QUO_0000004158,CUST_00007543,PROD_AUTO_STANDARD,CH_MOBILE,,2024-12-26,654.77,1.02,SENT,
QUO_0000004159,CUST_00007544,PROD_PET_STANDARD,CH_MOBILE,,2026-03-18,314.18,0.729,DECLINED,
QUO_0000004160,CUST_00007546,PROD_PET_STANDARD,CH_CALL_CENTER,AGT_00099,2025-01-14,360.91,1.1461,SENT,
QUO_0000004161,CUST_00007549,PROD_HEALTH_STANDARD,CH_MOBILE,,2026-03-18,1135.2,1.0209,SENT,
QUO_0000004162,CUST_00007550,PROD_AUTO_BASIC,CH_EMAIL,,2026-05-31,556.31,1.2256,DECLINED,
QUO_0000004163,CUST_00007551,PROD_AUTO_BASIC,CH_MOBILE,,2022-03-21,578.32,1.1095,EXPIRED,
QUO_0000004164,CUST_00007554,PROD_HOME_STANDARD,CH_MOBILE,,2023-06-02,463.97,0.8471,ACCEPTED,
QUO_0000004165,CUST_00007555,PROD_HEALTH_PREMIUM,CH_MOBILE,,2024-09-09,1315.03,0.9476,EXPIRED,
QUO_0000004166,CUST_00007556,PROD_HOME_STANDARD,CH_CALL_CENTER,AGT_00155,2020-12-05,507.29,0.9689,SENT,
QUO_0000004167,CUST_00007558,PROD_PET_STANDARD,CH_EMAIL,,2025-05-11,297.49,0.9117,EXPIRED,
QUO_0000004168,CUST_00007559,PROD_LIFE_PREMIUM,CH_MOBILE,,2025-08-18,970.0,1.0009,DECLINED,
QUO_0000004169,CUST_00007562,PROD_LIFE_STANDARD,CH_EMAIL,,2023-11-16,488.36,0.8545,DECLINED,
QUO_0000004170,CUST_00007565,PROD_HOME_PREMIUM,CH_MOBILE,,2026-06-29,734.46,0.8297,SENT,
QUO_0000004171,CUST_00007566,PROD_AUTO_BASIC,CH_EMAIL,,2021-06-09,510.02,0.65,EXPIRED,
QUO_0000004172,CUST_00007568,PROD_LIFE_STANDARD,CH_EMAIL,,2025-07-28,406.24,0.9086,SENT,
QUO_0000004173,CUST_00007571,PROD_AUTO_STANDARD,CH_EMAIL,,2025-07-01,696.32,1.0646,SENT,
QUO_0000004174,CUST_00007572,PROD_TRAVEL_STANDARD,CH_MOBILE,,2025-07-04,130.3,1.1252,SENT,
QUO_0000004175,CUST_00007573,PROD_LIFE_BASIC,CH_EMAIL,,2023-02-02,258.81,1.0165,EXPIRED,
QUO_0000004176,CUST_00007576,PROD_LIFE_PREMIUM,CH_MOBILE,,2024-02-18,778.56,0.9075,DECLINED,
QUO_0000004177,CUST_00007577,PROD_TRAVEL_STANDARD,CH_MOBILE,,2021-12-25,153.47,0.8778,DECLINED,
QUO_0000004178,CUST_00007579,PROD_PET_STANDARD,CH_EMAIL,,2022-01-02,395.05,0.8986,SENT,
QUO_0000004179,CUST_00007580,PROD_HEALTH_STANDARD,CH_EMAIL,,2024-05-10,916.18,1.0318,SENT,
QUO_0000004180,CUST_00007582,PROD_HOME_STANDARD,CH_EMAIL,,2026-05-02,447.64,1.1126,DECLINED,
QUO_0000004181,CUST_00007583,PROD_HOME_STANDARD,CH_MOBILE,,2022-08-25,482.69,0.9522,SENT,
QUO_0000004182,CUST_00007584,PROD_HOME_PREMIUM,CH_EMAIL,,2026-04-15,796.44,1.1373,SENT,
QUO_0000004183,CUST_00007586,PROD_PET_STANDARD,CH_EMAIL,,2023-05-04,366.34,1.0248,DECLINED,
QUO_0000004184,CUST_00007587,PROD_AUTO_PREMIUM,CH_EMAIL,,2026-04-05,1176.58,1.0777,DECLINED,
QUO_0000004185,CUST_00007588,PROD_LIFE_BASIC,CH_EMAIL,,2026-06-15,231.2,0.8491,ACCEPTED,
QUO_0000004186,CUST_00007589,PROD_ACCIDENT_STANDARD,CH_CALL_CENTER,AGT_00092,2025-11-23,252.13,1.0066,EXPIRED,
QUO_0000004187,CUST_00007590,PROD_AUTO_BASIC,CH_EMAIL,,2026-03-01,479.1,0.9089,EXPIRED,
QUO_0000004188,CUST_00007592,PROD_HEALTH_PREMIUM,CH_MOBILE,,2024-09-05,1621.55,1.0284,SENT,
QUO_0000004189,CUST_00007593,PROD_LIFE_BASIC,CH_EMAIL,,2024-01-17,221.52,0.9099,ACCEPTED,
QUO_0000004190,CUST_00007594,PROD_ACCIDENT_STANDARD,CH_MOBILE,,2026-01-14,243.91,0.8337,SENT,
QUO_0000004191,CUST_00007596,PROD_ACCIDENT_STANDARD,CH_MOBILE,,2025-02-09,270.28,0.8957,EXPIRED,
QUO_0000004192,CUST_00007597,PROD_HEALTH_BASIC,CH_EMAIL,,2023-02-06,657.96,1.197,ACCEPTED,
QUO_0000004193,CUST_00007598,PROD_AUTO_PREMIUM,CH_MOBILE,,2024-08-03,990.05,1.0304,EXPIRED,
QUO_0000004194,CUST_00007599,PROD_PET_STANDARD,CH_EMAIL,,2023-09-30,389.53,0.8951,ACCEPTED,
QUO_0000004195,CUST_00007601,PROD_LIFE_BASIC,CH_EMAIL,,2024-10-09,263.13,0.9647,EXPIRED,
QUO_0000004196,CUST_00007603,PROD_AUTO_BASIC,CH_EMAIL,,2025-11-26,487.4,0.7414,SENT,
QUO_0000004197,CUST_00007607,PROD_LIFE_BASIC,CH_EMAIL,,2024-10-24,228.79,0.8851,EXPIRED,
QUO_0000004198,CUST_00007608,PROD_HOME_STANDARD,CH_MOBILE,,2022-04-17,488.13,1.0161,ACCEPTED,
QUO_0000004199,CUST_00007609,PROD_HOME_BASIC,CH_MOBILE,,2022-04-19,335.55,0.9748,DECLINED,
QUO_0000004200,CUST_00007610,PROD_HOME_PREMIUM,CH_CALL_CENTER,AGT_00071,2023-12-28,659.91,0.9123,DECLINED,
QUO_0000004201,CUST_00007611,PROD_HEALTH_BASIC,CH_MOBILE,,2024-06-17,743.6,0.9758,EXPIRED,
QUO_0000004202,CUST_00007612,PROD_HEALTH_BASIC,CH_MOBILE,,2023-04-30,721.86,1.333,ACCEPTED,
QUO_0000004203,CUST_00007613,PROD_AUTO_PREMIUM,CH_EMAIL,,2025-11-02,1105.9,0.7467,EXPIRED,
QUO_0000004204,CUST_00007615,PROD_HEALTH_STANDARD,CH_EMAIL,,2024-10-06,879.21,1.1689,ACCEPTED,
QUO_0000004205,CUST_00007617,PROD_HOME_STANDARD,CH_EMAIL,,2024-12-27,516.01,0.9294,SENT,
QUO_0000004206,CUST_00007619,PROD_LIFE_PREMIUM,CH_MOBILE,,2025-12-22,814.55,1.021,SENT,
QUO_0000004207,CUST_00007621,PROD_TRAVEL_STANDARD,CH_MOBILE,,2025-02-15,145.45,1.1755,SENT,
QUO_0000004208,CUST_00007622,PROD_LIFE_PREMIUM,CH_MOBILE,,2025-07-10,741.61,0.926,EXPIRED,
QUO_0000004209,CUST_00007623,PROD_AUTO_STANDARD,CH_MOBILE,,2025-10-27,796.88,1.0684,ACCEPTED,
QUO_0000004210,CUST_00007624,PROD_TRAVEL_STANDARD,CH_MOBILE,,2023-03-24,135.89,0.8108,EXPIRED,
QUO_0000004211,CUST_00007625,PROD_AUTO_PREMIUM,CH_EMAIL,,2025-03-01,1198.83,0.6949,EXPIRED,
QUO_0000004212,CUST_00007628,PROD_LIFE_STANDARD,CH_EMAIL,,2023-01-09,472.94,1.2311,DECLINED,
QUO_0000004213,CUST_00007629,PROD_HOME_BASIC,CH_MOBILE,,2022-10-04,317.81,0.9768,ACCEPTED,
QUO_0000004214,CUST_00007630,PROD_ACCIDENT_STANDARD,CH_EMAIL,,2021-10-10,251.83,0.919,SENT,
QUO_0000004215,CUST_00007631,PROD_PET_STANDARD,CH_WEB,,2022-06-23,321.56,0.8457,DECLINED,
QUO_0000004216,CUST_00007632,PROD_HEALTH_STANDARD,CH_MOBILE,,2021-04-15,1108.09,0.9794,ACCEPTED,
QUO_0000004217,CUST_00007634,PROD_AUTO_BASIC,CH_EMAIL,,2026-05-15,473.22,0.8057,SENT,
QUO_0000004218,CUST_00007635,PROD_HEALTH_PREMIUM,CH_CALL_CENTER,AGT_00141,2023-02-27,1552.22,1.0734,ACCEPTED,
QUO_0000004219,CUST_00007636,PROD_LIFE_PREMIUM,CH_MOBILE,,2024-10-28,774.83,1.1009,ACCEPTED,
QUO_0000004220,CUST_00007637,PROD_LIFE_STANDARD,CH_EMAIL,,2025-09-24,440.77,1.0942,DECLINED,
QUO_0000004221,CUST_00007639,PROD_LIFE_PREMIUM,CH_EMAIL,,2024-02-01,794.78,0.8763,SENT,
QUO_0000004222,CUST_00007640,PROD_TRAVEL_STANDARD,CH_EMAIL,,2026-02-20,157.17,0.9527,DECLINED,
QUO_0000004223,CUST_00007641,PROD_AUTO_PREMIUM,CH_EMAIL,,2025-04-16,1124.51,1.0281,SENT,
QUO_0000004224,CUST_00007643,PROD_ACCIDENT_STANDARD,CH_EMAIL,,2023-03-02,271.0,1.1396,ACCEPTED,
QUO_0000004225,CUST_00007644,PROD_LIFE_STANDARD,CH_CALL_CENTER,AGT_00156,2025-06-14,431.53,0.9086,SENT,
QUO_0000004226,CUST_00007645,PROD_HEALTH_STANDARD,CH_EMAIL,,2024-02-29,1051.1,1.0595,SENT,
QUO_0000004227,CUST_00007646,PROD_LIFE_BASIC,CH_EMAIL,,2025-08-30,228.41,1.1101,EXPIRED,
QUO_0000004228,CUST_00007647,PROD_AUTO_BASIC,CH_EMAIL,,2024-01-17,461.89,1.0543,DECLINED,
QUO_0000004229,CUST_00007648,PROD_AUTO_STANDARD,CH_EMAIL,,2024-09-19,839.99,0.8564,DECLINED,
QUO_0000004230,CUST_00007649,PROD_ACCIDENT_STANDARD,CH_EMAIL,,2026-02-01,259.24,0.9975,SENT,
QUO_0000004231,CUST_00007650,PROD_ACCIDENT_STANDARD,CH_MOBILE,,2023-06-15,205.39,1.2105,EXPIRED,
QUO_0000004232,CUST_00007654,PROD_HOME_PREMIUM,CH_MOBILE,,2023-05-21,719.71,0.884,SENT,
QUO_0000004233,CUST_00007657,PROD_AUTO_BASIC,CH_MOBILE,,2023-09-18,572.86,0.8771,DECLINED,
QUO_0000004234,CUST_00007658,PROD_AUTO_STANDARD,CH_WEB,,2025-12-23,828.57,0.7889,EXPIRED,
QUO_0000004235,CUST_00007659,PROD_PET_STANDARD,CH_MOBILE,,2024-01-17,368.29,0.7185,DECLINED,
QUO_0000004236,CUST_00007662,PROD_LIFE_STANDARD,CH_MOBILE,,2025-07-23,450.55,0.895,SENT,
QUO_0000004237,CUST_00007665,PROD_AUTO_STANDARD,CH_MOBILE,,2025-02-09,723.13,0.9465,ACCEPTED,
QUO_0000004238,CUST_00007666,PROD_AUTO_PREMIUM,CH_MOBILE,,2023-04-21,1003.68,0.9098,EXPIRED,
QUO_0000004239,CUST_00007667,PROD_TRAVEL_STANDARD,CH_MOBILE,,2025-05-22,135.56,1.1294,SENT,
QUO_0000004240,CUST_00007668,PROD_HEALTH_PREMIUM,CH_EMAIL,,2022-07-06,1632.79,0.7558,DECLINED,
QUO_0000004241,CUST_00007675,PROD_HOME_STANDARD,CH_EMAIL,,2025-06-11,448.95,0.8068,EXPIRED,
QUO_0000004242,CUST_00007677,PROD_AUTO_BASIC,CH_EMAIL,,2025-10-07,592.21,1.01,DECLINED,
QUO_0000004243,CUST_00007678,PROD_AUTO_PREMIUM,CH_EMAIL,,2024-09-02,1131.06,0.9312,ACCEPTED,
QUO_0000004244,CUST_00007680,PROD_AUTO_BASIC,CH_EMAIL,,2021-03-30,589.54,0.7503,EXPIRED,
QUO_0000004245,CUST_00007681,PROD_TRAVEL_STANDARD,CH_MOBILE,,2026-02-04,168.62,0.957,EXPIRED,
QUO_0000004246,CUST_00007682,PROD_PET_STANDARD,CH_EMAIL,,2022-10-08,360.46,0.8504,EXPIRED,
QUO_0000004247,CUST_00007683,PROD_HEALTH_BASIC,CH_EMAIL,,2023-04-14,725.37,1.2263,EXPIRED,
QUO_0000004248,CUST_00007684,PROD_LIFE_BASIC,CH_MOBILE,,2025-10-31,261.73,0.9888,DECLINED,
QUO_0000004249,CUST_00007685,PROD_ACCIDENT_STANDARD,CH_MOBILE,,2024-09-29,263.57,0.7998,ACCEPTED,
QUO_0000004250,CUST_00007687,PROD_HEALTH_STANDARD,CH_EMAIL,,2025-12-14,1123.73,1.0647,DECLINED,
QUO_0000004251,CUST_00007688,PROD_LIFE_BASIC,CH_EMAIL,,2023-12-07,229.73,0.9243,DECLINED,
QUO_0000004252,CUST_00007689,PROD_TRAVEL_STANDARD,CH_MOBILE,,2025-12-30,135.37,0.9565,DECLINED,
QUO_0000004253,CUST_00007690,PROD_HEALTH_STANDARD,CH_EMAIL,,2025-05-28,1131.63,0.9478,ACCEPTED,
QUO_0000004254,CUST_00007692,PROD_HOME_PREMIUM,CH_MOBILE,,2024-06-08,801.12,0.9594,SENT,
QUO_0000004255,CUST_00007693,PROD_HOME_PREMIUM,CH_EMAIL,,2025-11-28,831.16,0.9037,ACCEPTED,
QUO_0000004256,CUST_00007695,PROD_AUTO_PREMIUM,CH_MOBILE,,2025-09-24,1059.58,1.0456,DECLINED,
QUO_0000004257,CUST_00007696,PROD_HEALTH_STANDARD,CH_MOBILE,,2025-12-04,1025.94,1.0432,ACCEPTED,
QUO_0000004258,CUST_00007698,PROD_ACCIDENT_STANDARD,CH_MOBILE,,2024-04-19,260.11,1.1174,SENT,
QUO_0000004259,CUST_00007699,PROD_PET_STANDARD,CH_EMAIL,,2025-07-07,385.25,0.903,DECLINED,
QUO_0000004260,CUST_00007700,PROD_HOME_PREMIUM,CH_EMAIL,,2026-01-18,711.67,1.1384,DECLINED,
QUO_0000004261,CUST_00007702,PROD_PET_STANDARD,CH_EMAIL,,2025-04-26,313.28,1.0346,DECLINED,
QUO_0000004262,CUST_00007704,PROD_HOME_STANDARD,CH_EMAIL,,2026-02-27,428.85,0.8884,EXPIRED,
QUO_0000004263,CUST_00007705,PROD_HOME_STANDARD,CH_EMAIL,,2024-04-15,539.53,1.0497,EXPIRED,
QUO_0000004264,CUST_00007707,PROD_HOME_BASIC,CH_EMAIL,,2026-04-23,313.89,0.9399,EXPIRED,
QUO_0000004265,CUST_00007708,PROD_HEALTH_STANDARD,CH_EMAIL,,2025-05-22,977.22,0.8842,DECLINED,
QUO_0000004266,CUST_00007709,PROD_HEALTH_BASIC,CH_EMAIL,,2021-03-05,632.13,0.8172,ACCEPTED,
QUO_0000004267,CUST_00007710,PROD_LIFE_STANDARD,CH_MOBILE,,2023-05-19,371.59,0.956,DECLINED,
QUO_0000004268,CUST_00007711,PROD_LIFE_PREMIUM,CH_EMAIL,,2026-01-03,786.42,1.0515,SENT,
QUO_0000004269,CUST_00007712,PROD_HOME_PREMIUM,CH_MOBILE,,2023-11-26,810.52,1.2573,SENT,
QUO_0000004270,CUST_00007715,PROD_HOME_BASIC,CH_EMAIL,,2023-10-19,330.87,1.0621,ACCEPTED,
QUO_0000004271,CUST_00007716,PROD_HOME_PREMIUM,CH_MOBILE,,2024-11-13,768.36,0.8191,EXPIRED,
QUO_0000004272,CUST_00007719,PROD_AUTO_BASIC,CH_EMAIL,,2026-04-26,530.54,1.0205,ACCEPTED,
QUO_0000004273,CUST_00007720,PROD_TRAVEL_STANDARD,CH_EMAIL,,2024-02-08,125.05,0.9331,EXPIRED,
QUO_0000004274,CUST_00007722,PROD_HOME_PREMIUM,CH_MOBILE,,2020-11-10,877.47,0.7192,SENT,
QUO_0000004275,CUST_00007723,PROD_HOME_BASIC,CH_MOBILE,,2023-12-30,306.7,0.9374,SENT,
QUO_0000004276,CUST_00007725,PROD_AUTO_STANDARD,CH_MOBILE,,2025-05-05,894.5,0.9404,DECLINED,
QUO_0000004277,CUST_00007727,PROD_AUTO_STANDARD,CH_EMAIL,,2023-08-17,873.95,0.9487,SENT,
QUO_0000004278,CUST_00007731,PROD_AUTO_STANDARD,CH_EMAIL,,2023-06-14,759.98,0.947,DECLINED,
QUO_0000004279,CUST_00007732,PROD_PET_STANDARD,CH_MOBILE,,2025-05-07,305.87,1.0892,SENT,
QUO_0000004280,CUST_00007733,PROD_AUTO_BASIC,CH_EMAIL,,2025-04-14,477.12,1.1438,SENT,
QUO_0000004281,CUST_00007734,PROD_HOME_BASIC,CH_EMAIL,,2024-06-12,335.72,1.1366,DECLINED,
QUO_0000004282,CUST_00007738,PROD_HOME_STANDARD,CH_MOBILE,,2026-03-21,429.09,0.955,ACCEPTED,
QUO_0000004283,CUST_00007739,PROD_AUTO_BASIC,CH_CALL_CENTER,AGT_00072,2025-10-12,543.32,1.0018,DECLINED,
QUO_0000004284,CUST_00007744,PROD_AUTO_BASIC,CH_MOBILE,,2026-02-05,584.77,0.8821,SENT,
QUO_0000004285,CUST_00007748,PROD_PET_STANDARD,CH_EMAIL,,2025-02-05,317.04,0.9786,DECLINED,
QUO_0000004286,CUST_00007750,PROD_LIFE_BASIC,CH_EMAIL,,2020-12-25,248.64,0.9758,DECLINED,
QUO_0000004287,CUST_00007752,PROD_TRAVEL_STANDARD,CH_EMAIL,,2025-07-15,148.97,0.9484,DECLINED,
QUO_0000004288,CUST_00007753,PROD_AUTO_STANDARD,CH_MOBILE,,2026-03-02,765.72,1.3004,SENT,
QUO_0000004289,CUST_00007756,PROD_AUTO_STANDARD,CH_MOBILE,,2025-10-17,718.67,0.9129,EXPIRED,
QUO_0000004290,CUST_00007759,PROD_AUTO_BASIC,CH_MOBILE,,2021-06-06,529.87,0.8576,DECLINED,
QUO_0000004291,CUST_00007760,PROD_LIFE_PREMIUM,CH_MOBILE,,2025-12-30,995.64,1.2276,SENT,
QUO_0000004292,CUST_00007763,PROD_AUTO_BASIC,CH_MOBILE,,2025-09-19,556.8,1.0303,EXPIRED,
QUO_0000004293,CUST_00007764,PROD_PET_STANDARD,CH_MOBILE,,2025-01-24,317.33,1.1492,DECLINED,
QUO_0000004294,CUST_00007765,PROD_HOME_PREMIUM,CH_MOBILE,,2026-02-14,743.44,1.0055,EXPIRED,
QUO_0000004295,CUST_00007768,PROD_PET_STANDARD,CH_EMAIL,,2024-10-16,310.81,0.9573,SENT,
QUO_0000004296,CUST_00007770,PROD_LIFE_PREMIUM,CH_EMAIL,,2021-05-28,846.98,0.9045,SENT,
QUO_0000004297,CUST_00007771,PROD_HOME_PREMIUM,CH_MOBILE,,2022-03-31,661.36,1.1266,SENT,
QUO_0000004298,CUST_00007774,PROD_HOME_STANDARD,CH_MOBILE,,2025-07-30,497.4,0.9162,SENT,
QUO_0000004299,CUST_00007776,PROD_HEALTH_BASIC,CH_EMAIL,,2022-03-07,717.52,1.0086,SENT,
QUO_0000004300,CUST_00007777,PROD_AUTO_BASIC,CH_MOBILE,,2025-04-30,514.24,0.9916,ACCEPTED,
QUO_0000004301,CUST_00007778,PROD_HEALTH_STANDARD,CH_EMAIL,,2024-07-14,1079.47,1.212,DECLINED,
QUO_0000004302,CUST_00007781,PROD_HEALTH_PREMIUM,CH_MOBILE,,2026-02-07,1347.65,1.0356,SENT,
QUO_0000004303,CUST_00007783,PROD_TRAVEL_STANDARD,CH_CALL_CENTER,AGT_00168,2026-04-11,160.66,0.8445,SENT,
QUO_0000004304,CUST_00007786,PROD_LIFE_STANDARD,CH_EMAIL,,2026-03-08,431.51,1.1023,DECLINED,
QUO_0000004305,CUST_00007791,PROD_LIFE_STANDARD,CH_EMAIL,,2024-06-29,431.7,0.9166,ACCEPTED,
QUO_0000004306,CUST_00007793,PROD_ACCIDENT_STANDARD,CH_MOBILE,,2022-04-17,244.41,0.8487,DECLINED,
QUO_0000004307,CUST_00007794,PROD_HEALTH_PREMIUM,CH_MOBILE,,2024-12-16,1718.25,0.9927,SENT,
QUO_0000004308,CUST_00007795,PROD_HOME_STANDARD,CH_MOBILE,,2024-07-29,520.38,1.056,SENT,
QUO_0000004309,CUST_00007798,PROD_ACCIDENT_STANDARD,CH_EMAIL,,2025-05-14,213.73,0.9254,EXPIRED,
QUO_0000004310,CUST_00007799,PROD_AUTO_STANDARD,CH_MOBILE,,2026-03-17,670.64,0.9233,EXPIRED,
QUO_0000004311,CUST_00007801,PROD_HOME_PREMIUM,CH_MOBILE,,2026-04-16,736.54,0.8923,SENT,
QUO_0000004312,CUST_00007802,PROD_LIFE_BASIC,CH_MOBILE,,2021-12-11,277.55,0.9586,DECLINED,
QUO_0000004313,CUST_00007803,PROD_LIFE_BASIC,CH_EMAIL,,2022-07-14,236.46,0.8896,EXPIRED,
QUO_0000004314,CUST_00007804,PROD_HOME_STANDARD,CH_MOBILE,,2023-05-05,491.0,0.9518,ACCEPTED,
QUO_0000004315,CUST_00007805,PROD_LIFE_PREMIUM,CH_MOBILE,,2025-04-08,950.56,0.9254,EXPIRED,
QUO_0000004316,CUST_00007806,PROD_PET_STANDARD,CH_EMAIL,,2021-08-26,400.22,1.0385,SENT,
QUO_0000004317,CUST_00007809,PROD_TRAVEL_STANDARD,CH_MOBILE,,2025-11-26,152.34,0.8684,EXPIRED,
QUO_0000004318,CUST_00007812,PROD_LIFE_BASIC,CH_MOBILE,,2025-12-03,210.88,0.7612,DECLINED,
QUO_0000004319,CUST_00007814,PROD_LIFE_STANDARD,CH_EMAIL,,2024-09-15,397.64,0.7614,DECLINED,
QUO_0000004320,CUST_00007815,PROD_LIFE_BASIC,CH_MOBILE,,2026-01-02,214.58,1.0815,SENT,
QUO_0000004321,CUST_00007816,PROD_ACCIDENT_STANDARD,CH_EMAIL,,2025-05-02,241.76,0.8799,SENT,
QUO_0000004322,CUST_00007817,PROD_AUTO_STANDARD,CH_EMAIL,,2023-11-06,765.27,0.8145,SENT,
QUO_0000004323,CUST_00007818,PROD_HEALTH_PREMIUM,CH_EMAIL,,2024-11-21,1734.49,0.9463,ACCEPTED,
QUO_0000004324,CUST_00007820,PROD_PET_STANDARD,CH_EMAIL,,2024-03-05,378.69,0.9488,DECLINED,
QUO_0000004325,CUST_00007821,PROD_AUTO_PREMIUM,CH_MOBILE,,2022-07-07,973.37,1.0426,EXPIRED,
QUO_0000004326,CUST_00007822,PROD_HOME_PREMIUM,CH_BRANCH,AGT_00154,2025-08-24,741.23,0.9317,ACCEPTED,
QUO_0000004327,CUST_00007827,PROD_HOME_PREMIUM,CH_EMAIL,,2026-04-28,675.58,1.0019,DECLINED,
QUO_0000004328,CUST_00007828,PROD_LIFE_PREMIUM,CH_MOBILE,,2023-08-28,956.03,0.9829,SENT,
QUO_0000004329,CUST_00007830,PROD_PET_STANDARD,CH_MOBILE,,2020-07-24,306.21,1.1324,SENT,
QUO_0000004330,CUST_00007832,PROD_PET_STANDARD,CH_EMAIL,,2024-10-13,394.8,0.9265,DECLINED,
QUO_0000004331,CUST_00007833,PROD_HOME_BASIC,CH_EMAIL,,2024-05-21,287.2,0.9504,ACCEPTED,
QUO_0000004332,CUST_00007834,PROD_HEALTH_BASIC,CH_EMAIL,,2025-10-28,705.4,1.2302,ACCEPTED,
QUO_0000004333,CUST_00007837,PROD_HEALTH_STANDARD,CH_MOBILE,,2025-12-04,1072.6,0.9343,EXPIRED,
QUO_0000004334,CUST_00007838,PROD_HOME_PREMIUM,CH_EMAIL,,2021-11-23,873.23,0.9012,SENT,
QUO_0000004335,CUST_00007839,PROD_AUTO_PREMIUM,CH_EMAIL,,2025-08-30,1257.57,0.9245,DECLINED,
QUO_0000004336,CUST_00007840,PROD_HOME_STANDARD,CH_MOBILE,,2022-05-29,427.42,0.8399,SENT,
QUO_0000004337,CUST_00007841,PROD_LIFE_BASIC,CH_MOBILE,,2025-08-11,245.33,0.7715,SENT,
QUO_0000004338,CUST_00007842,PROD_LIFE_STANDARD,CH_EMAIL,,2023-07-31,430.18,1.1886,EXPIRED,
QUO_0000004339,CUST_00007843,PROD_HEALTH_PREMIUM,CH_EMAIL,,2026-03-17,1351.35,0.7356,SENT,
QUO_0000004340,CUST_00007844,PROD_PET_STANDARD,CH_CALL_CENTER,,2021-12-15,296.7,0.9958,SENT,
QUO_0000004341,CUST_00007845,PROD_LIFE_STANDARD,CH_EMAIL,,2025-02-27,461.16,1.1577,SENT,
QUO_0000004342,CUST_00007847,PROD_HOME_STANDARD,CH_EMAIL,,2020-07-22,455.6,0.9655,EXPIRED,
QUO_0000004343,CUST_00007849,PROD_HOME_BASIC,CH_MOBILE,,2022-10-13,357.92,1.1895,DECLINED,
QUO_0000004344,CUST_00007851,PROD_LIFE_STANDARD,CH_MOBILE,,2026-02-13,451.88,1.0784,SENT,
QUO_0000004345,CUST_00007854,PROD_HOME_STANDARD,CH_EMAIL,,2022-05-27,466.74,1.0149,DECLINED,
QUO_0000004346,CUST_00007855,PROD_AUTO_PREMIUM,CH_EMAIL,,2023-01-11,1217.89,0.8624,ACCEPTED,
QUO_0000004347,CUST_00007856,PROD_TRAVEL_STANDARD,CH_EMAIL,,2026-03-29,143.48,0.8092,SENT,
QUO_0000004348,CUST_00007858,PROD_HOME_STANDARD,CH_EMAIL,,2025-03-05,509.38,1.1447,SENT,
QUO_0000004349,CUST_00007859,PROD_ACCIDENT_STANDARD,CH_EMAIL,,2020-09-21,237.97,0.8308,DECLINED,
QUO_0000004350,CUST_00007862,PROD_LIFE_STANDARD,CH_MOBILE,,2024-12-10,389.64,0.9643,ACCEPTED,
QUO_0000004351,CUST_00007863,PROD_LIFE_BASIC,CH_MOBILE,,2022-09-05,230.14,0.9198,DECLINED,
QUO_0000004352,CUST_00007864,PROD_AUTO_PREMIUM,CH_EMAIL,,2025-11-10,1114.29,0.8254,DECLINED,
QUO_0000004353,CUST_00007868,PROD_AUTO_BASIC,CH_MOBILE,,2025-10-27,532.69,0.9602,EXPIRED,
QUO_0000004354,CUST_00007871,PROD_AUTO_STANDARD,CH_MOBILE,,2025-04-13,701.08,1.0182,ACCEPTED,
QUO_0000004355,CUST_00007874,PROD_ACCIDENT_STANDARD,CH_MOBILE,,2025-01-18,249.4,1.0557,ACCEPTED,
QUO_0000004356,CUST_00007875,PROD_HEALTH_PREMIUM,CH_MOBILE,,2024-12-31,1340.71,1.004,EXPIRED,
QUO_0000004357,CUST_00007876,PROD_LIFE_STANDARD,CH_EMAIL,,2022-07-05,382.63,1.0873,ACCEPTED,
QUO_0000004358,CUST_00007881,PROD_HOME_STANDARD,CH_EMAIL,,2023-11-08,439.13,0.9895,SENT,
QUO_0000004359,CUST_00007882,PROD_PET_STANDARD,CH_EMAIL,,2025-10-17,389.73,1.3342,DECLINED,
QUO_0000004360,CUST_00007884,PROD_HEALTH_PREMIUM,CH_MOBILE,,2023-03-20,1402.7,0.8406,EXPIRED,
QUO_0000004361,CUST_00007885,PROD_HOME_BASIC,CH_EMAIL,,2025-04-05,342.19,1.1405,EXPIRED,
QUO_0000004362,CUST_00007888,PROD_AUTO_PREMIUM,CH_MOBILE,,2026-06-22,1028.91,0.9599,SENT,
QUO_0000004363,CUST_00007891,PROD_PET_STANDARD,CH_MOBILE,,2025-04-21,362.2,0.8876,SENT,
QUO_0000004364,CUST_00007892,PROD_LIFE_BASIC,CH_EMAIL,,2025-12-16,279.24,1.0225,DECLINED,
QUO_0000004365,CUST_00007896,PROD_LIFE_PREMIUM,CH_EMAIL,,2026-01-26,941.98,1.0368,SENT,
QUO_0000004366,CUST_00007897,PROD_HEALTH_PREMIUM,CH_MOBILE,,2023-05-11,1598.13,1.0813,SENT,
QUO_0000004367,CUST_00007900,PROD_AUTO_BASIC,CH_EMAIL,,2020-06-06,542.32,1.1066,DECLINED,
QUO_0000004368,CUST_00007901,PROD_HOME_STANDARD,CH_MOBILE,,2024-03-21,478.66,1.0498,DECLINED,
QUO_0000004369,CUST_00007902,PROD_HOME_STANDARD,CH_MOBILE,,2022-03-08,543.6,0.868,SENT,
QUO_0000004370,CUST_00007903,PROD_LIFE_PREMIUM,CH_MOBILE,,2025-01-04,903.31,0.8845,EXPIRED,
QUO_0000004371,CUST_00007904,PROD_HEALTH_STANDARD,CH_MOBILE,,2021-08-09,955.23,1.0532,SENT,
QUO_0000004372,CUST_00007906,PROD_LIFE_STANDARD,CH_EMAIL,,2026-03-27,433.93,1.0499,DECLINED,
QUO_0000004373,CUST_00007907,PROD_TRAVEL_STANDARD,CH_BRANCH,AGT_00091,2025-12-22,166.29,1.0184,DECLINED,
QUO_0000004374,CUST_00007908,PROD_AUTO_BASIC,CH_EMAIL,,2025-02-08,457.06,0.9847,ACCEPTED,
QUO_0000004375,CUST_00007910,PROD_ACCIDENT_STANDARD,CH_EMAIL,,2026-03-01,230.14,1.0392,ACCEPTED,
QUO_0000004376,CUST_00007911,PROD_AUTO_STANDARD,CH_MOBILE,,2026-03-29,708.59,0.9777,SENT,
QUO_0000004377,CUST_00007912,PROD_PET_STANDARD,CH_EMAIL,,2026-05-16,368.32,1.0358,DECLINED,
QUO_0000004378,CUST_00007913,PROD_LIFE_STANDARD,CH_MOBILE,,2026-02-04,375.82,0.8516,EXPIRED,
QUO_0000004379,CUST_00007915,PROD_PET_STANDARD,CH_MOBILE,,2022-07-24,296.19,1.0685,SENT,
QUO_0000004380,CUST_00007919,PROD_AUTO_PREMIUM,CH_MOBILE,,2025-08-08,1141.53,1.0488,ACCEPTED,
QUO_0000004381,CUST_00007920,PROD_ACCIDENT_STANDARD,CH_EMAIL,,2023-11-24,207.07,0.976,ACCEPTED,
QUO_0000004382,CUST_00007921,PROD_LIFE_BASIC,CH_MOBILE,,2026-05-03,220.87,0.8695,DECLINED,
QUO_0000004383,CUST_00007922,PROD_LIFE_STANDARD,CH_EMAIL,,2022-09-30,425.31,1.0372,ACCEPTED,
QUO_0000004384,CUST_00007923,PROD_AUTO_PREMIUM,CH_EMAIL,,2023-02-14,1041.88,1.1126,SENT,
QUO_0000004385,CUST_00007924,PROD_HEALTH_PREMIUM,CH_MOBILE,,2025-03-03,1281.76,0.8899,DECLINED,
QUO_0000004386,CUST_00007925,PROD_AUTO_BASIC,CH_EMAIL,,2026-03-13,457.28,1.1455,SENT,
QUO_0000004387,CUST_00007926,PROD_HEALTH_STANDARD,CH_EMAIL,,2025-12-28,1154.88,0.9763,EXPIRED,
QUO_0000004388,CUST_00007927,PROD_HEALTH_STANDARD,CH_MOBILE,,2025-02-20,908.29,0.957,SENT,
QUO_0000004389,CUST_00007930,PROD_PET_STANDARD,CH_EMAIL,,2023-02-01,342.52,1.0045,DECLINED,
QUO_0000004390,CUST_00007931,PROD_ACCIDENT_STANDARD,CH_MOBILE,,2025-08-06,197.81,0.8413,SENT,
QUO_0000004391,CUST_00007935,PROD_PET_STANDARD,CH_MOBILE,,2025-01-05,343.71,0.9015,EXPIRED,
QUO_0000004392,CUST_00007937,PROD_LIFE_BASIC,CH_MOBILE,,2023-10-16,213.97,0.8586,ACCEPTED,
QUO_0000004393,CUST_00007938,PROD_ACCIDENT_STANDARD,CH_MOBILE,,2023-03-29,203.1,0.8485,DECLINED,
QUO_0000004394,CUST_00007940,PROD_LIFE_BASIC,CH_MOBILE,,2023-12-13,257.37,1.1772,DECLINED,
QUO_0000004395,CUST_00007941,PROD_LIFE_PREMIUM,CH_MOBILE,,2024-07-19,759.63,0.9705,SENT,
QUO_0000004396,CUST_00007942,PROD_HOME_BASIC,CH_MOBILE,,2026-04-14,362.36,0.8355,DECLINED,
QUO_0000004397,CUST_00007947,PROD_HOME_STANDARD,CH_MOBILE,,2024-05-13,499.91,1.106,EXPIRED,
QUO_0000004398,CUST_00007949,PROD_ACCIDENT_STANDARD,CH_MOBILE,,2025-02-04,205.44,0.9696,ACCEPTED,
QUO_0000004399,CUST_00007950,PROD_LIFE_STANDARD,CH_EMAIL,,2025-02-16,434.28,1.03,SENT,
QUO_0000004400,CUST_00007951,PROD_TRAVEL_STANDARD,CH_EMAIL,,2020-11-13,129.42,0.8563,DECLINED,
QUO_0000004401,CUST_00007953,PROD_HOME_STANDARD,CH_EMAIL,,2026-04-05,505.64,1.0237,EXPIRED,
QUO_0000004402,CUST_00007958,PROD_LIFE_BASIC,CH_EMAIL,,2025-11-18,263.18,0.9208,SENT,
QUO_0000004403,CUST_00007960,PROD_ACCIDENT_STANDARD,CH_EMAIL,,2022-08-29,258.76,0.9283,ACCEPTED,
QUO_0000004404,CUST_00007961,PROD_LIFE_PREMIUM,CH_EMAIL,,2026-06-04,834.41,0.9507,DECLINED,
QUO_0000004405,CUST_00007962,PROD_ACCIDENT_STANDARD,CH_MOBILE,,2025-02-02,205.47,1.0549,SENT,
QUO_0000004406,CUST_00007964,PROD_AUTO_PREMIUM,CH_MOBILE,,2024-12-16,1185.4,0.9355,DECLINED,
QUO_0000004407,CUST_00007966,PROD_HOME_PREMIUM,CH_MOBILE,,2026-03-15,795.44,0.9718,ACCEPTED,
QUO_0000004408,CUST_00007968,PROD_AUTO_PREMIUM,CH_EMAIL,,2026-01-09,1033.5,0.8539,EXPIRED,
QUO_0000004409,CUST_00007969,PROD_PET_STANDARD,CH_EMAIL,,2026-03-03,294.42,0.7319,DECLINED,
QUO_0000004410,CUST_00007973,PROD_AUTO_BASIC,CH_EMAIL,,2024-12-18,569.37,1.0349,DECLINED,
QUO_0000004411,CUST_00007975,PROD_HOME_STANDARD,CH_EMAIL,,2024-06-14,498.96,1.0197,DECLINED,
QUO_0000004412,CUST_00007977,PROD_HOME_BASIC,CH_EMAIL,,2025-06-18,351.03,1.1342,EXPIRED,
QUO_0000004413,CUST_00007983,PROD_HOME_PREMIUM,CH_EMAIL,,2023-06-24,840.02,1.0921,SENT,
QUO_0000004414,CUST_00007986,PROD_HOME_PREMIUM,CH_MOBILE,,2025-04-10,753.44,0.8153,SENT,
QUO_0000004415,CUST_00007987,PROD_ACCIDENT_STANDARD,CH_EMAIL,,2026-03-12,266.51,1.0847,DECLINED,
QUO_0000004416,CUST_00007988,PROD_HOME_PREMIUM,CH_MOBILE,,2026-06-05,689.33,1.1587,EXPIRED,
QUO_0000004417,CUST_00007989,PROD_HEALTH_BASIC,CH_MOBILE,,2022-12-04,708.1,1.1433,ACCEPTED,
QUO_0000004418,CUST_00007990,PROD_AUTO_BASIC,CH_MOBILE,,2026-01-10,521.19,0.8883,DECLINED,
QUO_0000004419,CUST_00007991,PROD_LIFE_STANDARD,CH_EMAIL,,2024-01-12,416.09,1.0085,DECLINED,
QUO_0000004420,CUST_00007993,PROD_TRAVEL_STANDARD,CH_EMAIL,,2025-10-30,138.06,1.059,DECLINED,
QUO_0000004421,CUST_00007994,PROD_HEALTH_STANDARD,CH_EMAIL,,2024-12-26,897.68,1.0399,SENT,
QUO_0000004422,CUST_00007995,PROD_HEALTH_BASIC,CH_MOBILE,,2020-11-13,656.73,0.9953,ACCEPTED,
QUO_0000004423,CUST_00007997,PROD_AUTO_STANDARD,CH_EMAIL,,2025-11-27,893.62,1.1413,ACCEPTED,
QUO_0000004424,CUST_00007998,PROD_PET_STANDARD,CH_MOBILE,,2026-01-07,333.5,0.9165,SENT,
QUO_0000004425,CUST_00007999,PROD_TRAVEL_STANDARD,CH_MOBILE,,2022-08-02,143.66,0.9804,SENT,
QUO_0000004426,CUST_00008000,PROD_AUTO_PREMIUM,CH_MOBILE,,2024-02-12,1101.85,0.8396,ACCEPTED,
QUO_0000004427,CUST_00008001,PROD_HOME_PREMIUM,CH_MOBILE,,2024-08-11,681.56,1.0581,EXPIRED,
QUO_0000004428,CUST_00008002,PROD_LIFE_PREMIUM,CH_MOBILE,,2024-07-23,965.17,1.1063,SENT,
QUO_0000004429,CUST_00008004,PROD_HEALTH_BASIC,CH_MOBILE,,2025-02-14,706.8,1.0417,DECLINED,
QUO_0000004430,CUST_00008006,PROD_LIFE_PREMIUM,CH_EMAIL,,2026-01-23,806.9,1.0345,ACCEPTED,
QUO_0000004431,CUST_00008008,PROD_LIFE_STANDARD,CH_MOBILE,,2022-10-17,445.61,1.1658,EXPIRED,
QUO_0000004432,CUST_00008009,PROD_LIFE_BASIC,CH_MOBILE,,2023-06-06,269.36,0.8669,SENT,
QUO_0000004433,CUST_00008011,PROD_AUTO_BASIC,CH_EMAIL,,2024-12-11,497.38,1.078,SENT,
QUO_0000004434,CUST_00008013,PROD_LIFE_PREMIUM,CH_EMAIL,,2024-10-10,957.25,0.9849,DECLINED,
QUO_0000004435,CUST_00008015,PROD_ACCIDENT_STANDARD,CH_MOBILE,,2022-12-01,218.72,1.0115,SENT,
QUO_0000004436,CUST_00008016,PROD_LIFE_PREMIUM,CH_EMAIL,,2023-10-28,958.38,0.9715,SENT,
QUO_0000004437,CUST_00008023,PROD_AUTO_BASIC,CH_MOBILE,,2025-07-25,514.49,0.9392,EXPIRED,
QUO_0000004438,CUST_00008024,PROD_AUTO_STANDARD,CH_EMAIL,,2022-12-20,729.74,1.0845,ACCEPTED,
QUO_0000004439,CUST_00008025,PROD_LIFE_PREMIUM,CH_EMAIL,,2025-05-06,802.27,1.1543,SENT,
QUO_0000004440,CUST_00008026,PROD_AUTO_STANDARD,CH_MOBILE,,2024-06-10,679.28,1.1199,SENT,
QUO_0000004441,CUST_00008034,PROD_AUTO_STANDARD,CH_MOBILE,,2023-07-25,872.12,1.0422,ACCEPTED,
QUO_0000004442,CUST_00008035,PROD_HOME_PREMIUM,CH_EMAIL,,2020-12-21,740.02,1.1067,DECLINED,
QUO_0000004443,CUST_00008036,PROD_HOME_BASIC,CH_EMAIL,,2026-01-01,292.3,0.7853,SENT,
QUO_0000004444,CUST_00008038,PROD_HOME_BASIC,CH_EMAIL,,2025-01-12,275.31,1.0692,DECLINED,
QUO_0000004445,CUST_00008040,PROD_LIFE_PREMIUM,CH_EMAIL,,2025-03-21,992.68,1.0203,SENT,
QUO_0000004446,CUST_00008042,PROD_LIFE_BASIC,CH_MOBILE,,2025-10-10,281.47,0.9435,DECLINED,
QUO_0000004447,CUST_00008044,PROD_LIFE_STANDARD,CH_EMAIL,,2025-05-26,361.9,0.9886,DECLINED,
QUO_0000004448,CUST_00008045,PROD_AUTO_STANDARD,CH_MOBILE,,2025-06-18,699.2,1.1194,DECLINED,
QUO_0000004449,CUST_00008047,PROD_LIFE_STANDARD,CH_MOBILE,,2024-11-07,450.14,0.854,SENT,
QUO_0000004450,CUST_00008048,PROD_HEALTH_STANDARD,CH_MOBILE,,2025-07-05,892.23,1.0815,DECLINED,
QUO_0000004451,CUST_00008052,PROD_LIFE_PREMIUM,CH_EMAIL,,2026-06-27,932.32,0.6861,EXPIRED,
QUO_0000004452,CUST_00008054,PROD_AUTO_STANDARD,CH_MOBILE,,2025-04-13,722.57,1.1298,SENT,
QUO_0000004453,CUST_00008056,PROD_HEALTH_STANDARD,CH_MOBILE,,2024-06-25,1015.01,0.7903,EXPIRED,
QUO_0000004454,CUST_00008057,PROD_HEALTH_BASIC,CH_MOBILE,,2026-01-30,635.29,0.9778,EXPIRED,
QUO_0000004455,CUST_00008059,PROD_HOME_BASIC,CH_CALL_CENTER,AGT_00147,2021-05-13,357.57,0.9761,DECLINED,
QUO_0000004456,CUST_00008062,PROD_AUTO_BASIC,CH_EMAIL,,2025-08-18,492.92,1.0022,EXPIRED,
QUO_0000004457,CUST_00008064,PROD_LIFE_BASIC,CH_BRANCH,AGT_00099,2026-03-05,243.68,1.0166,DECLINED,
QUO_0000004458,CUST_00008066,PROD_LIFE_STANDARD,CH_MOBILE,,2026-05-22,480.61,0.8606,SENT,
QUO_0000004459,CUST_00008070,PROD_TRAVEL_STANDARD,CH_MOBILE,,2026-03-04,131.63,1.0224,SENT,
QUO_0000004460,CUST_00008073,PROD_LIFE_PREMIUM,CH_CALL_CENTER,AGT_00142,2023-06-03,856.76,0.8557,DECLINED,
QUO_0000004461,CUST_00008074,PROD_AUTO_PREMIUM,CH_MOBILE,,2023-03-26,1151.44,1.2145,SENT,
QUO_0000004462,CUST_00008075,PROD_ACCIDENT_STANDARD,CH_MOBILE,,2023-08-29,216.07,0.7478,DECLINED,
QUO_0000004463,CUST_00008078,PROD_ACCIDENT_STANDARD,CH_EMAIL,,2023-06-24,201.39,0.9216,SENT,
QUO_0000004464,CUST_00008081,PROD_TRAVEL_STANDARD,CH_EMAIL,,2025-05-07,139.29,1.1063,SENT,
QUO_0000004465,CUST_00008082,PROD_TRAVEL_STANDARD,CH_MOBILE,,2025-03-11,144.81,0.9281,DECLINED,
QUO_0000004466,CUST_00008086,PROD_PET_STANDARD,CH_MOBILE,,2022-08-29,356.16,0.9476,SENT,
QUO_0000004467,CUST_00008087,PROD_HOME_PREMIUM,CH_EMAIL,,2024-09-10,755.84,0.9315,ACCEPTED,
QUO_0000004468,CUST_00008088,PROD_AUTO_STANDARD,CH_MOBILE,,2024-03-01,837.19,0.7653,SENT,
QUO_0000004469,CUST_00008089,PROD_HOME_BASIC,CH_BROKER,,2025-08-07,322.16,0.9871,DECLINED,
QUO_0000004470,CUST_00008090,PROD_AUTO_BASIC,CH_EMAIL,,2025-12-05,533.36,1.1693,SENT,
QUO_0000004471,CUST_00008092,PROD_TRAVEL_STANDARD,CH_MOBILE,,2025-08-01,130.99,1.0078,SENT,
QUO_0000004472,CUST_00008095,PROD_AUTO_BASIC,CH_MOBILE,,2021-10-21,604.41,0.9626,DECLINED,
QUO_0000004473,CUST_00008097,PROD_HEALTH_PREMIUM,CH_EMAIL,,2025-03-25,1739.56,1.0875,DECLINED,
QUO_0000004474,CUST_00008098,PROD_ACCIDENT_STANDARD,CH_EMAIL,,2026-04-26,246.95,0.9227,SENT,
QUO_0000004475,CUST_00008107,PROD_LIFE_BASIC,CH_EMAIL,,2024-06-01,247.7,0.9788,EXPIRED,
QUO_0000004476,CUST_00008109,PROD_HOME_STANDARD,CH_MOBILE,,2024-04-17,537.65,0.818,ACCEPTED,
QUO_0000004477,CUST_00008112,PROD_AUTO_STANDARD,CH_EMAIL,,2024-12-17,811.69,1.0524,DECLINED,
QUO_0000004478,CUST_00008115,PROD_HEALTH_STANDARD,CH_EMAIL,,2026-01-19,1098.17,0.9725,DECLINED,
QUO_0000004479,CUST_00008117,PROD_ACCIDENT_STANDARD,CH_MOBILE,,2025-08-15,244.91,0.8201,ACCEPTED,
QUO_0000004480,CUST_00008118,PROD_ACCIDENT_STANDARD,CH_EMAIL,,2023-03-02,248.85,0.8573,EXPIRED,
QUO_0000004481,CUST_00008119,PROD_LIFE_STANDARD,CH_MOBILE,,2026-03-24,448.56,1.0145,ACCEPTED,
QUO_0000004482,CUST_00008122,PROD_ACCIDENT_STANDARD,CH_MOBILE,,2026-04-04,253.0,0.6717,DECLINED,
QUO_0000004483,CUST_00008123,PROD_HEALTH_PREMIUM,CH_MOBILE,,2026-04-26,1490.41,0.9563,DECLINED,
QUO_0000004484,CUST_00008124,PROD_HEALTH_STANDARD,CH_EMAIL,,2023-10-07,966.91,0.917,SENT,
QUO_0000004485,CUST_00008125,PROD_TRAVEL_STANDARD,CH_EMAIL,,2023-07-09,131.01,0.8986,ACCEPTED,
QUO_0000004486,CUST_00008126,PROD_PET_STANDARD,CH_EMAIL,,2023-01-18,322.36,1.0668,EXPIRED,
QUO_0000004487,CUST_00008127,PROD_LIFE_PREMIUM,CH_EMAIL,,2026-01-02,873.92,1.0052,ACCEPTED,
QUO_0000004488,CUST_00008128,PROD_PET_STANDARD,CH_EMAIL,,2026-06-05,352.49,0.9544,SENT,
QUO_0000004489,CUST_00008129,PROD_TRAVEL_STANDARD,CH_MOBILE,,2022-05-21,142.53,1.024,ACCEPTED,
QUO_0000004490,CUST_00008131,PROD_HEALTH_BASIC,CH_EMAIL,,2025-11-05,610.74,0.9571,SENT,
QUO_0000004491,CUST_00008132,PROD_LIFE_PREMIUM,CH_MOBILE,,2026-04-05,897.66,0.9688,DECLINED,
QUO_0000004492,CUST_00008135,PROD_PET_STANDARD,CH_EMAIL,,2026-01-26,316.11,0.9589,SENT,
QUO_0000004493,CUST_00008136,PROD_PET_STANDARD,CH_EMAIL,,2024-09-27,360.88,1.1156,EXPIRED,
QUO_0000004494,CUST_00008137,PROD_HOME_STANDARD,CH_EMAIL,,2023-03-12,538.38,0.9512,SENT,
QUO_0000004495,CUST_00008138,PROD_PET_STANDARD,CH_MOBILE,,2020-07-25,345.14,1.0984,ACCEPTED,
QUO_0000004496,CUST_00008139,PROD_HOME_BASIC,CH_MOBILE,,2024-09-02,275.19,1.0011,EXPIRED,
QUO_0000004497,CUST_00008140,PROD_HEALTH_BASIC,CH_MOBILE,,2024-08-18,592.85,0.9483,EXPIRED,
QUO_0000004498,CUST_00008141,PROD_AUTO_BASIC,CH_EMAIL,,2025-08-29,459.24,0.7566,DECLINED,
QUO_0000004499,CUST_00008142,PROD_HEALTH_PREMIUM,CH_MOBILE,,2025-12-08,1461.92,1.0464,EXPIRED,
QUO_0000004500,CUST_00008143,PROD_HEALTH_STANDARD,CH_EMAIL,,2024-12-21,930.13,0.97,SENT,
QUO_0000004501,CUST_00008144,PROD_HOME_STANDARD,CH_EMAIL,,2023-01-17,480.14,1.1014,DECLINED,
QUO_0000004502,CUST_00008145,PROD_HOME_BASIC,CH_EMAIL,,2025-05-28,326.74,1.011,DECLINED,
QUO_0000004503,CUST_00008152,PROD_HEALTH_STANDARD,CH_MOBILE,,2022-10-08,903.14,1.0501,SENT,
QUO_0000004504,CUST_00008153,PROD_HEALTH_PREMIUM,CH_MOBILE,,2025-06-25,1625.64,0.9541,SENT,
QUO_0000004505,CUST_00008156,PROD_HEALTH_STANDARD,CH_EMAIL,,2025-07-31,1039.76,1.0454,SENT,
QUO_0000004506,CUST_00008157,PROD_PET_STANDARD,CH_EMAIL,,2025-06-22,372.12,1.0315,ACCEPTED,
QUO_0000004507,CUST_00008158,PROD_LIFE_PREMIUM,CH_EMAIL,,2026-02-28,869.67,1.1027,SENT,
QUO_0000004508,CUST_00008159,PROD_HOME_PREMIUM,CH_EMAIL,,2025-04-11,813.07,1.0235,ACCEPTED,
QUO_0000004509,CUST_00008160,PROD_ACCIDENT_STANDARD,CH_EMAIL,,2025-10-06,205.89,0.9584,SENT,
QUO_0000004510,CUST_00008161,PROD_AUTO_PREMIUM,CH_EMAIL,,2025-09-25,1211.64,1.0801,EXPIRED,
QUO_0000004511,CUST_00008162,PROD_AUTO_PREMIUM,CH_EMAIL,,2026-04-12,1004.39,1.0838,SENT,
QUO_0000004512,CUST_00008164,PROD_HOME_STANDARD,CH_EMAIL,,2024-11-19,441.6,0.9121,ACCEPTED,
QUO_0000004513,CUST_00008165,PROD_LIFE_STANDARD,CH_EMAIL,,2022-11-02,448.74,1.0661,SENT,
QUO_0000004514,CUST_00008166,PROD_LIFE_BASIC,CH_EMAIL,,2025-08-20,236.24,0.9195,SENT,
QUO_0000004515,CUST_00008169,PROD_AUTO_PREMIUM,CH_EMAIL,,2022-09-19,1198.77,1.0029,EXPIRED,
QUO_0000004516,CUST_00008171,PROD_HEALTH_BASIC,CH_EMAIL,,2026-04-08,601.56,0.9412,SENT,
QUO_0000004517,CUST_00008174,PROD_HEALTH_PREMIUM,CH_EMAIL,,2025-07-04,1420.8,1.1183,SENT,
QUO_0000004518,CUST_00008176,PROD_TRAVEL_STANDARD,CH_MOBILE,,2025-08-15,143.31,0.9154,DECLINED,
QUO_0000004519,CUST_00008177,PROD_HOME_STANDARD,CH_CALL_CENTER,,2024-02-09,468.26,1.0612,EXPIRED,
QUO_0000004520,CUST_00008178,PROD_HEALTH_STANDARD,CH_MOBILE,,2023-08-18,977.86,0.9774,EXPIRED,
QUO_0000004521,CUST_00008180,PROD_LIFE_STANDARD,CH_EMAIL,,2026-06-09,446.39,1.0064,DECLINED,
QUO_0000004522,CUST_00008184,PROD_ACCIDENT_STANDARD,CH_MOBILE,,2022-07-20,254.89,1.0227,ACCEPTED,
QUO_0000004523,CUST_00008185,PROD_PET_STANDARD,CH_EMAIL,,2025-08-31,321.02,0.8506,ACCEPTED,
QUO_0000004524,CUST_00008189,PROD_HEALTH_STANDARD,CH_EMAIL,,2024-12-31,850.41,0.8842,ACCEPTED,
QUO_0000004525,CUST_00008192,PROD_HOME_PREMIUM,CH_MOBILE,,2024-01-10,808.01,1.1379,SENT,
QUO_0000004526,CUST_00008193,PROD_HEALTH_STANDARD,CH_EMAIL,,2024-04-02,1003.91,1.1783,SENT,
QUO_0000004527,CUST_00008196,PROD_AUTO_STANDARD,CH_EMAIL,,2024-10-13,695.51,1.35,SENT,
QUO_0000004528,CUST_00008197,PROD_LIFE_BASIC,CH_MOBILE,,2025-05-05,215.69,0.7498,DECLINED,
QUO_0000004529,CUST_00008198,PROD_TRAVEL_STANDARD,CH_EMAIL,,2025-05-20,139.47,1.0306,SENT,
QUO_0000004530,CUST_00008200,PROD_HEALTH_STANDARD,CH_EMAIL,,2025-06-15,1017.27,0.9493,EXPIRED,
QUO_0000004531,CUST_00008203,PROD_AUTO_STANDARD,CH_MOBILE,,2025-08-19,841.77,1.1505,EXPIRED,
QUO_0000004532,CUST_00008207,PROD_LIFE_PREMIUM,CH_EMAIL,,2023-10-24,732.28,1.0224,SENT,
QUO_0000004533,CUST_00008208,PROD_TRAVEL_STANDARD,CH_MOBILE,,2022-11-08,150.79,1.0004,DECLINED,
QUO_0000004534,CUST_00008209,PROD_TRAVEL_STANDARD,CH_EMAIL,,2023-09-13,169.07,1.1933,DECLINED,
QUO_0000004535,CUST_00008210,PROD_LIFE_BASIC,CH_MOBILE,,2023-10-18,217.78,1.142,SENT,
QUO_0000004536,CUST_00008215,PROD_TRAVEL_STANDARD,CH_EMAIL,,2025-10-18,167.97,1.1098,SENT,
QUO_0000004537,CUST_00008216,PROD_LIFE_PREMIUM,CH_MOBILE,,2023-12-15,940.69,1.0846,SENT,
QUO_0000004538,CUST_00008218,PROD_HOME_STANDARD,CH_EMAIL,,2024-10-03,442.55,0.7569,SENT,
QUO_0000004539,CUST_00008219,PROD_AUTO_STANDARD,CH_MOBILE,,2024-01-25,663.47,1.0554,DECLINED,
QUO_0000004540,CUST_00008221,PROD_LIFE_PREMIUM,CH_EMAIL,,2022-10-20,916.25,1.0903,SENT,
QUO_0000004541,CUST_00008225,PROD_LIFE_PREMIUM,CH_EMAIL,,2026-05-16,974.49,1.1265,EXPIRED,
QUO_0000004542,CUST_00008226,PROD_AUTO_STANDARD,CH_EMAIL,,2023-03-27,808.73,0.8413,EXPIRED,
QUO_0000004543,CUST_00008228,PROD_AUTO_PREMIUM,CH_MOBILE,,2024-11-21,1118.81,1.1058,EXPIRED,
QUO_0000004544,CUST_00008233,PROD_LIFE_STANDARD,CH_EMAIL,,2022-10-18,481.58,0.9979,DECLINED,
QUO_0000004545,CUST_00008234,PROD_ACCIDENT_STANDARD,CH_EMAIL,,2024-12-01,269.19,1.1659,DECLINED,
QUO_0000004546,CUST_00008235,PROD_LIFE_PREMIUM,CH_EMAIL,,2025-10-03,754.4,0.9943,SENT,
QUO_0000004547,CUST_00008241,PROD_TRAVEL_STANDARD,CH_MOBILE,,2025-08-10,143.56,0.9213,EXPIRED,
QUO_0000004548,CUST_00008242,PROD_HOME_STANDARD,CH_EMAIL,,2024-03-13,553.33,1.143,SENT,
QUO_0000004549,CUST_00008243,PROD_HEALTH_BASIC,CH_EMAIL,,2026-06-17,650.48,0.8159,ACCEPTED,
QUO_0000004550,CUST_00008245,PROD_HOME_STANDARD,CH_MOBILE,,2025-02-11,548.42,1.054,ACCEPTED,
QUO_0000004551,CUST_00008246,PROD_HOME_STANDARD,CH_MOBILE,,2026-03-11,555.66,1.35,DECLINED,
QUO_0000004552,CUST_00008247,PROD_AUTO_BASIC,CH_MOBILE,,2025-06-08,503.45,1.0593,SENT,
QUO_0000004553,CUST_00008248,PROD_HOME_STANDARD,CH_MOBILE,,2026-03-30,455.75,0.9116,DECLINED,
QUO_0000004554,CUST_00008250,PROD_AUTO_STANDARD,CH_EMAIL,,2026-02-02,707.3,0.9408,DECLINED,
QUO_0000004555,CUST_00008253,PROD_AUTO_BASIC,CH_EMAIL,,2023-03-13,482.97,0.8555,EXPIRED,
QUO_0000004556,CUST_00008254,PROD_ACCIDENT_STANDARD,CH_MOBILE,,2025-01-20,247.69,0.9304,DECLINED,
QUO_0000004557,CUST_00008257,PROD_LIFE_BASIC,CH_MOBILE,,2026-02-02,223.0,0.844,SENT,
QUO_0000004558,CUST_00008258,PROD_LIFE_BASIC,CH_MOBILE,,2022-08-26,207.17,0.9181,EXPIRED,
QUO_0000004559,CUST_00008261,PROD_AUTO_STANDARD,CH_MOBILE,,2026-03-19,833.46,0.6541,DECLINED,
QUO_0000004560,CUST_00008262,PROD_LIFE_PREMIUM,CH_EMAIL,,2025-03-04,766.17,0.9101,DECLINED,
QUO_0000004561,CUST_00008264,PROD_LIFE_BASIC,CH_MOBILE,,2025-11-11,223.8,1.0549,SENT,
QUO_0000004562,CUST_00008266,PROD_TRAVEL_STANDARD,CH_MOBILE,,2023-08-20,166.13,0.9141,ACCEPTED,
QUO_0000004563,CUST_00008267,PROD_AUTO_PREMIUM,CH_MOBILE,,2020-05-19,1144.72,1.0163,SENT,
QUO_0000004564,CUST_00008268,PROD_LIFE_BASIC,CH_EMAIL,,2024-01-07,277.33,0.873,SENT,
QUO_0000004565,CUST_00008269,PROD_ACCIDENT_STANDARD,CH_BRANCH,AGT_00148,2026-04-20,248.7,0.9454,ACCEPTED,
QUO_0000004566,CUST_00008270,PROD_ACCIDENT_STANDARD,CH_EMAIL,,2024-01-23,252.32,0.797,DECLINED,
QUO_0000004567,CUST_00008271,PROD_PET_STANDARD,CH_MOBILE,,2026-06-05,387.14,0.8904,EXPIRED,
QUO_0000004568,CUST_00008273,PROD_HOME_PREMIUM,CH_MOBILE,,2025-07-26,715.75,1.0464,SENT,
QUO_0000004569,CUST_00008275,PROD_HEALTH_STANDARD,CH_MOBILE,,2023-10-26,914.06,0.9691,DECLINED,
QUO_0000004570,CUST_00008276,PROD_TRAVEL_STANDARD,CH_EMAIL,,2024-12-21,154.53,0.9924,EXPIRED,
QUO_0000004571,CUST_00008277,PROD_HEALTH_BASIC,CH_EMAIL,,2023-10-21,648.72,0.8075,DECLINED,
QUO_0000004572,CUST_00008280,PROD_LIFE_STANDARD,CH_EMAIL,,2025-01-06,361.83,0.7833,DECLINED,
QUO_0000004573,CUST_00008282,PROD_AUTO_BASIC,CH_EMAIL,,2024-09-08,516.22,0.927,DECLINED,
QUO_0000004574,CUST_00008287,PROD_HEALTH_PREMIUM,CH_MOBILE,,2025-10-02,1681.68,0.7208,DECLINED,
QUO_0000004575,CUST_00008290,PROD_AUTO_STANDARD,CH_MOBILE,,2023-09-26,870.88,1.2152,SENT,
QUO_0000004576,CUST_00008293,PROD_HOME_BASIC,CH_EMAIL,,2026-01-31,357.23,0.9293,SENT,
QUO_0000004577,CUST_00008296,PROD_PET_STANDARD,CH_WEB,,2025-12-29,354.5,0.712,EXPIRED,
QUO_0000004578,CUST_00008298,PROD_LIFE_STANDARD,CH_EMAIL,,2026-05-06,484.98,1.0951,SENT,
QUO_0000004579,CUST_00008299,PROD_HOME_STANDARD,CH_EMAIL,,2024-06-03,524.6,1.0615,SENT,
QUO_0000004580,CUST_00008301,PROD_HEALTH_BASIC,CH_EMAIL,,2026-03-19,765.99,1.2329,SENT,
QUO_0000004581,CUST_00008304,PROD_AUTO_PREMIUM,CH_EMAIL,,2025-09-27,1091.28,0.8894,DECLINED,
QUO_0000004582,CUST_00008305,PROD_HEALTH_PREMIUM,CH_MOBILE,,2022-09-12,1337.04,1.0422,SENT,
QUO_0000004583,CUST_00008306,PROD_LIFE_BASIC,CH_EMAIL,,2025-09-21,265.72,0.8811,SENT,
QUO_0000004584,CUST_00008307,PROD_HEALTH_STANDARD,CH_EMAIL,,2026-01-02,1000.17,1.0679,DECLINED,
QUO_0000004585,CUST_00008309,PROD_HEALTH_STANDARD,CH_MOBILE,,2026-02-26,1048.85,0.8192,DECLINED,
QUO_0000004586,CUST_00008310,PROD_TRAVEL_STANDARD,CH_EMAIL,,2026-01-27,136.24,1.0961,DECLINED,
QUO_0000004587,CUST_00008311,PROD_HOME_STANDARD,CH_EMAIL,,2026-02-27,537.8,0.9222,DECLINED,
QUO_0000004588,CUST_00008313,PROD_HEALTH_PREMIUM,CH_EMAIL,,2023-08-31,1416.36,0.9641,SENT,
QUO_0000004589,CUST_00008314,PROD_LIFE_BASIC,CH_MOBILE,,2024-07-02,218.93,0.9962,SENT,
QUO_0000004590,CUST_00008315,PROD_LIFE_PREMIUM,CH_MOBILE,,2024-07-20,795.15,0.85,ACCEPTED,
QUO_0000004591,CUST_00008317,PROD_AUTO_PREMIUM,CH_MOBILE,,2022-12-20,1189.63,0.6996,ACCEPTED,
QUO_0000004592,CUST_00008318,PROD_LIFE_BASIC,CH_MOBILE,,2023-11-15,230.18,0.8894,ACCEPTED,
QUO_0000004593,CUST_00008320,PROD_PET_STANDARD,CH_MOBILE,,2021-07-09,318.64,1.0351,EXPIRED,
QUO_0000004594,CUST_00008321,PROD_TRAVEL_STANDARD,CH_EMAIL,,2022-11-24,128.81,0.9937,EXPIRED,
QUO_0000004595,CUST_00008322,PROD_LIFE_STANDARD,CH_MOBILE,,2025-08-29,428.36,1.0018,EXPIRED,
QUO_0000004596,CUST_00008323,PROD_TRAVEL_STANDARD,CH_EMAIL,,2026-04-14,165.83,1.1754,DECLINED,
QUO_0000004597,CUST_00008324,PROD_HEALTH_PREMIUM,CH_EMAIL,,2025-11-26,1523.96,1.0103,DECLINED,
QUO_0000004598,CUST_00008325,PROD_HEALTH_BASIC,CH_MOBILE,,2023-04-19,615.14,0.9348,SENT,
QUO_0000004599,CUST_00008326,PROD_HOME_STANDARD,CH_EMAIL,,2025-10-10,507.04,1.0282,SENT,
QUO_0000004600,CUST_00008327,PROD_LIFE_PREMIUM,CH_EMAIL,,2025-11-16,776.74,1.037,ACCEPTED,
QUO_0000004601,CUST_00008328,PROD_LIFE_PREMIUM,CH_MOBILE,,2021-02-09,919.56,0.8863,ACCEPTED,
QUO_0000004602,CUST_00008329,PROD_HEALTH_PREMIUM,CH_MOBILE,,2022-03-08,1339.77,0.8804,ACCEPTED,
QUO_0000004603,CUST_00008330,PROD_LIFE_BASIC,CH_MOBILE,,2024-11-19,210.82,1.1342,DECLINED,
QUO_0000004604,CUST_00008331,PROD_PET_STANDARD,CH_MOBILE,,2024-06-05,347.52,1.1713,ACCEPTED,
QUO_0000004605,CUST_00008333,PROD_HEALTH_BASIC,CH_MOBILE,,2024-04-14,624.8,1.1091,SENT,
QUO_0000004606,CUST_00008335,PROD_TRAVEL_STANDARD,CH_EMAIL,,2026-03-05,143.3,0.8593,DECLINED,
QUO_0000004607,CUST_00008337,PROD_AUTO_STANDARD,CH_EMAIL,,2023-05-07,745.75,0.9753,SENT,
QUO_0000004608,CUST_00008338,PROD_LIFE_BASIC,CH_MOBILE,,2023-12-30,247.73,0.8542,DECLINED,
QUO_0000004609,CUST_00008343,PROD_LIFE_PREMIUM,CH_MOBILE,,2023-09-29,887.58,0.65,DECLINED,
QUO_0000004610,CUST_00008346,PROD_HEALTH_STANDARD,CH_EMAIL,,2024-02-02,1138.29,0.91,DECLINED,
QUO_0000004611,CUST_00008349,PROD_LIFE_PREMIUM,CH_EMAIL,,2025-11-26,866.06,1.025,DECLINED,
QUO_0000004612,CUST_00008350,PROD_AUTO_PREMIUM,CH_MOBILE,,2026-03-21,1237.0,0.9947,EXPIRED,
QUO_0000004613,CUST_00008351,PROD_AUTO_BASIC,CH_EMAIL,,2024-09-16,535.1,0.8384,SENT,
QUO_0000004614,CUST_00008356,PROD_HOME_PREMIUM,CH_EMAIL,,2026-01-17,827.04,1.1045,DECLINED,
QUO_0000004615,CUST_00008357,PROD_AUTO_PREMIUM,CH_MOBILE,,2025-12-09,1138.62,0.9572,ACCEPTED,
QUO_0000004616,CUST_00008359,PROD_LIFE_STANDARD,CH_EMAIL,,2021-12-16,441.32,0.8516,ACCEPTED,
QUO_0000004617,CUST_00008360,PROD_AUTO_BASIC,CH_EMAIL,,2023-08-21,560.36,0.8678,ACCEPTED,
QUO_0000004618,CUST_00008361,PROD_HOME_STANDARD,CH_MOBILE,,2025-12-16,505.57,0.7948,EXPIRED,
QUO_0000004619,CUST_00008363,PROD_LIFE_BASIC,CH_MOBILE,,2024-06-20,245.33,0.6853,DECLINED,
QUO_0000004620,CUST_00008365,PROD_AUTO_STANDARD,CH_EMAIL,,2026-03-24,727.12,0.9628,ACCEPTED,
QUO_0000004621,CUST_00008367,PROD_AUTO_STANDARD,CH_EMAIL,,2022-09-25,780.51,0.9097,ACCEPTED,
QUO_0000004622,CUST_00008370,PROD_AUTO_BASIC,CH_MOBILE,,2026-01-30,564.54,1.1327,SENT,
QUO_0000004623,CUST_00008372,PROD_HOME_PREMIUM,CH_MOBILE,,2025-09-30,809.99,0.804,DECLINED,
QUO_0000004624,CUST_00008373,PROD_LIFE_BASIC,CH_EMAIL,,2026-01-04,211.67,0.9665,SENT,
QUO_0000004625,CUST_00008375,PROD_LIFE_STANDARD,CH_EMAIL,,2020-08-27,447.79,1.025,ACCEPTED,
QUO_0000004626,CUST_00008376,PROD_AUTO_PREMIUM,CH_MOBILE,,2023-01-04,998.7,1.0905,ACCEPTED,
QUO_0000004627,CUST_00008377,PROD_HOME_BASIC,CH_MOBILE,,2024-04-13,268.84,0.8711,SENT,
QUO_0000004628,CUST_00008378,PROD_AUTO_STANDARD,CH_EMAIL,,2025-08-18,858.42,0.9225,SENT,
QUO_0000004629,CUST_00008379,PROD_AUTO_STANDARD,CH_EMAIL,,2026-02-17,862.24,1.1407,SENT,
QUO_0000004630,CUST_00008380,PROD_HEALTH_BASIC,CH_MOBILE,,2023-03-05,640.62,0.7475,EXPIRED,
QUO_0000004631,CUST_00008381,PROD_LIFE_STANDARD,CH_EMAIL,,2025-03-19,455.22,1.1707,EXPIRED,
QUO_0000004632,CUST_00008383,PROD_HEALTH_STANDARD,CH_MOBILE,,2023-10-22,1000.34,1.1282,EXPIRED,
QUO_0000004633,CUST_00008384,PROD_AUTO_BASIC,CH_EMAIL,,2023-09-24,598.1,0.9496,EXPIRED,
QUO_0000004634,CUST_00008385,PROD_LIFE_STANDARD,CH_EMAIL,,2025-10-17,416.16,0.9362,DECLINED,
QUO_0000004635,CUST_00008388,PROD_LIFE_STANDARD,CH_EMAIL,,2025-09-24,489.54,0.8696,EXPIRED,
QUO_0000004636,CUST_00008391,PROD_PET_STANDARD,CH_MOBILE,,2024-02-20,373.71,1.0601,ACCEPTED,
QUO_0000004637,CUST_00008392,PROD_PET_STANDARD,CH_MOBILE,,2025-12-17,372.58,1.034,ACCEPTED,
QUO_0000004638,CUST_00008396,PROD_TRAVEL_STANDARD,CH_EMAIL,,2022-11-29,157.28,0.9841,ACCEPTED,
QUO_0000004639,CUST_00008399,PROD_AUTO_BASIC,CH_MOBILE,,2022-01-11,466.08,1.0345,SENT,
QUO_0000004640,CUST_00008405,PROD_HOME_PREMIUM,CH_EMAIL,,2025-02-24,872.1,0.782,EXPIRED,
QUO_0000004641,CUST_00008406,PROD_HOME_BASIC,CH_EMAIL,,2025-08-15,330.15,1.0755,DECLINED,
QUO_0000004642,CUST_00008407,PROD_LIFE_STANDARD,CH_MOBILE,,2024-09-30,377.93,0.8602,EXPIRED,
QUO_0000004643,CUST_00008410,PROD_HOME_STANDARD,CH_EMAIL,,2020-11-22,452.36,1.0989,ACCEPTED,
QUO_0000004644,CUST_00008412,PROD_HEALTH_STANDARD,CH_EMAIL,,2026-04-22,1077.04,0.7346,SENT,
QUO_0000004645,CUST_00008413,PROD_HOME_STANDARD,CH_EMAIL,,2024-08-01,498.81,0.9893,EXPIRED,
QUO_0000004646,CUST_00008416,PROD_AUTO_BASIC,CH_MOBILE,,2022-08-03,484.86,0.9871,SENT,
QUO_0000004647,CUST_00008418,PROD_HOME_BASIC,CH_MOBILE,,2025-09-28,320.24,1.0464,EXPIRED,
QUO_0000004648,CUST_00008420,PROD_TRAVEL_STANDARD,CH_BROKER,,2026-01-24,152.14,0.9317,ACCEPTED,
QUO_0000004649,CUST_00008421,PROD_TRAVEL_STANDARD,CH_EMAIL,,2023-07-27,148.15,0.7321,SENT,
QUO_0000004650,CUST_00008426,PROD_LIFE_STANDARD,CH_MOBILE,,2025-08-20,392.04,0.93,EXPIRED,
QUO_0000004651,CUST_00008427,PROD_PET_STANDARD,CH_EMAIL,,2025-08-15,337.08,0.9385,EXPIRED,
QUO_0000004652,CUST_00008430,PROD_LIFE_STANDARD,CH_EMAIL,,2025-08-28,368.23,0.9774,DECLINED,
QUO_0000004653,CUST_00008431,PROD_HOME_BASIC,CH_MOBILE,,2026-06-29,317.07,1.1143,SENT,
QUO_0000004654,CUST_00008434,PROD_HEALTH_STANDARD,CH_MOBILE,,2021-04-05,1055.53,0.8403,DECLINED,
QUO_0000004655,CUST_00008437,PROD_ACCIDENT_STANDARD,CH_MOBILE,,2026-02-16,212.45,0.8121,ACCEPTED,
QUO_0000004656,CUST_00008438,PROD_HOME_BASIC,CH_EMAIL,,2025-09-28,310.75,0.9704,ACCEPTED,
QUO_0000004657,CUST_00008439,PROD_LIFE_PREMIUM,CH_EMAIL,,2024-09-19,973.39,0.8926,EXPIRED,
QUO_0000004658,CUST_00008440,PROD_AUTO_STANDARD,CH_EMAIL,,2021-10-18,702.68,1.1447,ACCEPTED,
QUO_0000004659,CUST_00008441,PROD_HEALTH_PREMIUM,CH_EMAIL,,2025-12-29,1692.77,0.9625,ACCEPTED,
QUO_0000004660,CUST_00008442,PROD_HOME_BASIC,CH_EMAIL,,2026-03-11,283.86,1.3146,ACCEPTED,
QUO_0000004661,CUST_00008449,PROD_HOME_PREMIUM,CH_EMAIL,,2026-05-09,882.12,0.9135,DECLINED,
QUO_0000004662,CUST_00008450,PROD_LIFE_STANDARD,CH_MOBILE,,2022-06-02,386.24,1.0278,DECLINED,
QUO_0000004663,CUST_00008453,PROD_LIFE_BASIC,CH_EMAIL,,2023-09-08,231.83,1.0807,DECLINED,
QUO_0000004664,CUST_00008455,PROD_HOME_BASIC,CH_EMAIL,,2026-04-22,352.3,1.0284,SENT,
QUO_0000004665,CUST_00008457,PROD_AUTO_STANDARD,CH_MOBILE,,2025-09-09,735.61,0.8086,ACCEPTED,
QUO_0000004666,CUST_00008460,PROD_HEALTH_PREMIUM,CH_EMAIL,,2024-05-03,1477.38,0.9987,EXPIRED,
QUO_0000004667,CUST_00008463,PROD_HOME_BASIC,CH_EMAIL,,2025-11-30,351.07,0.9184,SENT,
QUO_0000004668,CUST_00008466,PROD_HEALTH_BASIC,CH_EMAIL,,2026-05-25,652.69,1.1599,SENT,
QUO_0000004669,CUST_00008467,PROD_HOME_BASIC,CH_CALL_CENTER,AGT_00036,2026-02-13,300.24,0.8714,DECLINED,
QUO_0000004670,CUST_00008470,PROD_AUTO_BASIC,CH_MOBILE,,2023-01-16,533.06,1.0695,ACCEPTED,
QUO_0000004671,CUST_00008472,PROD_LIFE_BASIC,CH_EMAIL,,2022-10-07,236.28,1.0139,DECLINED,
QUO_0000004672,CUST_00008473,PROD_AUTO_PREMIUM,CH_EMAIL,,2026-02-05,1307.9,1.1021,DECLINED,
QUO_0000004673,CUST_00008475,PROD_AUTO_PREMIUM,CH_EMAIL,,2025-12-31,970.26,0.7631,SENT,
QUO_0000004674,CUST_00008476,PROD_HEALTH_STANDARD,CH_EMAIL,,2022-10-13,1019.42,0.8771,SENT,
QUO_0000004675,CUST_00008481,PROD_HOME_PREMIUM,CH_WEB,,2022-11-17,831.82,0.8024,SENT,
QUO_0000004676,CUST_00008483,PROD_HEALTH_PREMIUM,CH_EMAIL,,2026-03-14,1482.34,1.0846,SENT,
QUO_0000004677,CUST_00008484,PROD_LIFE_PREMIUM,CH_MOBILE,,2024-11-22,926.76,0.8487,DECLINED,
QUO_0000004678,CUST_00008485,PROD_ACCIDENT_STANDARD,CH_EMAIL,,2025-07-10,270.17,1.1035,DECLINED,
QUO_0000004679,CUST_00008487,PROD_HEALTH_BASIC,CH_MOBILE,,2025-12-08,692.72,1.0736,SENT,
QUO_0000004680,CUST_00008488,PROD_PET_STANDARD,CH_EMAIL,,2024-11-05,357.5,0.9365,SENT,
QUO_0000004681,CUST_00008489,PROD_HEALTH_PREMIUM,CH_MOBILE,,2024-05-22,1397.25,1.0452,DECLINED,
QUO_0000004682,CUST_00008491,PROD_AUTO_STANDARD,CH_EMAIL,,2025-03-17,698.28,0.984,SENT,
QUO_0000004683,CUST_00008492,PROD_LIFE_PREMIUM,CH_EMAIL,,2023-04-15,952.23,0.8098,DECLINED,
QUO_0000004684,CUST_00008495,PROD_LIFE_BASIC,CH_MOBILE,,2025-04-07,233.04,1.0073,SENT,
QUO_0000004685,CUST_00008497,PROD_ACCIDENT_STANDARD,CH_EMAIL,,2025-04-04,210.95,1.0985,ACCEPTED,
QUO_0000004686,CUST_00008498,PROD_HEALTH_PREMIUM,CH_MOBILE,,2024-11-18,1366.15,0.9534,ACCEPTED,
QUO_0000004687,CUST_00008499,PROD_HOME_BASIC,CH_EMAIL,,2025-11-11,305.08,0.9528,DECLINED,
QUO_0000004688,CUST_00008500,PROD_AUTO_STANDARD,CH_EMAIL,,2022-09-20,702.96,1.123,SENT,
QUO_0000004689,CUST_00008502,PROD_AUTO_STANDARD,CH_MOBILE,,2024-07-14,777.82,0.9347,DECLINED,
QUO_0000004690,CUST_00008504,PROD_AUTO_PREMIUM,CH_EMAIL,,2025-06-13,1106.45,0.9432,SENT,
QUO_0000004691,CUST_00008506,PROD_LIFE_STANDARD,CH_MOBILE,,2025-05-11,369.55,1.0288,DECLINED,
QUO_0000004692,CUST_00008507,PROD_HOME_PREMIUM,CH_MOBILE,,2026-04-17,668.4,0.9817,EXPIRED,
QUO_0000004693,CUST_00008508,PROD_HOME_PREMIUM,CH_EMAIL,,2022-07-14,792.27,0.9822,EXPIRED,
QUO_0000004694,CUST_00008509,PROD_PET_STANDARD,CH_EMAIL,,2023-01-16,370.61,1.1211,EXPIRED,
QUO_0000004695,CUST_00008511,PROD_HOME_STANDARD,CH_EMAIL,,2026-03-31,562.35,0.9883,DECLINED,
QUO_0000004696,CUST_00008512,PROD_AUTO_BASIC,CH_MOBILE,,2025-03-24,600.08,0.978,SENT,
QUO_0000004697,CUST_00008514,PROD_AUTO_BASIC,CH_EMAIL,,2026-03-19,489.73,1.0269,ACCEPTED,
QUO_0000004698,CUST_00008516,PROD_AUTO_STANDARD,CH_EMAIL,,2024-10-17,756.67,1.1118,ACCEPTED,
QUO_0000004699,CUST_00008520,PROD_LIFE_BASIC,CH_EMAIL,,2024-06-12,252.6,0.8383,DECLINED,
QUO_0000004700,CUST_00008521,PROD_HEALTH_BASIC,CH_EMAIL,,2026-04-14,689.52,1.0414,DECLINED,
QUO_0000004701,CUST_00008525,PROD_TRAVEL_STANDARD,CH_MOBILE,,2022-10-12,151.42,0.65,DECLINED,
QUO_0000004702,CUST_00008527,PROD_HOME_BASIC,CH_EMAIL,,2025-05-19,305.63,0.797,SENT,
QUO_0000004703,CUST_00008528,PROD_AUTO_STANDARD,CH_EMAIL,,2023-11-18,872.71,0.996,ACCEPTED,
QUO_0000004704,CUST_00008529,PROD_ACCIDENT_STANDARD,CH_MOBILE,,2025-07-09,258.01,0.9374,DECLINED,
QUO_0000004705,CUST_00008531,PROD_TRAVEL_STANDARD,CH_MOBILE,,2022-03-16,163.34,0.8844,DECLINED,
QUO_0000004706,CUST_00008532,PROD_AUTO_BASIC,CH_EMAIL,,2026-03-10,603.79,0.9229,SENT,
QUO_0000004707,CUST_00008533,PROD_LIFE_STANDARD,CH_EMAIL,,2025-03-09,442.89,0.8586,SENT,
QUO_0000004708,CUST_00008536,PROD_AUTO_BASIC,CH_EMAIL,,2024-12-31,507.06,0.7784,SENT,
QUO_0000004709,CUST_00008537,PROD_LIFE_BASIC,CH_EMAIL,,2025-11-17,251.5,1.0907,DECLINED,
QUO_0000004710,CUST_00008538,PROD_AUTO_STANDARD,CH_EMAIL,,2026-05-17,693.72,1.0715,SENT,
QUO_0000004711,CUST_00008539,PROD_LIFE_BASIC,CH_EMAIL,,2021-09-22,237.02,0.7822,DECLINED,
QUO_0000004712,CUST_00008541,PROD_HEALTH_BASIC,CH_EMAIL,,2025-07-30,762.61,0.765,EXPIRED,
QUO_0000004713,CUST_00008543,PROD_HOME_PREMIUM,CH_WEB,,2024-06-25,743.91,1.0563,SENT,
QUO_0000004714,CUST_00008544,PROD_HOME_STANDARD,CH_EMAIL,,2024-07-01,530.13,0.6554,DECLINED,
QUO_0000004715,CUST_00008545,PROD_ACCIDENT_STANDARD,CH_MOBILE,,2023-01-25,270.48,0.9055,ACCEPTED,
QUO_0000004716,CUST_00008546,PROD_AUTO_BASIC,CH_MOBILE,,2022-06-26,611.89,0.9631,SENT,
QUO_0000004717,CUST_00008548,PROD_HOME_PREMIUM,CH_EMAIL,,2024-06-28,678.82,1.1395,SENT,
QUO_0000004718,CUST_00008549,PROD_ACCIDENT_STANDARD,CH_MOBILE,,2021-12-23,262.92,1.1155,DECLINED,
QUO_0000004719,CUST_00008553,PROD_ACCIDENT_STANDARD,CH_MOBILE,,2025-10-29,213.37,0.9087,SENT,
QUO_0000004720,CUST_00008556,PROD_HEALTH_STANDARD,CH_EMAIL,,2026-06-09,954.97,1.0402,DECLINED,
QUO_0000004721,CUST_00008557,PROD_HOME_BASIC,CH_EMAIL,,2026-05-23,274.12,0.8354,SENT,
QUO_0000004722,CUST_00008560,PROD_ACCIDENT_STANDARD,CH_MOBILE,,2026-04-07,209.16,1.0992,ACCEPTED,
QUO_0000004723,CUST_00008561,PROD_AUTO_STANDARD,CH_MOBILE,,2026-01-23,856.51,1.0167,EXPIRED,
QUO_0000004724,CUST_00008562,PROD_HEALTH_STANDARD,CH_EMAIL,,2024-01-01,1060.41,0.9373,ACCEPTED,
QUO_0000004725,CUST_00008564,PROD_HEALTH_PREMIUM,CH_MOBILE,,2023-11-25,1698.81,1.1282,DECLINED,
QUO_0000004726,CUST_00008566,PROD_HEALTH_STANDARD,CH_MOBILE,,2025-02-03,1068.89,1.0209,SENT,
QUO_0000004727,CUST_00008569,PROD_AUTO_STANDARD,CH_BROKER,,2026-06-04,890.29,0.7547,EXPIRED,
QUO_0000004728,CUST_00008570,PROD_PET_STANDARD,CH_EMAIL,,2025-04-17,365.76,0.7124,ACCEPTED,
QUO_0000004729,CUST_00008571,PROD_HEALTH_BASIC,CH_MOBILE,,2023-09-17,692.51,0.9245,EXPIRED,
QUO_0000004730,CUST_00008575,PROD_LIFE_STANDARD,CH_MOBILE,,2026-03-25,412.3,0.918,SENT,
QUO_0000004731,CUST_00008576,PROD_LIFE_BASIC,CH_MOBILE,,2025-04-21,210.8,0.9953,DECLINED,
QUO_0000004732,CUST_00008579,PROD_HOME_BASIC,CH_MOBILE,,2026-04-09,309.93,0.702,DECLINED,
QUO_0000004733,CUST_00008580,PROD_PET_STANDARD,CH_EMAIL,,2025-02-28,374.34,0.981,ACCEPTED,
QUO_0000004734,CUST_00008581,PROD_HOME_BASIC,CH_MOBILE,,2025-09-25,273.46,0.9886,DECLINED,
QUO_0000004735,CUST_00008582,PROD_HOME_PREMIUM,CH_MOBILE,,2026-05-27,740.2,0.9786,SENT,
QUO_0000004736,CUST_00008583,PROD_AUTO_STANDARD,CH_EMAIL,,2022-11-20,713.05,1.0654,ACCEPTED,
QUO_0000004737,CUST_00008586,PROD_ACCIDENT_STANDARD,CH_EMAIL,,2026-01-01,251.89,1.0837,ACCEPTED,
QUO_0000004738,CUST_00008587,PROD_HOME_STANDARD,CH_MOBILE,,2022-10-14,434.31,1.027,DECLINED,
QUO_0000004739,CUST_00008588,PROD_LIFE_BASIC,CH_EMAIL,,2023-05-26,213.09,1.0006,DECLINED,
QUO_0000004740,CUST_00008589,PROD_LIFE_PREMIUM,CH_EMAIL,,2025-10-30,917.1,0.9766,EXPIRED,
QUO_0000004741,CUST_00008591,PROD_HOME_PREMIUM,CH_CALL_CENTER,AGT_00133,2025-08-24,745.06,0.9106,SENT,
QUO_0000004742,CUST_00008594,PROD_HOME_STANDARD,CH_EMAIL,,2026-01-13,478.6,1.1511,SENT,
QUO_0000004743,CUST_00008596,PROD_HEALTH_PREMIUM,CH_EMAIL,,2023-02-25,1400.27,0.9924,SENT,
QUO_0000004744,CUST_00008597,PROD_TRAVEL_STANDARD,CH_EMAIL,,2024-12-23,150.43,1.2492,SENT,
QUO_0000004745,CUST_00008600,PROD_HOME_BASIC,CH_EMAIL,,2026-01-05,328.38,0.9011,ACCEPTED,
QUO_0000004746,CUST_00008601,PROD_AUTO_STANDARD,CH_EMAIL,,2024-03-05,790.28,0.9613,ACCEPTED,
QUO_0000004747,CUST_00008603,PROD_HEALTH_BASIC,CH_MOBILE,,2023-04-13,598.66,1.0301,DECLINED,
QUO_0000004748,CUST_00008604,PROD_HEALTH_BASIC,CH_MOBILE,,2023-08-19,681.56,1.0996,SENT,
QUO_0000004749,CUST_00008605,PROD_HOME_BASIC,CH_CALL_CENTER,AGT_00134,2026-06-20,314.96,0.865,DECLINED,
QUO_0000004750,CUST_00008607,PROD_HEALTH_BASIC,CH_EMAIL,,2024-06-13,781.72,0.8122,EXPIRED,
QUO_0000004751,CUST_00008608,PROD_TRAVEL_STANDARD,CH_MOBILE,,2022-03-10,158.73,1.0083,EXPIRED,
QUO_0000004752,CUST_00008611,PROD_PET_STANDARD,CH_EMAIL,,2025-05-29,320.46,1.2064,ACCEPTED,
QUO_0000004753,CUST_00008612,PROD_LIFE_STANDARD,CH_MOBILE,,2024-05-12,443.6,0.9253,EXPIRED,
QUO_0000004754,CUST_00008613,PROD_AUTO_BASIC,CH_MOBILE,,2026-03-21,562.15,1.2021,EXPIRED,
QUO_0000004755,CUST_00008615,PROD_LIFE_STANDARD,CH_EMAIL,,2021-12-18,493.7,1.0222,EXPIRED,
QUO_0000004756,CUST_00008617,PROD_LIFE_BASIC,CH_EMAIL,,2023-09-15,220.0,0.8757,EXPIRED,
QUO_0000004757,CUST_00008618,PROD_AUTO_PREMIUM,CH_EMAIL,,2024-02-18,1302.33,0.7569,ACCEPTED,
QUO_0000004758,CUST_00008619,PROD_HEALTH_PREMIUM,CH_EMAIL,,2021-06-20,1411.52,1.0852,EXPIRED,
QUO_0000004759,CUST_00008621,PROD_HOME_STANDARD,CH_EMAIL,,2025-10-15,449.73,0.8755,ACCEPTED,
QUO_0000004760,CUST_00008625,PROD_TRAVEL_STANDARD,CH_MOBILE,,2025-05-23,156.53,0.9569,EXPIRED,
QUO_0000004761,CUST_00008630,PROD_AUTO_BASIC,CH_EMAIL,,2026-05-06,532.57,0.9389,EXPIRED,
QUO_0000004762,CUST_00008631,PROD_HEALTH_BASIC,CH_EMAIL,,2023-01-13,789.68,1.2227,DECLINED,
QUO_0000004763,CUST_00008635,PROD_HEALTH_PREMIUM,CH_MOBILE,,2026-03-09,1554.76,0.9646,SENT,
QUO_0000004764,CUST_00008636,PROD_HEALTH_BASIC,CH_EMAIL,,2024-06-15,671.92,0.9498,SENT,
QUO_0000004765,CUST_00008639,PROD_AUTO_PREMIUM,CH_MOBILE,,2026-03-30,1232.3,1.0394,EXPIRED,
QUO_0000004766,CUST_00008640,PROD_AUTO_PREMIUM,CH_EMAIL,,2025-07-14,1103.91,1.0735,EXPIRED,
QUO_0000004767,CUST_00008643,PROD_AUTO_BASIC,CH_EMAIL,,2025-02-22,450.87,0.9429,DECLINED,
QUO_0000004768,CUST_00008644,PROD_PET_STANDARD,CH_MOBILE,,2026-04-21,315.81,0.9642,SENT,
QUO_0000004769,CUST_00008645,PROD_HEALTH_STANDARD,CH_MOBILE,,2026-04-07,924.57,0.9096,DECLINED,
QUO_0000004770,CUST_00008646,PROD_LIFE_BASIC,CH_EMAIL,,2023-07-01,274.86,0.9131,ACCEPTED,
QUO_0000004771,CUST_00008647,PROD_AUTO_STANDARD,CH_MOBILE,,2023-11-23,661.09,0.9623,DECLINED,
QUO_0000004772,CUST_00008649,PROD_HEALTH_PREMIUM,CH_MOBILE,,2022-07-25,1634.89,0.9261,ACCEPTED,
QUO_0000004773,CUST_00008650,PROD_LIFE_PREMIUM,CH_EMAIL,,2023-02-03,892.22,0.867,DECLINED,
QUO_0000004774,CUST_00008652,PROD_LIFE_BASIC,CH_WEB,,2025-02-27,241.2,1.0412,SENT,
QUO_0000004775,CUST_00008653,PROD_HEALTH_PREMIUM,CH_EMAIL,,2023-05-24,1673.34,0.9092,DECLINED,
QUO_0000004776,CUST_00008654,PROD_HEALTH_PREMIUM,CH_MOBILE,,2025-07-19,1318.87,0.9087,DECLINED,
QUO_0000004777,CUST_00008655,PROD_HEALTH_BASIC,CH_MOBILE,,2023-08-30,613.37,1.0161,EXPIRED,
QUO_0000004778,CUST_00008657,PROD_TRAVEL_STANDARD,CH_MOBILE,,2021-12-11,146.9,1.096,EXPIRED,
QUO_0000004779,CUST_00008659,PROD_AUTO_BASIC,CH_EMAIL,,2024-08-01,468.16,1.1465,DECLINED,
QUO_0000004780,CUST_00008662,PROD_HEALTH_PREMIUM,CH_EMAIL,,2025-05-25,1630.99,1.0242,SENT,
QUO_0000004781,CUST_00008663,PROD_HOME_BASIC,CH_MOBILE,,2026-04-19,312.46,0.8931,SENT,
QUO_0000004782,CUST_00008668,PROD_AUTO_BASIC,CH_MOBILE,,2025-03-18,502.35,0.9827,ACCEPTED,
QUO_0000004783,CUST_00008669,PROD_LIFE_STANDARD,CH_EMAIL,,2025-12-30,460.68,0.9102,SENT,
QUO_0000004784,CUST_00008670,PROD_HOME_PREMIUM,CH_MOBILE,,2026-05-06,800.89,0.9641,EXPIRED,
QUO_0000004785,CUST_00008671,PROD_PET_STANDARD,CH_MOBILE,,2025-10-04,366.65,0.9599,SENT,
QUO_0000004786,CUST_00008672,PROD_PET_STANDARD,CH_MOBILE,,2024-11-13,383.05,1.1,DECLINED,
QUO_0000004787,CUST_00008673,PROD_PET_STANDARD,CH_MOBILE,,2026-03-18,305.89,0.9899,DECLINED,
QUO_0000004788,CUST_00008675,PROD_HEALTH_PREMIUM,CH_EMAIL,,2025-04-17,1687.33,1.0483,SENT,
QUO_0000004789,CUST_00008677,PROD_HEALTH_PREMIUM,CH_MOBILE,,2023-05-25,1576.9,1.058,EXPIRED,
QUO_0000004790,CUST_00008678,PROD_HOME_BASIC,CH_MOBILE,,2023-08-27,355.8,1.1228,DECLINED,
QUO_0000004791,CUST_00008679,PROD_HEALTH_PREMIUM,CH_MOBILE,,2026-06-22,1476.63,0.9155,SENT,
QUO_0000004792,CUST_00008680,PROD_LIFE_STANDARD,CH_EMAIL,,2023-11-21,471.55,1.0441,EXPIRED,
QUO_0000004793,CUST_00008683,PROD_HEALTH_BASIC,CH_EMAIL,,2025-10-19,744.86,1.1321,ACCEPTED,
QUO_0000004794,CUST_00008684,PROD_TRAVEL_STANDARD,CH_MOBILE,,2021-02-09,160.38,0.9178,DECLINED,
QUO_0000004795,CUST_00008686,PROD_HEALTH_BASIC,CH_EMAIL,,2025-02-24,712.83,0.9398,DECLINED,
QUO_0000004796,CUST_00008689,PROD_HEALTH_BASIC,CH_MOBILE,,2026-03-30,685.45,1.1199,ACCEPTED,
QUO_0000004797,CUST_00008690,PROD_ACCIDENT_STANDARD,CH_EMAIL,,2022-05-22,235.62,1.0742,ACCEPTED,
QUO_0000004798,CUST_00008692,PROD_HOME_STANDARD,CH_EMAIL,,2025-09-19,536.79,1.0731,SENT,
QUO_0000004799,CUST_00008693,PROD_LIFE_PREMIUM,CH_MOBILE,,2023-02-04,845.86,0.8855,SENT,
QUO_0000004800,CUST_00008695,PROD_HEALTH_PREMIUM,CH_EMAIL,,2025-09-18,1491.61,0.9978,EXPIRED,
QUO_0000004801,CUST_00008700,PROD_HEALTH_PREMIUM,CH_MOBILE,,2025-07-01,1288.31,1.1185,SENT,
QUO_0000004802,CUST_00008701,PROD_HOME_STANDARD,CH_EMAIL,,2026-05-05,491.98,0.9346,SENT,
QUO_0000004803,CUST_00008702,PROD_LIFE_STANDARD,CH_MOBILE,,2024-07-08,435.0,1.0309,SENT,
QUO_0000004804,CUST_00008703,PROD_LIFE_STANDARD,CH_EMAIL,,2024-03-01,450.44,1.0231,ACCEPTED,
QUO_0000004805,CUST_00008704,PROD_AUTO_PREMIUM,CH_EMAIL,,2025-10-04,1213.78,1.0614,SENT,
QUO_0000004806,CUST_00008705,PROD_HOME_BASIC,CH_MOBILE,,2026-05-18,308.66,1.0776,DECLINED,
QUO_0000004807,CUST_00008707,PROD_HEALTH_BASIC,CH_EMAIL,,2023-09-01,783.41,0.8609,EXPIRED,
QUO_0000004808,CUST_00008708,PROD_AUTO_BASIC,CH_EMAIL,,2021-08-26,530.96,1.0962,EXPIRED,
QUO_0000004809,CUST_00008711,PROD_HOME_BASIC,CH_MOBILE,,2025-09-10,290.24,0.9415,SENT,
QUO_0000004810,CUST_00008712,PROD_LIFE_BASIC,CH_MOBILE,,2023-09-05,210.7,1.1396,EXPIRED,
QUO_0000004811,CUST_00008716,PROD_ACCIDENT_STANDARD,CH_MOBILE,,2022-06-21,261.85,0.8581,SENT,
QUO_0000004812,CUST_00008717,PROD_HEALTH_PREMIUM,CH_EMAIL,,2026-05-09,1636.77,0.8267,SENT,
QUO_0000004813,CUST_00008718,PROD_HEALTH_PREMIUM,CH_CALL_CENTER,,2026-02-12,1353.69,0.9812,SENT,
QUO_0000004814,CUST_00008720,PROD_PET_STANDARD,CH_MOBILE,,2023-01-06,304.18,0.8676,ACCEPTED,
QUO_0000004815,CUST_00008721,PROD_LIFE_BASIC,CH_MOBILE,,2026-05-31,223.06,0.9093,DECLINED,
QUO_0000004816,CUST_00008724,PROD_LIFE_PREMIUM,CH_MOBILE,,2023-11-27,927.97,1.1628,DECLINED,
QUO_0000004817,CUST_00008725,PROD_AUTO_PREMIUM,CH_MOBILE,,2025-01-06,1221.98,1.1616,EXPIRED,
QUO_0000004818,CUST_00008726,PROD_TRAVEL_STANDARD,CH_MOBILE,,2023-05-22,160.35,1.1197,SENT,
QUO_0000004819,CUST_00008727,PROD_LIFE_PREMIUM,CH_MOBILE,,2025-09-21,925.97,1.1817,EXPIRED,
QUO_0000004820,CUST_00008728,PROD_HOME_STANDARD,CH_MOBILE,,2026-03-08,504.03,0.9314,SENT,
QUO_0000004821,CUST_00008729,PROD_HEALTH_PREMIUM,CH_MOBILE,,2026-05-05,1501.21,1.019,DECLINED,
QUO_0000004822,CUST_00008731,PROD_ACCIDENT_STANDARD,CH_MOBILE,,2025-08-16,234.43,0.7459,EXPIRED,
QUO_0000004823,CUST_00008733,PROD_HOME_PREMIUM,CH_EMAIL,,2025-09-29,769.87,0.8888,ACCEPTED,
QUO_0000004824,CUST_00008734,PROD_LIFE_STANDARD,CH_WEB,,2024-04-04,382.42,1.2142,DECLINED,
QUO_0000004825,CUST_00008737,PROD_LIFE_BASIC,CH_EMAIL,,2026-03-25,277.48,0.9983,ACCEPTED,
QUO_0000004826,CUST_00008739,PROD_HEALTH_PREMIUM,CH_MOBILE,,2026-02-22,1693.07,0.9388,SENT,
QUO_0000004827,CUST_00008741,PROD_AUTO_PREMIUM,CH_EMAIL,,2024-07-14,1023.35,1.0574,DECLINED,
QUO_0000004828,CUST_00008744,PROD_LIFE_STANDARD,CH_EMAIL,,2022-05-24,386.18,0.8659,SENT,
QUO_0000004829,CUST_00008745,PROD_HEALTH_STANDARD,CH_MOBILE,,2024-06-03,850.64,1.1117,EXPIRED,
QUO_0000004830,CUST_00008747,PROD_AUTO_PREMIUM,CH_EMAIL,,2024-08-02,1093.24,0.967,SENT,
QUO_0000004831,CUST_00008750,PROD_LIFE_PREMIUM,CH_MOBILE,,2025-07-02,856.76,1.0235,SENT,
QUO_0000004832,CUST_00008752,PROD_TRAVEL_STANDARD,CH_EMAIL,,2026-05-02,164.9,0.8033,EXPIRED,
QUO_0000004833,CUST_00008753,PROD_AUTO_PREMIUM,CH_EMAIL,,2026-05-21,1218.73,0.9743,DECLINED,
QUO_0000004834,CUST_00008754,PROD_AUTO_PREMIUM,CH_EMAIL,,2023-04-26,1134.16,1.0236,ACCEPTED,
QUO_0000004835,CUST_00008755,PROD_LIFE_STANDARD,CH_EMAIL,,2022-07-17,404.87,0.9748,EXPIRED,
QUO_0000004836,CUST_00008757,PROD_AUTO_STANDARD,CH_EMAIL,,2026-02-10,812.33,0.9403,SENT,
QUO_0000004837,CUST_00008758,PROD_LIFE_STANDARD,CH_EMAIL,,2024-05-07,465.34,0.9915,DECLINED,
QUO_0000004838,CUST_00008759,PROD_AUTO_STANDARD,CH_MOBILE,,2026-01-08,725.39,0.846,SENT,
QUO_0000004839,CUST_00008760,PROD_HEALTH_BASIC,CH_EMAIL,,2023-12-23,625.88,1.2957,SENT,
QUO_0000004840,CUST_00008761,PROD_HOME_BASIC,CH_EMAIL,,2023-04-07,336.3,0.9282,DECLINED,
QUO_0000004841,CUST_00008763,PROD_PET_STANDARD,CH_EMAIL,,2026-05-01,363.58,0.9332,SENT,
QUO_0000004842,CUST_00008765,PROD_HEALTH_STANDARD,CH_EMAIL,,2023-06-21,1023.62,0.945,SENT,
QUO_0000004843,CUST_00008768,PROD_AUTO_BASIC,CH_MOBILE,,2025-06-15,495.78,0.8723,SENT,
QUO_0000004844,CUST_00008769,PROD_HEALTH_BASIC,CH_EMAIL,,2022-10-15,685.32,1.0628,SENT,
QUO_0000004845,CUST_00008770,PROD_HOME_PREMIUM,CH_MOBILE,,2025-12-31,732.22,1.0759,DECLINED,
QUO_0000004846,CUST_00008774,PROD_HOME_PREMIUM,CH_EMAIL,,2026-04-26,804.6,0.8403,DECLINED,
QUO_0000004847,CUST_00008776,PROD_LIFE_BASIC,CH_MOBILE,,2021-09-08,256.86,1.3313,SENT,
QUO_0000004848,CUST_00008780,PROD_HEALTH_BASIC,CH_MOBILE,,2023-06-30,688.22,0.8211,ACCEPTED,
QUO_0000004849,CUST_00008782,PROD_AUTO_BASIC,CH_MOBILE,,2024-06-09,449.79,0.9788,DECLINED,
QUO_0000004850,CUST_00008783,PROD_LIFE_STANDARD,CH_EMAIL,,2024-06-10,410.81,1.1104,DECLINED,
QUO_0000004851,CUST_00008785,PROD_HOME_PREMIUM,CH_EMAIL,,2025-08-02,744.87,0.887,SENT,
QUO_0000004852,CUST_00008786,PROD_AUTO_BASIC,CH_MOBILE,,2022-09-06,560.22,0.892,SENT,
QUO_0000004853,CUST_00008787,PROD_HOME_PREMIUM,CH_MOBILE,,2021-04-04,667.6,0.9191,DECLINED,
QUO_0000004854,CUST_00008788,PROD_PET_STANDARD,CH_MOBILE,,2022-09-27,303.55,1.182,DECLINED,
QUO_0000004855,CUST_00008792,PROD_AUTO_PREMIUM,CH_EMAIL,,2025-10-15,1013.54,1.0863,EXPIRED,
QUO_0000004856,CUST_00008795,PROD_ACCIDENT_STANDARD,CH_MOBILE,,2022-12-08,224.5,0.7979,DECLINED,
QUO_0000004857,CUST_00008796,PROD_AUTO_STANDARD,CH_EMAIL,,2025-11-28,848.05,0.9693,DECLINED,
QUO_0000004858,CUST_00008798,PROD_HEALTH_PREMIUM,CH_MOBILE,,2026-02-22,1745.95,0.8056,DECLINED,
QUO_0000004859,CUST_00008802,PROD_HEALTH_PREMIUM,CH_EMAIL,,2022-06-21,1278.67,0.65,SENT,
QUO_0000004860,CUST_00008803,PROD_ACCIDENT_STANDARD,CH_MOBILE,,2024-07-09,208.86,0.8724,EXPIRED,
QUO_0000004861,CUST_00008804,PROD_LIFE_STANDARD,CH_EMAIL,,2024-09-08,395.2,1.0405,SENT,
QUO_0000004862,CUST_00008805,PROD_AUTO_STANDARD,CH_EMAIL,,2026-02-15,755.96,0.9303,SENT,
QUO_0000004863,CUST_00008806,PROD_HEALTH_BASIC,CH_MOBILE,,2023-07-11,714.06,1.0543,SENT,
QUO_0000004864,CUST_00008807,PROD_AUTO_PREMIUM,CH_MOBILE,,2026-04-22,1004.42,0.7599,DECLINED,
QUO_0000004865,CUST_00008808,PROD_LIFE_BASIC,CH_EMAIL,,2023-01-05,238.0,1.0317,SENT,
QUO_0000004866,CUST_00008809,PROD_AUTO_PREMIUM,CH_EMAIL,,2025-05-29,1012.13,0.7929,DECLINED,
QUO_0000004867,CUST_00008810,PROD_TRAVEL_STANDARD,CH_MOBILE,,2022-05-20,126.33,0.9011,DECLINED,
QUO_0000004868,CUST_00008812,PROD_HEALTH_STANDARD,CH_EMAIL,,2024-05-23,1032.21,1.04,EXPIRED,
QUO_0000004869,CUST_00008813,PROD_HOME_BASIC,CH_MOBILE,,2024-12-24,284.32,0.8414,SENT,
QUO_0000004870,CUST_00008814,PROD_TRAVEL_STANDARD,CH_EMAIL,,2022-04-12,164.11,0.948,ACCEPTED,
QUO_0000004871,CUST_00008816,PROD_LIFE_PREMIUM,CH_MOBILE,,2025-08-27,954.36,1.2343,EXPIRED,
QUO_0000004872,CUST_00008820,PROD_ACCIDENT_STANDARD,CH_MOBILE,,2024-12-23,249.82,0.974,DECLINED,
QUO_0000004873,CUST_00008823,PROD_HEALTH_BASIC,CH_EMAIL,,2022-11-04,720.64,1.2289,ACCEPTED,
QUO_0000004874,CUST_00008827,PROD_ACCIDENT_STANDARD,CH_EMAIL,,2023-12-28,205.45,0.9289,SENT,
QUO_0000004875,CUST_00008828,PROD_HOME_PREMIUM,CH_EMAIL,,2024-08-18,698.08,1.0058,DECLINED,
QUO_0000004876,CUST_00008829,PROD_HOME_PREMIUM,CH_EMAIL,,2025-02-05,891.39,0.8849,EXPIRED,
QUO_0000004877,CUST_00008830,PROD_HEALTH_STANDARD,CH_EMAIL,,2026-03-26,865.99,1.0722,DECLINED,
QUO_0000004878,CUST_00008831,PROD_ACCIDENT_STANDARD,CH_EMAIL,,2026-02-15,225.12,0.991,EXPIRED,
QUO_0000004879,CUST_00008832,PROD_LIFE_BASIC,CH_MOBILE,,2023-05-06,243.65,0.9236,EXPIRED,
QUO_0000004880,CUST_00008833,PROD_AUTO_STANDARD,CH_EMAIL,,2026-04-11,769.15,1.0134,EXPIRED,
QUO_0000004881,CUST_00008834,PROD_AUTO_BASIC,CH_EMAIL,,2024-12-27,590.44,1.1102,DECLINED,
QUO_0000004882,CUST_00008836,PROD_HOME_PREMIUM,CH_MOBILE,,2024-12-21,881.12,1.0702,DECLINED,
QUO_0000004883,CUST_00008837,PROD_HEALTH_STANDARD,CH_EMAIL,,2023-10-21,1116.84,0.8331,EXPIRED,
QUO_0000004884,CUST_00008838,PROD_LIFE_STANDARD,CH_EMAIL,,2024-09-20,467.32,0.9373,SENT,
QUO_0000004885,CUST_00008839,PROD_LIFE_BASIC,CH_MOBILE,,2026-04-10,213.98,0.8931,SENT,
QUO_0000004886,CUST_00008841,PROD_HEALTH_BASIC,CH_EMAIL,,2023-08-17,742.7,0.8215,DECLINED,
QUO_0000004887,CUST_00008845,PROD_PET_STANDARD,CH_EMAIL,,2026-04-27,351.08,0.9179,SENT,
QUO_0000004888,CUST_00008846,PROD_PET_STANDARD,CH_MOBILE,,2026-02-22,350.01,1.101,DECLINED,
QUO_0000004889,CUST_00008847,PROD_TRAVEL_STANDARD,CH_MOBILE,,2025-04-18,166.35,0.9208,SENT,
QUO_0000004890,CUST_00008848,PROD_HEALTH_BASIC,CH_EMAIL,,2025-08-07,674.64,1.1514,SENT,
QUO_0000004891,CUST_00008849,PROD_HEALTH_BASIC,CH_EMAIL,,2025-11-02,713.03,0.8927,EXPIRED,
QUO_0000004892,CUST_00008850,PROD_ACCIDENT_STANDARD,CH_EMAIL,,2025-06-10,240.02,0.8453,DECLINED,
QUO_0000004893,CUST_00008851,PROD_HEALTH_PREMIUM,CH_MOBILE,,2023-05-13,1601.97,0.9206,SENT,
QUO_0000004894,CUST_00008856,PROD_HOME_BASIC,CH_MOBILE,,2021-12-17,276.26,0.8032,EXPIRED,
QUO_0000004895,CUST_00008857,PROD_LIFE_PREMIUM,CH_MOBILE,,2026-02-15,752.97,1.1411,EXPIRED,
QUO_0000004896,CUST_00008858,PROD_HOME_PREMIUM,CH_MOBILE,,2025-12-15,746.16,0.8609,SENT,
QUO_0000004897,CUST_00008859,PROD_AUTO_PREMIUM,CH_MOBILE,,2026-02-24,1306.24,1.0335,DECLINED,
QUO_0000004898,CUST_00008860,PROD_AUTO_PREMIUM,CH_EMAIL,,2026-05-22,1285.85,0.7998,SENT,
QUO_0000004899,CUST_00008861,PROD_TRAVEL_STANDARD,CH_EMAIL,,2026-04-27,127.21,0.9771,SENT,
QUO_0000004900,CUST_00008864,PROD_TRAVEL_STANDARD,CH_EMAIL,,2023-10-29,159.31,1.0217,ACCEPTED,
QUO_0000004901,CUST_00008866,PROD_LIFE_PREMIUM,CH_EMAIL,,2025-08-13,748.68,1.0395,SENT,
QUO_0000004902,CUST_00008867,PROD_LIFE_BASIC,CH_EMAIL,,2026-04-05,261.27,1.0393,EXPIRED,
QUO_0000004903,CUST_00008870,PROD_LIFE_STANDARD,CH_MOBILE,,2021-06-12,455.17,0.9326,DECLINED,
QUO_0000004904,CUST_00008871,PROD_AUTO_BASIC,CH_MOBILE,,2025-08-21,517.33,0.9733,EXPIRED,
QUO_0000004905,CUST_00008873,PROD_HEALTH_PREMIUM,CH_EMAIL,,2024-04-14,1616.42,1.1631,DECLINED,
QUO_0000004906,CUST_00008874,PROD_LIFE_STANDARD,CH_EMAIL,,2023-11-04,467.3,0.811,ACCEPTED,
QUO_0000004907,CUST_00008875,PROD_LIFE_STANDARD,CH_EMAIL,,2026-06-22,394.83,1.03,SENT,
QUO_0000004908,CUST_00008876,PROD_HOME_STANDARD,CH_MOBILE,,2025-12-27,564.67,0.7603,EXPIRED,
QUO_0000004909,CUST_00008878,PROD_AUTO_BASIC,CH_EMAIL,,2022-11-26,583.39,0.7421,SENT,
QUO_0000004910,CUST_00008879,PROD_LIFE_BASIC,CH_MOBILE,,2026-01-07,208.96,0.8834,ACCEPTED,
QUO_0000004911,CUST_00008880,PROD_HOME_PREMIUM,CH_MOBILE,,2023-07-10,680.2,1.0685,ACCEPTED,
QUO_0000004912,CUST_00008881,PROD_HOME_BASIC,CH_EMAIL,,2026-05-22,335.02,0.7583,EXPIRED,
QUO_0000004913,CUST_00008882,PROD_AUTO_PREMIUM,CH_MOBILE,,2025-06-02,1289.76,1.001,SENT,
QUO_0000004914,CUST_00008883,PROD_AUTO_BASIC,CH_EMAIL,,2026-04-09,482.95,0.9631,SENT,
QUO_0000004915,CUST_00008885,PROD_LIFE_STANDARD,CH_MOBILE,,2025-08-22,431.5,1.0045,EXPIRED,
QUO_0000004916,CUST_00008886,PROD_PET_STANDARD,CH_EMAIL,,2024-11-11,360.2,0.9501,ACCEPTED,
QUO_0000004917,CUST_00008888,PROD_PET_STANDARD,CH_EMAIL,,2025-12-23,324.39,1.0091,DECLINED,
QUO_0000004918,CUST_00008889,PROD_HEALTH_PREMIUM,CH_EMAIL,,2026-01-28,1301.23,0.9906,ACCEPTED,
QUO_0000004919,CUST_00008890,PROD_HOME_STANDARD,CH_MOBILE,,2025-07-14,500.73,1.0134,ACCEPTED,
QUO_0000004920,CUST_00008891,PROD_ACCIDENT_STANDARD,CH_EMAIL,,2024-09-26,248.44,1.0173,ACCEPTED,
QUO_0000004921,CUST_00008892,PROD_PET_STANDARD,CH_EMAIL,,2022-04-06,364.64,1.0337,SENT,
QUO_0000004922,CUST_00008893,PROD_LIFE_BASIC,CH_MOBILE,,2026-01-08,234.49,0.8325,SENT,
QUO_0000004923,CUST_00008894,PROD_AUTO_STANDARD,CH_EMAIL,,2023-08-03,877.01,0.9845,ACCEPTED,
QUO_0000004924,CUST_00008895,PROD_HOME_PREMIUM,CH_MOBILE,,2021-08-18,859.64,0.9552,EXPIRED,
QUO_0000004925,CUST_00008897,PROD_HOME_BASIC,CH_MOBILE,,2022-11-12,316.08,1.03,DECLINED,
QUO_0000004926,CUST_00008898,PROD_AUTO_BASIC,CH_EMAIL,,2025-12-16,450.22,0.9508,SENT,
QUO_0000004927,CUST_00008899,PROD_AUTO_PREMIUM,CH_EMAIL,,2025-02-03,1086.44,1.0096,SENT,
QUO_0000004928,CUST_00008900,PROD_HEALTH_BASIC,CH_EMAIL,,2024-04-23,585.97,0.9771,SENT,
QUO_0000004929,CUST_00008901,PROD_LIFE_BASIC,CH_EMAIL,,2024-08-24,217.71,0.9493,EXPIRED,
QUO_0000004930,CUST_00008902,PROD_AUTO_STANDARD,CH_CALL_CENTER,AGT_00133,2026-01-19,878.11,0.9553,DECLINED,
QUO_0000004931,CUST_00008904,PROD_HEALTH_BASIC,CH_EMAIL,,2023-10-23,664.43,0.9259,DECLINED,
QUO_0000004932,CUST_00008905,PROD_ACCIDENT_STANDARD,CH_EMAIL,,2023-10-06,229.69,0.9223,SENT,
QUO_0000004933,CUST_00008906,PROD_LIFE_BASIC,CH_MOBILE,,2024-08-01,275.82,0.9994,SENT,
QUO_0000004934,CUST_00008913,PROD_LIFE_PREMIUM,CH_EMAIL,,2025-05-09,1002.17,1.0333,EXPIRED,
QUO_0000004935,CUST_00008914,PROD_ACCIDENT_STANDARD,CH_MOBILE,,2023-06-10,198.86,1.1112,DECLINED,
QUO_0000004936,CUST_00008915,PROD_ACCIDENT_STANDARD,CH_EMAIL,,2025-07-19,234.96,1.1131,EXPIRED,
QUO_0000004937,CUST_00008916,PROD_AUTO_PREMIUM,CH_MOBILE,,2024-05-13,1266.98,0.8734,EXPIRED,
QUO_0000004938,CUST_00008918,PROD_HOME_BASIC,CH_MOBILE,,2025-09-28,307.0,0.8901,SENT,
QUO_0000004939,CUST_00008919,PROD_LIFE_PREMIUM,CH_EMAIL,,2024-04-12,758.52,1.1335,SENT,
QUO_0000004940,CUST_00008922,PROD_LIFE_STANDARD,CH_EMAIL,,2024-09-26,482.37,1.0269,DECLINED,
QUO_0000004941,CUST_00008924,PROD_PET_STANDARD,CH_MOBILE,,2022-03-11,397.19,0.8021,EXPIRED,
QUO_0000004942,CUST_00008927,PROD_LIFE_STANDARD,CH_MOBILE,,2026-01-25,469.22,0.9626,EXPIRED,
QUO_0000004943,CUST_00008930,PROD_TRAVEL_STANDARD,CH_MOBILE,,2024-02-11,148.01,1.0341,DECLINED,
QUO_0000004944,CUST_00008933,PROD_HEALTH_BASIC,CH_EMAIL,,2026-03-02,709.78,0.9914,DECLINED,
QUO_0000004945,CUST_00008938,PROD_ACCIDENT_STANDARD,CH_EMAIL,,2024-05-13,201.16,0.9318,SENT,
QUO_0000004946,CUST_00008940,PROD_TRAVEL_STANDARD,CH_MOBILE,,2021-05-16,141.41,0.9368,ACCEPTED,
QUO_0000004947,CUST_00008941,PROD_LIFE_STANDARD,CH_EMAIL,,2024-06-12,379.56,0.7393,EXPIRED,
QUO_0000004948,CUST_00008943,PROD_LIFE_STANDARD,CH_MOBILE,,2023-10-09,432.33,0.849,DECLINED,
QUO_0000004949,CUST_00008947,PROD_AUTO_BASIC,CH_EMAIL,,2026-02-08,550.81,0.8705,DECLINED,
QUO_0000004950,CUST_00008948,PROD_HOME_BASIC,CH_MOBILE,,2024-04-30,330.99,1.1535,SENT,
QUO_0000004951,CUST_00008949,PROD_HEALTH_BASIC,CH_MOBILE,,2026-03-14,786.0,1.0057,DECLINED,
QUO_0000004952,CUST_00008950,PROD_LIFE_BASIC,CH_EMAIL,,2026-02-07,245.37,1.153,DECLINED,
QUO_0000004953,CUST_00008952,PROD_TRAVEL_STANDARD,CH_CALL_CENTER,AGT_00154,2025-05-11,170.27,1.2156,SENT,
QUO_0000004954,CUST_00008954,PROD_AUTO_BASIC,CH_EMAIL,,2025-10-22,447.41,1.1636,SENT,
QUO_0000004955,CUST_00008955,PROD_AUTO_PREMIUM,CH_EMAIL,,2023-04-30,1174.61,0.9419,SENT,
QUO_0000004956,CUST_00008958,PROD_TRAVEL_STANDARD,CH_WEB,,2021-09-01,154.84,0.9132,SENT,
QUO_0000004957,CUST_00008959,PROD_AUTO_STANDARD,CH_MOBILE,,2025-10-25,893.4,1.052,DECLINED,
QUO_0000004958,CUST_00008961,PROD_PET_STANDARD,CH_EMAIL,,2025-11-10,320.76,0.9571,SENT,
QUO_0000004959,CUST_00008962,PROD_LIFE_BASIC,CH_MOBILE,,2025-03-11,239.78,1.0221,SENT,
QUO_0000004960,CUST_00008963,PROD_LIFE_PREMIUM,CH_MOBILE,,2021-01-31,838.94,0.9082,DECLINED,
QUO_0000004961,CUST_00008965,PROD_AUTO_PREMIUM,CH_WEB,,2023-07-09,1109.04,0.9264,ACCEPTED,
QUO_0000004962,CUST_00008966,PROD_AUTO_PREMIUM,CH_EMAIL,,2025-10-04,1164.01,0.9313,DECLINED,
QUO_0000004963,CUST_00008968,PROD_HOME_STANDARD,CH_EMAIL,,2026-03-09,441.23,0.7606,DECLINED,
QUO_0000004964,CUST_00008969,PROD_HEALTH_BASIC,CH_EMAIL,,2023-10-11,665.64,0.8664,DECLINED,
QUO_0000004965,CUST_00008970,PROD_HEALTH_STANDARD,CH_EMAIL,,2025-03-13,980.33,0.8525,DECLINED,
QUO_0000004966,CUST_00008971,PROD_AUTO_PREMIUM,CH_EMAIL,,2025-07-27,1005.85,1.0895,SENT,
QUO_0000004967,CUST_00008974,PROD_HOME_PREMIUM,CH_EMAIL,,2023-04-12,857.16,0.9204,SENT,
QUO_0000004968,CUST_00008977,PROD_HOME_STANDARD,CH_EMAIL,,2026-05-22,557.42,1.0993,EXPIRED,
QUO_0000004969,CUST_00008978,PROD_HOME_PREMIUM,CH_EMAIL,,2026-04-11,721.56,0.9384,DECLINED,
QUO_0000004970,CUST_00008980,PROD_HEALTH_PREMIUM,CH_MOBILE,,2025-12-17,1612.43,0.9859,DECLINED,
QUO_0000004971,CUST_00008986,PROD_ACCIDENT_STANDARD,CH_MOBILE,,2025-12-19,205.78,0.7884,SENT,
QUO_0000004972,CUST_00008987,PROD_HOME_BASIC,CH_EMAIL,,2026-04-18,270.42,0.9397,ACCEPTED,
QUO_0000004973,CUST_00008989,PROD_PET_STANDARD,CH_WEB,,2022-05-12,330.53,1.0384,DECLINED,
QUO_0000004974,CUST_00008990,PROD_LIFE_PREMIUM,CH_MOBILE,,2023-07-07,993.07,1.0387,ACCEPTED,
QUO_0000004975,CUST_00008991,PROD_HOME_PREMIUM,CH_MOBILE,,2024-09-04,676.66,0.7619,SENT,
QUO_0000004976,CUST_00008995,PROD_AUTO_STANDARD,CH_MOBILE,,2024-04-28,857.81,1.1995,DECLINED,
QUO_0000004977,CUST_00008996,PROD_ACCIDENT_STANDARD,CH_EMAIL,,2023-09-17,245.35,0.9303,EXPIRED,
QUO_0000004978,CUST_00009001,PROD_LIFE_STANDARD,CH_BROKER,,2024-08-11,395.4,0.9588,DECLINED,
QUO_0000004979,CUST_00009002,PROD_HOME_BASIC,CH_EMAIL,,2024-06-01,284.27,0.9036,DECLINED,
QUO_0000004980,CUST_00009003,PROD_AUTO_BASIC,CH_BROKER,,2025-03-15,530.05,1.0238,ACCEPTED,
QUO_0000004981,CUST_00009004,PROD_HOME_BASIC,CH_EMAIL,,2025-08-05,268.22,0.7199,DECLINED,
QUO_0000004982,CUST_00009005,PROD_AUTO_PREMIUM,CH_CALL_CENTER,AGT_00098,2025-12-02,1129.1,1.0513,SENT,
QUO_0000004983,CUST_00009006,PROD_HOME_BASIC,CH_EMAIL,,2023-07-12,326.11,0.8517,SENT,
QUO_0000004984,CUST_00009007,PROD_HOME_PREMIUM,CH_EMAIL,,2023-06-01,744.19,0.8486,EXPIRED,
QUO_0000004985,CUST_00009008,PROD_LIFE_PREMIUM,CH_MOBILE,,2025-09-10,865.12,0.9109,SENT,
QUO_0000004986,CUST_00009010,PROD_LIFE_BASIC,CH_MOBILE,,2022-06-05,231.19,0.9764,EXPIRED,
QUO_0000004987,CUST_00009011,PROD_PET_STANDARD,CH_EMAIL,,2023-07-05,377.77,1.1409,EXPIRED,
QUO_0000004988,CUST_00009012,PROD_ACCIDENT_STANDARD,CH_EMAIL,,2025-09-02,220.91,1.0258,SENT,
QUO_0000004989,CUST_00009013,PROD_TRAVEL_STANDARD,CH_EMAIL,,2026-04-29,157.99,0.9166,SENT,
QUO_0000004990,CUST_00009020,PROD_PET_STANDARD,CH_EMAIL,,2023-06-24,386.85,0.7686,SENT,
QUO_0000004991,CUST_00009022,PROD_PET_STANDARD,CH_MOBILE,,2026-03-12,372.37,1.2135,EXPIRED,
QUO_0000004992,CUST_00009025,PROD_AUTO_BASIC,CH_EMAIL,,2025-06-08,502.77,1.0759,DECLINED,
QUO_0000004993,CUST_00009026,PROD_AUTO_PREMIUM,CH_MOBILE,,2024-10-26,1210.34,0.8465,DECLINED,
QUO_0000004994,CUST_00009027,PROD_HEALTH_PREMIUM,CH_EMAIL,,2024-09-01,1422.54,0.8869,EXPIRED,
QUO_0000004995,CUST_00009031,PROD_AUTO_PREMIUM,CH_EMAIL,,2022-09-11,964.16,0.8577,DECLINED,
QUO_0000004996,CUST_00009032,PROD_LIFE_PREMIUM,CH_MOBILE,,2020-11-12,793.55,0.7586,DECLINED,
QUO_0000004997,CUST_00009033,PROD_PET_STANDARD,CH_MOBILE,,2025-05-25,340.2,1.0712,SENT,
QUO_0000004998,CUST_00009035,PROD_HEALTH_STANDARD,CH_MOBILE,,2025-06-22,1120.16,1.2255,DECLINED,
QUO_0000004999,CUST_00009037,PROD_HEALTH_STANDARD,CH_EMAIL,,2024-11-28,1059.03,0.9094,SENT,
QUO_0000005000,CUST_00009038,PROD_LIFE_PREMIUM,CH_EMAIL,,2025-12-28,821.23,1.1503,EXPIRED,
QUO_0000005001,CUST_00009039,PROD_HOME_BASIC,CH_EMAIL,,2026-06-20,301.2,1.0057,SENT,
QUO_0000005002,CUST_00009040,PROD_LIFE_STANDARD,CH_CALL_CENTER,AGT_00154,2025-10-31,479.5,0.8964,SENT,
QUO_0000005003,CUST_00009043,PROD_HOME_PREMIUM,CH_EMAIL,,2026-03-02,764.05,0.9138,ACCEPTED,
QUO_0000005004,CUST_00009044,PROD_HEALTH_PREMIUM,CH_MOBILE,,2025-11-03,1490.31,0.8629,ACCEPTED,
QUO_0000005005,CUST_00009047,PROD_AUTO_PREMIUM,CH_MOBILE,,2025-10-14,1118.46,1.1308,SENT,
QUO_0000005006,CUST_00009051,PROD_TRAVEL_STANDARD,CH_CALL_CENTER,AGT_00105,2024-06-25,136.57,0.9006,ACCEPTED,
QUO_0000005007,CUST_00009052,PROD_HOME_STANDARD,CH_EMAIL,,2022-09-24,441.88,0.9328,ACCEPTED,
QUO_0000005008,CUST_00009059,PROD_HOME_STANDARD,CH_EMAIL,,2025-02-07,519.97,0.8467,EXPIRED,
QUO_0000005009,CUST_00009061,PROD_PET_STANDARD,CH_MOBILE,,2026-03-26,326.25,0.7975,ACCEPTED,
QUO_0000005010,CUST_00009062,PROD_HOME_PREMIUM,CH_EMAIL,,2025-06-16,693.65,1.0687,DECLINED,
QUO_0000005011,CUST_00009063,PROD_ACCIDENT_STANDARD,CH_MOBILE,,2022-12-01,268.04,1.0591,SENT,
QUO_0000005012,CUST_00009064,PROD_LIFE_BASIC,CH_MOBILE,,2026-06-13,275.27,0.867,EXPIRED,
QUO_0000005013,CUST_00009066,PROD_LIFE_BASIC,CH_MOBILE,,2025-01-24,246.54,1.2696,SENT,
QUO_0000005014,CUST_00009068,PROD_AUTO_BASIC,CH_EMAIL,,2024-09-17,513.0,0.9714,DECLINED,
QUO_0000005015,CUST_00009069,PROD_AUTO_BASIC,CH_MOBILE,,2025-10-01,465.87,0.9998,DECLINED,
QUO_0000005016,CUST_00009070,PROD_HEALTH_BASIC,CH_MOBILE,,2025-08-23,745.18,0.9314,SENT,
QUO_0000005017,CUST_00009071,PROD_AUTO_BASIC,CH_MOBILE,,2024-10-20,603.47,0.9651,DECLINED,
QUO_0000005018,CUST_00009074,PROD_LIFE_PREMIUM,CH_EMAIL,,2025-03-04,907.94,1.0342,DECLINED,
QUO_0000005019,CUST_00009075,PROD_LIFE_BASIC,CH_EMAIL,,2026-06-04,265.19,1.0567,ACCEPTED,
QUO_0000005020,CUST_00009076,PROD_ACCIDENT_STANDARD,CH_EMAIL,,2025-12-31,249.52,0.9595,SENT,
QUO_0000005021,CUST_00009082,PROD_HOME_STANDARD,CH_EMAIL,,2026-03-07,507.33,1.0443,DECLINED,
QUO_0000005022,CUST_00009083,PROD_AUTO_STANDARD,CH_EMAIL,,2025-11-08,821.23,1.07,DECLINED,
QUO_0000005023,CUST_00009084,PROD_HEALTH_PREMIUM,CH_EMAIL,,2025-01-15,1352.13,0.9596,ACCEPTED,
QUO_0000005024,CUST_00009087,PROD_HOME_BASIC,CH_EMAIL,,2025-06-13,341.67,1.0737,ACCEPTED,
QUO_0000005025,CUST_00009088,PROD_PET_STANDARD,CH_EMAIL,,2025-07-14,394.05,1.0175,SENT,
QUO_0000005026,CUST_00009089,PROD_HOME_PREMIUM,CH_EMAIL,,2025-07-30,827.93,1.1311,DECLINED,
QUO_0000005027,CUST_00009091,PROD_LIFE_PREMIUM,CH_EMAIL,,2026-03-11,762.67,1.0568,SENT,
QUO_0000005028,CUST_00009092,PROD_HOME_PREMIUM,CH_MOBILE,,2024-06-26,895.7,0.9652,SENT,
QUO_0000005029,CUST_00009093,PROD_ACCIDENT_STANDARD,CH_MOBILE,,2025-07-22,238.87,0.9017,ACCEPTED,
QUO_0000005030,CUST_00009097,PROD_HEALTH_STANDARD,CH_EMAIL,,2025-07-07,1090.13,0.9489,EXPIRED,
QUO_0000005031,CUST_00009099,PROD_HOME_BASIC,CH_EMAIL,,2025-10-03,294.23,0.9927,SENT,
QUO_0000005032,CUST_00009101,PROD_AUTO_BASIC,CH_EMAIL,,2023-04-27,601.62,0.8873,DECLINED,
QUO_0000005033,CUST_00009102,PROD_HOME_PREMIUM,CH_EMAIL,,2024-05-24,807.93,1.0295,DECLINED,
QUO_0000005034,CUST_00009104,PROD_ACCIDENT_STANDARD,CH_CALL_CENTER,AGT_00072,2026-06-05,247.64,0.8682,ACCEPTED,
QUO_0000005035,CUST_00009107,PROD_LIFE_PREMIUM,CH_EMAIL,,2021-03-08,841.76,0.9085,SENT,
QUO_0000005036,CUST_00009109,PROD_AUTO_BASIC,CH_MOBILE,,2024-05-04,461.09,1.2394,SENT,
QUO_0000005037,CUST_00009112,PROD_HOME_STANDARD,CH_MOBILE,,2023-05-29,530.01,0.8899,DECLINED,
QUO_0000005038,CUST_00009113,PROD_AUTO_BASIC,CH_MOBILE,,2026-03-20,516.13,1.1239,SENT,
QUO_0000005039,CUST_00009114,PROD_LIFE_PREMIUM,CH_EMAIL,,2026-05-23,781.33,0.9505,DECLINED,
QUO_0000005040,CUST_00009119,PROD_LIFE_STANDARD,CH_MOBILE,,2026-05-25,434.18,1.2237,ACCEPTED,
QUO_0000005041,CUST_00009121,PROD_TRAVEL_STANDARD,CH_WEB,,2024-07-27,164.96,0.9158,DECLINED,
QUO_0000005042,CUST_00009122,PROD_AUTO_PREMIUM,CH_EMAIL,,2023-02-28,1036.16,0.8976,DECLINED,
QUO_0000005043,CUST_00009124,PROD_HEALTH_PREMIUM,CH_MOBILE,,2026-02-06,1642.41,0.9452,EXPIRED,
QUO_0000005044,CUST_00009125,PROD_HEALTH_BASIC,CH_MOBILE,,2023-12-24,696.75,1.0838,SENT,
QUO_0000005045,CUST_00009128,PROD_HOME_STANDARD,CH_EMAIL,,2025-06-23,500.96,0.866,SENT,
QUO_0000005046,CUST_00009129,PROD_HEALTH_PREMIUM,CH_MOBILE,,2024-12-23,1341.75,0.8035,DECLINED,
QUO_0000005047,CUST_00009130,PROD_HEALTH_STANDARD,CH_EMAIL,,2023-08-31,952.27,0.9744,ACCEPTED,
QUO_0000005048,CUST_00009131,PROD_LIFE_STANDARD,CH_MOBILE,,2025-02-13,406.11,1.0089,SENT,
QUO_0000005049,CUST_00009133,PROD_ACCIDENT_STANDARD,CH_EMAIL,,2021-07-01,206.68,1.0647,SENT,
QUO_0000005050,CUST_00009135,PROD_AUTO_STANDARD,CH_EMAIL,,2024-09-26,785.6,0.9586,DECLINED,
QUO_0000005051,CUST_00009136,PROD_HEALTH_PREMIUM,CH_EMAIL,,2025-11-26,1657.17,0.8943,EXPIRED,
QUO_0000005052,CUST_00009137,PROD_PET_STANDARD,CH_EMAIL,,2023-08-16,302.38,1.1362,DECLINED,
QUO_0000005053,CUST_00009140,PROD_ACCIDENT_STANDARD,CH_EMAIL,,2025-06-26,252.26,0.9883,DECLINED,
QUO_0000005054,CUST_00009142,PROD_LIFE_PREMIUM,CH_MOBILE,,2023-06-26,843.47,0.9265,DECLINED,
QUO_0000005055,CUST_00009144,PROD_HEALTH_BASIC,CH_EMAIL,,2026-03-15,692.81,1.0522,DECLINED,
QUO_0000005056,CUST_00009145,PROD_HOME_BASIC,CH_MOBILE,,2023-02-09,296.76,1.0473,EXPIRED,
QUO_0000005057,CUST_00009147,PROD_HOME_PREMIUM,CH_MOBILE,,2022-11-27,654.84,1.0019,EXPIRED,
QUO_0000005058,CUST_00009150,PROD_ACCIDENT_STANDARD,CH_EMAIL,,2022-11-28,231.75,0.7674,SENT,
QUO_0000005059,CUST_00009152,PROD_HOME_BASIC,CH_EMAIL,,2026-05-25,353.38,0.8565,SENT,
QUO_0000005060,CUST_00009153,PROD_HOME_BASIC,CH_EMAIL,,2024-08-29,307.6,1.0251,SENT,
QUO_0000005061,CUST_00009156,PROD_AUTO_BASIC,CH_EMAIL,,2021-10-24,526.67,0.843,ACCEPTED,
QUO_0000005062,CUST_00009159,PROD_HOME_PREMIUM,CH_EMAIL,,2024-09-12,675.15,1.0509,EXPIRED,
QUO_0000005063,CUST_00009160,PROD_TRAVEL_STANDARD,CH_EMAIL,,2024-05-13,131.52,1.1373,DECLINED,
QUO_0000005064,CUST_00009164,PROD_PET_STANDARD,CH_EMAIL,,2026-03-27,348.76,0.8236,SENT,
QUO_0000005065,CUST_00009165,PROD_HOME_BASIC,CH_EMAIL,,2025-10-28,272.02,1.0139,DECLINED,
QUO_0000005066,CUST_00009166,PROD_AUTO_PREMIUM,CH_EMAIL,,2021-05-21,970.82,1.3064,DECLINED,
QUO_0000005067,CUST_00009168,PROD_HEALTH_PREMIUM,CH_MOBILE,,2023-11-11,1357.18,1.1674,EXPIRED,
QUO_0000005068,CUST_00009169,PROD_HOME_PREMIUM,CH_EMAIL,,2026-03-09,732.65,1.0045,EXPIRED,
QUO_0000005069,CUST_00009171,PROD_HOME_BASIC,CH_CALL_CENTER,AGT_00154,2022-09-25,284.98,1.0255,ACCEPTED,
QUO_0000005070,CUST_00009176,PROD_LIFE_STANDARD,CH_MOBILE,,2025-06-03,487.25,1.2159,SENT,
QUO_0000005071,CUST_00009178,PROD_HOME_BASIC,CH_MOBILE,,2022-10-14,269.65,1.0563,DECLINED,
QUO_0000005072,CUST_00009179,PROD_HOME_STANDARD,CH_MOBILE,,2024-08-04,508.68,1.0072,SENT,
QUO_0000005073,CUST_00009181,PROD_TRAVEL_STANDARD,CH_EMAIL,,2025-11-30,152.85,0.9387,DECLINED,
QUO_0000005074,CUST_00009182,PROD_AUTO_STANDARD,CH_MOBILE,,2023-09-25,857.63,1.0385,ACCEPTED,
QUO_0000005075,CUST_00009183,PROD_LIFE_PREMIUM,CH_MOBILE,,2023-10-02,915.34,1.0707,DECLINED,
QUO_0000005076,CUST_00009184,PROD_ACCIDENT_STANDARD,CH_MOBILE,,2024-03-22,242.1,0.7741,SENT,
QUO_0000005077,CUST_00009186,PROD_HOME_BASIC,CH_EMAIL,,2026-04-20,295.42,0.9989,SENT,
QUO_0000005078,CUST_00009187,PROD_ACCIDENT_STANDARD,CH_CALL_CENTER,AGT_00086,2026-06-08,211.37,0.9367,EXPIRED,
QUO_0000005079,CUST_00009188,PROD_HEALTH_PREMIUM,CH_MOBILE,,2025-05-06,1551.24,1.1353,SENT,
QUO_0000005080,CUST_00009189,PROD_HOME_STANDARD,CH_EMAIL,,2024-11-16,552.22,0.9123,SENT,
QUO_0000005081,CUST_00009196,PROD_HOME_STANDARD,CH_MOBILE,,2026-05-25,493.92,1.066,ACCEPTED,
QUO_0000005082,CUST_00009197,PROD_AUTO_STANDARD,CH_EMAIL,,2026-04-06,844.91,1.0852,DECLINED,
QUO_0000005083,CUST_00009198,PROD_PET_STANDARD,CH_CALL_CENTER,AGT_00134,2025-05-08,376.26,0.9614,EXPIRED,
QUO_0000005084,CUST_00009200,PROD_LIFE_PREMIUM,CH_EMAIL,,2025-05-03,933.01,1.2839,DECLINED,
QUO_0000005085,CUST_00009202,PROD_HEALTH_STANDARD,CH_MOBILE,,2025-11-25,950.2,1.1076,ACCEPTED,
QUO_0000005086,CUST_00009206,PROD_LIFE_BASIC,CH_EMAIL,,2025-10-23,246.81,1.1491,DECLINED,
QUO_0000005087,CUST_00009207,PROD_HEALTH_STANDARD,CH_EMAIL,,2021-02-11,1127.52,1.1587,ACCEPTED,
QUO_0000005088,CUST_00009208,PROD_HEALTH_STANDARD,CH_EMAIL,,2024-02-05,1077.32,0.9675,SENT,
QUO_0000005089,CUST_00009210,PROD_HOME_PREMIUM,CH_EMAIL,,2023-02-02,667.36,0.7159,DECLINED,
QUO_0000005090,CUST_00009211,PROD_HEALTH_STANDARD,CH_MOBILE,,2024-02-29,993.63,1.0672,SENT,
QUO_0000005091,CUST_00009212,PROD_LIFE_STANDARD,CH_MOBILE,,2023-05-17,470.16,0.9545,DECLINED,
QUO_0000005092,CUST_00009213,PROD_PET_STANDARD,CH_EMAIL,,2023-07-14,373.55,0.9097,SENT,
QUO_0000005093,CUST_00009219,PROD_HOME_STANDARD,CH_MOBILE,,2024-04-13,504.76,1.1104,ACCEPTED,
QUO_0000005094,CUST_00009220,PROD_PET_STANDARD,CH_EMAIL,,2025-11-17,312.87,0.8295,DECLINED,
QUO_0000005095,CUST_00009222,PROD_HOME_STANDARD,CH_MOBILE,,2026-02-13,485.23,1.1305,DECLINED,
QUO_0000005096,CUST_00009225,PROD_HEALTH_STANDARD,CH_MOBILE,,2025-11-23,970.18,0.7898,ACCEPTED,
QUO_0000005097,CUST_00009226,PROD_ACCIDENT_STANDARD,CH_EMAIL,,2022-06-08,247.09,0.912,ACCEPTED,
QUO_0000005098,CUST_00009227,PROD_HOME_STANDARD,CH_MOBILE,,2024-12-25,439.43,1.1899,EXPIRED,
QUO_0000005099,CUST_00009229,PROD_PET_STANDARD,CH_MOBILE,,2024-03-02,359.39,1.0302,DECLINED,
QUO_0000005100,CUST_00009230,PROD_AUTO_PREMIUM,CH_MOBILE,,2023-11-25,1233.26,1.144,EXPIRED,
QUO_0000005101,CUST_00009231,PROD_AUTO_PREMIUM,CH_EMAIL,,2022-12-07,1064.53,0.9612,DECLINED,
QUO_0000005102,CUST_00009232,PROD_AUTO_STANDARD,CH_MOBILE,,2025-04-23,691.29,0.805,DECLINED,
QUO_0000005103,CUST_00009234,PROD_AUTO_STANDARD,CH_EMAIL,,2024-06-04,793.35,1.0638,DECLINED,
QUO_0000005104,CUST_00009235,PROD_HEALTH_BASIC,CH_EMAIL,,2024-11-01,735.27,0.884,EXPIRED,
QUO_0000005105,CUST_00009236,PROD_PET_STANDARD,CH_EMAIL,,2025-09-09,387.63,0.9952,SENT,
QUO_0000005106,CUST_00009237,PROD_HEALTH_PREMIUM,CH_MOBILE,,2023-01-30,1554.07,0.7258,SENT,
QUO_0000005107,CUST_00009241,PROD_PET_STANDARD,CH_MOBILE,,2026-01-04,339.77,1.006,SENT,
QUO_0000005108,CUST_00009244,PROD_HEALTH_STANDARD,CH_MOBILE,,2024-04-08,1142.13,1.2271,SENT,
QUO_0000005109,CUST_00009246,PROD_HOME_PREMIUM,CH_EMAIL,,2023-02-28,714.48,1.0704,EXPIRED,
QUO_0000005110,CUST_00009248,PROD_TRAVEL_STANDARD,CH_EMAIL,,2025-09-22,159.33,1.0437,SENT,
QUO_0000005111,CUST_00009250,PROD_AUTO_BASIC,CH_MOBILE,,2025-07-27,577.14,0.9188,DECLINED,
QUO_0000005112,CUST_00009251,PROD_LIFE_STANDARD,CH_MOBILE,,2022-12-11,487.41,0.9533,ACCEPTED,
QUO_0000005113,CUST_00009255,PROD_PET_STANDARD,CH_EMAIL,,2026-02-18,387.36,0.7869,ACCEPTED,
QUO_0000005114,CUST_00009256,PROD_PET_STANDARD,CH_EMAIL,,2023-02-19,370.51,0.8829,DECLINED,
QUO_0000005115,CUST_00009257,PROD_AUTO_BASIC,CH_EMAIL,,2025-05-27,582.11,1.1175,ACCEPTED,
QUO_0000005116,CUST_00009258,PROD_HEALTH_STANDARD,CH_EMAIL,,2024-09-11,1145.31,0.9383,EXPIRED,
QUO_0000005117,CUST_00009260,PROD_AUTO_BASIC,CH_EMAIL,,2026-04-30,518.43,0.8745,DECLINED,
QUO_0000005118,CUST_00009261,PROD_HOME_STANDARD,CH_EMAIL,,2025-03-15,508.75,0.8927,SENT,
QUO_0000005119,CUST_00009262,PROD_LIFE_BASIC,CH_MOBILE,,2025-04-13,211.18,0.9437,SENT,
QUO_0000005120,CUST_00009265,PROD_HEALTH_PREMIUM,CH_EMAIL,,2024-09-01,1554.92,0.937,EXPIRED,
QUO_0000005121,CUST_00009267,PROD_HOME_PREMIUM,CH_EMAIL,,2025-12-01,737.52,1.0812,SENT,
QUO_0000005122,CUST_00009268,PROD_HOME_PREMIUM,CH_MOBILE,,2025-01-03,796.12,1.1242,EXPIRED,
QUO_0000005123,CUST_00009269,PROD_TRAVEL_STANDARD,CH_EMAIL,,2026-03-13,150.41,0.9727,ACCEPTED,
QUO_0000005124,CUST_00009271,PROD_HEALTH_BASIC,CH_MOBILE,,2025-05-18,600.32,0.7678,SENT,
QUO_0000005125,CUST_00009274,PROD_HOME_STANDARD,CH_EMAIL,,2025-03-03,526.82,0.9672,SENT,
QUO_0000005126,CUST_00009275,PROD_LIFE_STANDARD,CH_WEB,,2026-01-15,422.66,1.2611,SENT,
QUO_0000005127,CUST_00009276,PROD_HOME_BASIC,CH_MOBILE,,2025-07-13,354.11,1.191,DECLINED,
QUO_0000005128,CUST_00009280,PROD_PET_STANDARD,CH_MOBILE,,2026-03-13,336.67,1.0532,ACCEPTED,
QUO_0000005129,CUST_00009281,PROD_HEALTH_PREMIUM,CH_EMAIL,,2025-05-18,1679.01,1.2019,DECLINED,
QUO_0000005130,CUST_00009283,PROD_LIFE_BASIC,CH_MOBILE,,2023-11-20,250.26,0.9478,SENT,
QUO_0000005131,CUST_00009284,PROD_LIFE_PREMIUM,CH_EMAIL,,2024-02-28,839.59,0.7025,SENT,
QUO_0000005132,CUST_00009286,PROD_LIFE_STANDARD,CH_EMAIL,,2025-12-19,455.82,1.2007,DECLINED,
QUO_0000005133,CUST_00009287,PROD_LIFE_STANDARD,CH_MOBILE,,2025-04-23,365.91,0.9763,ACCEPTED,
QUO_0000005134,CUST_00009292,PROD_HOME_BASIC,CH_MOBILE,,2025-01-08,270.77,1.0052,ACCEPTED,
QUO_0000005135,CUST_00009296,PROD_HEALTH_PREMIUM,CH_MOBILE,,2025-09-14,1451.18,1.0462,SENT,
QUO_0000005136,CUST_00009301,PROD_HOME_BASIC,CH_MOBILE,,2024-08-29,281.52,1.054,DECLINED,
QUO_0000005137,CUST_00009302,PROD_HEALTH_STANDARD,CH_MOBILE,,2026-02-24,912.42,1.0437,SENT,
QUO_0000005138,CUST_00009303,PROD_ACCIDENT_STANDARD,CH_EMAIL,,2025-01-24,265.82,0.9433,ACCEPTED,
QUO_0000005139,CUST_00009304,PROD_HEALTH_STANDARD,CH_EMAIL,,2024-09-23,923.7,1.0845,ACCEPTED,
QUO_0000005140,CUST_00009305,PROD_TRAVEL_STANDARD,CH_MOBILE,,2023-12-31,153.5,0.9852,SENT,
QUO_0000005141,CUST_00009306,PROD_LIFE_BASIC,CH_EMAIL,,2025-11-18,209.85,1.1534,SENT,
QUO_0000005142,CUST_00009308,PROD_AUTO_STANDARD,CH_EMAIL,,2025-03-16,741.02,0.9684,SENT,
QUO_0000005143,CUST_00009309,PROD_HEALTH_STANDARD,CH_MOBILE,,2026-06-30,1091.97,0.9778,DECLINED,
QUO_0000005144,CUST_00009311,PROD_HOME_PREMIUM,CH_MOBILE,,2025-03-11,731.7,1.0154,DECLINED,
QUO_0000005145,CUST_00009313,PROD_ACCIDENT_STANDARD,CH_EMAIL,,2024-07-16,257.94,0.9709,ACCEPTED,
QUO_0000005146,CUST_00009315,PROD_HEALTH_STANDARD,CH_MOBILE,,2022-11-17,995.07,0.8752,SENT,
QUO_0000005147,CUST_00009317,PROD_HEALTH_STANDARD,CH_EMAIL,,2025-10-26,1140.76,1.0747,EXPIRED,
QUO_0000005148,CUST_00009321,PROD_HEALTH_STANDARD,CH_MOBILE,,2023-01-29,930.78,0.8728,EXPIRED,
QUO_0000005149,CUST_00009323,PROD_AUTO_PREMIUM,CH_EMAIL,,2025-03-25,1136.78,1.0231,DECLINED,
QUO_0000005150,CUST_00009324,PROD_AUTO_STANDARD,CH_MOBILE,,2024-08-24,674.68,1.0681,SENT,
QUO_0000005151,CUST_00009326,PROD_LIFE_BASIC,CH_EMAIL,,2022-12-16,246.32,0.9921,EXPIRED,
QUO_0000005152,CUST_00009327,PROD_ACCIDENT_STANDARD,CH_MOBILE,,2021-09-10,255.41,1.0592,DECLINED,
QUO_0000005153,CUST_00009329,PROD_HEALTH_STANDARD,CH_MOBILE,,2025-02-12,995.28,0.9149,DECLINED,
QUO_0000005154,CUST_00009330,PROD_HOME_STANDARD,CH_EMAIL,,2025-02-17,476.71,0.9598,EXPIRED,
QUO_0000005155,CUST_00009331,PROD_HOME_PREMIUM,CH_BRANCH,AGT_00148,2026-02-08,660.25,1.1048,ACCEPTED,
QUO_0000005156,CUST_00009333,PROD_AUTO_STANDARD,CH_EMAIL,,2024-06-26,699.04,1.109,SENT,
QUO_0000005157,CUST_00009335,PROD_AUTO_PREMIUM,CH_EMAIL,,2023-02-28,1109.93,1.1776,DECLINED,
QUO_0000005158,CUST_00009336,PROD_AUTO_STANDARD,CH_MOBILE,,2026-06-02,766.94,1.1021,SENT,
QUO_0000005159,CUST_00009338,PROD_HEALTH_STANDARD,CH_MOBILE,,2022-03-12,1019.56,0.9027,ACCEPTED,
QUO_0000005160,CUST_00009339,PROD_AUTO_PREMIUM,CH_MOBILE,,2022-10-12,1127.68,1.2682,EXPIRED,
QUO_0000005161,CUST_00009340,PROD_ACCIDENT_STANDARD,CH_EMAIL,,2025-11-30,203.17,0.9153,EXPIRED,
QUO_0000005162,CUST_00009341,PROD_HEALTH_PREMIUM,CH_MOBILE,,2025-04-13,1375.52,0.9176,ACCEPTED,
QUO_0000005163,CUST_00009342,PROD_HOME_PREMIUM,CH_EMAIL,,2026-03-13,893.13,1.0315,SENT,
QUO_0000005164,CUST_00009347,PROD_LIFE_BASIC,CH_MOBILE,,2021-01-12,246.4,1.1401,SENT,
QUO_0000005165,CUST_00009348,PROD_ACCIDENT_STANDARD,CH_EMAIL,,2026-05-25,221.17,1.1485,SENT,
QUO_0000005166,CUST_00009349,PROD_LIFE_PREMIUM,CH_MOBILE,,2020-10-22,906.69,0.9238,ACCEPTED,
QUO_0000005167,CUST_00009350,PROD_AUTO_BASIC,CH_MOBILE,,2024-11-25,593.13,1.1734,SENT,
QUO_0000005168,CUST_00009351,PROD_LIFE_BASIC,CH_MOBILE,,2023-08-29,243.48,1.0382,EXPIRED,
QUO_0000005169,CUST_00009352,PROD_HOME_BASIC,CH_EMAIL,,2025-09-28,348.45,0.9156,SENT,
QUO_0000005170,CUST_00009354,PROD_AUTO_STANDARD,CH_MOBILE,,2025-06-03,658.05,1.05,EXPIRED,
QUO_0000005171,CUST_00009356,PROD_ACCIDENT_STANDARD,CH_EMAIL,,2026-02-26,209.51,1.0842,EXPIRED,
QUO_0000005172,CUST_00009358,PROD_LIFE_PREMIUM,CH_CALL_CENTER,AGT_00015,2023-11-02,932.69,0.9664,DECLINED,
QUO_0000005173,CUST_00009359,PROD_HOME_STANDARD,CH_MOBILE,,2025-12-18,545.79,1.1237,EXPIRED,
QUO_0000005174,CUST_00009360,PROD_LIFE_PREMIUM,CH_EMAIL,,2022-07-20,812.05,0.8064,SENT,
QUO_0000005175,CUST_00009361,PROD_LIFE_PREMIUM,CH_MOBILE,,2025-10-27,985.52,0.9907,DECLINED,
QUO_0000005176,CUST_00009363,PROD_LIFE_PREMIUM,CH_EMAIL,,2025-11-28,965.34,0.7409,EXPIRED,
QUO_0000005177,CUST_00009364,PROD_ACCIDENT_STANDARD,CH_EMAIL,,2023-12-01,236.9,1.1655,EXPIRED,
QUO_0000005178,CUST_00009365,PROD_HOME_BASIC,CH_MOBILE,,2024-12-29,270.72,0.8991,ACCEPTED,
QUO_0000005179,CUST_00009368,PROD_LIFE_STANDARD,CH_MOBILE,,2025-04-19,435.35,1.0796,EXPIRED,
QUO_0000005180,CUST_00009369,PROD_AUTO_BASIC,CH_EMAIL,,2026-02-27,514.74,0.9924,ACCEPTED,
QUO_0000005181,CUST_00009371,PROD_PET_STANDARD,CH_MOBILE,,2025-04-20,342.47,1.1051,ACCEPTED,
QUO_0000005182,CUST_00009374,PROD_LIFE_BASIC,CH_EMAIL,,2025-01-01,235.24,0.9742,SENT,
QUO_0000005183,CUST_00009375,PROD_HEALTH_BASIC,CH_MOBILE,,2025-12-18,621.52,1.172,ACCEPTED,
QUO_0000005184,CUST_00009379,PROD_HEALTH_STANDARD,CH_MOBILE,,2025-07-22,1084.84,1.1615,DECLINED,
QUO_0000005185,CUST_00009382,PROD_AUTO_STANDARD,CH_MOBILE,,2025-08-09,764.53,1.0876,ACCEPTED,
QUO_0000005186,CUST_00009383,PROD_HOME_BASIC,CH_MOBILE,,2025-11-30,314.51,0.849,ACCEPTED,
QUO_0000005187,CUST_00009386,PROD_HOME_BASIC,CH_EMAIL,,2025-03-08,273.41,0.9215,DECLINED,
QUO_0000005188,CUST_00009387,PROD_ACCIDENT_STANDARD,CH_MOBILE,,2023-09-01,237.14,0.9131,ACCEPTED,
QUO_0000005189,CUST_00009388,PROD_LIFE_BASIC,CH_EMAIL,,2023-06-06,218.75,0.8674,SENT,
QUO_0000005190,CUST_00009390,PROD_LIFE_BASIC,CH_EMAIL,,2022-10-15,208.44,0.9681,DECLINED,
QUO_0000005191,CUST_00009392,PROD_HOME_STANDARD,CH_MOBILE,,2022-08-02,479.95,1.2065,SENT,
QUO_0000005192,CUST_00009393,PROD_PET_STANDARD,CH_MOBILE,,2025-01-10,342.13,0.9942,ACCEPTED,
QUO_0000005193,CUST_00009394,PROD_AUTO_PREMIUM,CH_EMAIL,,2026-03-10,1076.47,1.0351,SENT,
QUO_0000005194,CUST_00009395,PROD_AUTO_BASIC,CH_CALL_CENTER,AGT_00141,2025-10-26,600.96,0.7407,SENT,
QUO_0000005195,CUST_00009397,PROD_HEALTH_PREMIUM,CH_EMAIL,,2025-06-14,1447.12,1.1813,EXPIRED,
QUO_0000005196,CUST_00009398,PROD_ACCIDENT_STANDARD,CH_MOBILE,,2026-05-16,239.66,0.9498,DECLINED,
QUO_0000005197,CUST_00009399,PROD_TRAVEL_STANDARD,CH_MOBILE,,2026-06-12,146.43,0.9919,EXPIRED,
QUO_0000005198,CUST_00009402,PROD_PET_STANDARD,CH_EMAIL,,2024-05-09,368.94,0.8794,SENT,
QUO_0000005199,CUST_00009406,PROD_HEALTH_STANDARD,CH_EMAIL,,2025-02-16,949.54,1.1165,SENT,
QUO_0000005200,CUST_00009407,PROD_HOME_BASIC,CH_MOBILE,,2023-03-05,311.97,0.65,SENT,
QUO_0000005201,CUST_00009408,PROD_PET_STANDARD,CH_EMAIL,,2026-05-31,336.91,0.8161,SENT,
QUO_0000005202,CUST_00009411,PROD_HOME_BASIC,CH_EMAIL,,2025-01-08,350.11,0.8845,DECLINED,
QUO_0000005203,CUST_00009412,PROD_LIFE_PREMIUM,CH_MOBILE,,2024-02-17,954.31,0.8994,DECLINED,
QUO_0000005204,CUST_00009418,PROD_TRAVEL_STANDARD,CH_MOBILE,,2025-09-09,126.51,0.9857,ACCEPTED,
QUO_0000005205,CUST_00009420,PROD_AUTO_BASIC,CH_MOBILE,,2022-10-15,580.96,1.0184,SENT,
QUO_0000005206,CUST_00009421,PROD_HOME_BASIC,CH_EMAIL,,2023-04-22,269.38,1.1664,SENT,
QUO_0000005207,CUST_00009422,PROD_HOME_STANDARD,CH_MOBILE,,2024-05-19,439.54,0.9942,ACCEPTED,
QUO_0000005208,CUST_00009424,PROD_LIFE_PREMIUM,CH_MOBILE,,2023-06-20,759.4,1.0672,SENT,
QUO_0000005209,CUST_00009427,PROD_ACCIDENT_STANDARD,CH_MOBILE,,2023-03-09,215.79,1.2341,SENT,
QUO_0000005210,CUST_00009428,PROD_HEALTH_BASIC,CH_EMAIL,,2026-05-04,708.85,0.9513,SENT,
QUO_0000005211,CUST_00009429,PROD_HEALTH_PREMIUM,CH_EMAIL,,2020-07-27,1273.75,0.8531,SENT,
QUO_0000005212,CUST_00009430,PROD_AUTO_STANDARD,CH_MOBILE,,2023-09-03,784.94,1.047,SENT,
QUO_0000005213,CUST_00009431,PROD_LIFE_PREMIUM,CH_EMAIL,,2025-04-15,985.52,0.9229,EXPIRED,
QUO_0000005214,CUST_00009433,PROD_LIFE_STANDARD,CH_EMAIL,,2024-10-01,456.63,1.0241,ACCEPTED,
QUO_0000005215,CUST_00009438,PROD_ACCIDENT_STANDARD,CH_MOBILE,,2020-12-09,258.2,0.7988,DECLINED,
QUO_0000005216,CUST_00009439,PROD_AUTO_BASIC,CH_MOBILE,,2025-06-04,550.56,1.0716,ACCEPTED,
QUO_0000005217,CUST_00009444,PROD_ACCIDENT_STANDARD,CH_MOBILE,,2023-12-14,264.12,0.8063,SENT,
QUO_0000005218,CUST_00009445,PROD_TRAVEL_STANDARD,CH_MOBILE,,2025-12-27,150.35,0.9218,EXPIRED,
QUO_0000005219,CUST_00009448,PROD_HOME_STANDARD,CH_EMAIL,,2022-09-24,429.55,0.9513,EXPIRED,
QUO_0000005220,CUST_00009451,PROD_HEALTH_BASIC,CH_MOBILE,,2026-03-11,788.83,1.0733,ACCEPTED,
QUO_0000005221,CUST_00009453,PROD_ACCIDENT_STANDARD,CH_EMAIL,,2024-11-28,241.5,1.0212,ACCEPTED,
QUO_0000005222,CUST_00009457,PROD_HEALTH_PREMIUM,CH_EMAIL,,2024-02-15,1487.92,0.9142,SENT,
QUO_0000005223,CUST_00009459,PROD_AUTO_BASIC,CH_EMAIL,,2023-11-20,564.68,0.9909,SENT,
QUO_0000005224,CUST_00009463,PROD_HOME_STANDARD,CH_EMAIL,,2021-06-03,493.5,1.0066,DECLINED,
QUO_0000005225,CUST_00009464,PROD_ACCIDENT_STANDARD,CH_EMAIL,,2025-09-09,214.94,0.896,DECLINED,
QUO_0000005226,CUST_00009465,PROD_HOME_BASIC,CH_EMAIL,,2026-03-17,340.57,1.0867,DECLINED,
QUO_0000005227,CUST_00009466,PROD_LIFE_BASIC,CH_EMAIL,,2026-01-04,255.68,1.1621,SENT,
QUO_0000005228,CUST_00009468,PROD_HOME_PREMIUM,CH_MOBILE,,2021-12-12,669.54,0.9667,DECLINED,
QUO_0000005229,CUST_00009469,PROD_LIFE_STANDARD,CH_EMAIL,,2023-12-25,490.46,0.8591,EXPIRED,
QUO_0000005230,CUST_00009473,PROD_HOME_BASIC,CH_MOBILE,,2023-08-18,353.03,0.9812,SENT,
QUO_0000005231,CUST_00009474,PROD_HEALTH_BASIC,CH_EMAIL,,2026-04-28,756.26,1.1004,ACCEPTED,
QUO_0000005232,CUST_00009478,PROD_HEALTH_PREMIUM,CH_MOBILE,,2026-06-13,1298.85,0.9531,DECLINED,
QUO_0000005233,CUST_00009480,PROD_HOME_BASIC,CH_MOBILE,,2026-02-08,348.95,0.9662,ACCEPTED,
QUO_0000005234,CUST_00009482,PROD_HOME_PREMIUM,CH_MOBILE,,2022-12-21,861.67,1.0116,SENT,
QUO_0000005235,CUST_00009483,PROD_HOME_PREMIUM,CH_MOBILE,,2024-08-20,807.2,1.0511,DECLINED,
QUO_0000005236,CUST_00009484,PROD_HEALTH_PREMIUM,CH_MOBILE,,2026-01-19,1338.52,1.1074,SENT,
QUO_0000005237,CUST_00009486,PROD_LIFE_STANDARD,CH_EMAIL,,2026-04-14,451.02,1.1547,SENT,
QUO_0000005238,CUST_00009487,PROD_LIFE_STANDARD,CH_EMAIL,,2024-11-13,433.53,0.8536,EXPIRED,
QUO_0000005239,CUST_00009492,PROD_AUTO_BASIC,CH_MOBILE,,2023-09-22,590.16,1.1239,SENT,
QUO_0000005240,CUST_00009495,PROD_HOME_PREMIUM,CH_EMAIL,,2025-08-20,734.43,1.0117,ACCEPTED,
QUO_0000005241,CUST_00009496,PROD_AUTO_STANDARD,CH_EMAIL,,2025-11-17,698.93,0.8428,DECLINED,
QUO_0000005242,CUST_00009497,PROD_TRAVEL_STANDARD,CH_EMAIL,,2024-02-15,155.6,1.0892,SENT,
QUO_0000005243,CUST_00009498,PROD_HEALTH_STANDARD,CH_EMAIL,,2021-12-17,1141.89,0.9535,EXPIRED,
QUO_0000005244,CUST_00009499,PROD_LIFE_PREMIUM,CH_EMAIL,,2024-07-10,990.62,0.8399,DECLINED,
QUO_0000005245,CUST_00009503,PROD_LIFE_BASIC,CH_MOBILE,,2022-12-08,213.04,0.8705,DECLINED,
QUO_0000005246,CUST_00009506,PROD_LIFE_PREMIUM,CH_MOBILE,,2022-12-28,923.29,0.9569,SENT,
QUO_0000005247,CUST_00009507,PROD_LIFE_STANDARD,CH_EMAIL,,2021-10-21,463.65,1.1971,DECLINED,
QUO_0000005248,CUST_00009510,PROD_LIFE_STANDARD,CH_EMAIL,,2026-05-24,451.82,0.9922,SENT,
QUO_0000005249,CUST_00009512,PROD_HOME_BASIC,CH_CALL_CENTER,AGT_00162,2024-08-28,364.18,1.0153,EXPIRED,
QUO_0000005250,CUST_00009513,PROD_AUTO_PREMIUM,CH_EMAIL,,2025-06-27,1128.5,1.0404,ACCEPTED,
QUO_0000005251,CUST_00009514,PROD_AUTO_PREMIUM,CH_EMAIL,,2026-06-28,1181.02,1.1273,DECLINED,
QUO_0000005252,CUST_00009515,PROD_HEALTH_PREMIUM,CH_EMAIL,,2024-11-12,1581.05,0.9537,DECLINED,
QUO_0000005253,CUST_00009517,PROD_PET_STANDARD,CH_EMAIL,,2025-11-17,333.77,0.6881,ACCEPTED,
QUO_0000005254,CUST_00009518,PROD_HOME_PREMIUM,CH_EMAIL,,2026-03-31,884.05,0.8713,EXPIRED,
QUO_0000005255,CUST_00009519,PROD_AUTO_BASIC,CH_EMAIL,,2024-11-08,530.77,0.8852,SENT,
QUO_0000005256,CUST_00009529,PROD_AUTO_STANDARD,CH_EMAIL,,2023-06-19,666.22,1.0596,SENT,
QUO_0000005257,CUST_00009531,PROD_HEALTH_BASIC,CH_EMAIL,,2025-03-12,793.49,0.9528,DECLINED,
QUO_0000005258,CUST_00009532,PROD_HEALTH_PREMIUM,CH_EMAIL,,2022-03-19,1565.06,1.1081,SENT,
QUO_0000005259,CUST_00009534,PROD_HEALTH_STANDARD,CH_CALL_CENTER,AGT_00042,2026-03-16,1005.05,0.8945,SENT,
QUO_0000005260,CUST_00009535,PROD_ACCIDENT_STANDARD,CH_MOBILE,,2021-09-12,262.43,1.0053,DECLINED,
QUO_0000005261,CUST_00009536,PROD_AUTO_BASIC,CH_MOBILE,,2025-04-28,584.92,0.8236,EXPIRED,
QUO_0000005262,CUST_00009537,PROD_AUTO_STANDARD,CH_MOBILE,,2022-07-26,840.3,1.021,DECLINED,
QUO_0000005263,CUST_00009538,PROD_LIFE_PREMIUM,CH_EMAIL,,2026-05-08,799.94,0.885,DECLINED,
QUO_0000005264,CUST_00009539,PROD_LIFE_STANDARD,CH_EMAIL,,2022-06-28,413.37,0.8967,ACCEPTED,
QUO_0000005265,CUST_00009541,PROD_LIFE_STANDARD,CH_EMAIL,,2026-06-02,447.54,0.8784,SENT,
QUO_0000005266,CUST_00009543,PROD_ACCIDENT_STANDARD,CH_EMAIL,,2025-11-08,255.65,0.8937,EXPIRED,
QUO_0000005267,CUST_00009544,PROD_HOME_BASIC,CH_EMAIL,,2026-04-07,306.95,1.0511,DECLINED,
QUO_0000005268,CUST_00009545,PROD_PET_STANDARD,CH_EMAIL,,2023-11-14,295.34,0.9144,SENT,
QUO_0000005269,CUST_00009546,PROD_HEALTH_BASIC,CH_EMAIL,,2026-05-04,705.42,0.9294,DECLINED,
QUO_0000005270,CUST_00009548,PROD_LIFE_BASIC,CH_EMAIL,,2025-04-20,241.81,0.8056,SENT,
QUO_0000005271,CUST_00009550,PROD_TRAVEL_STANDARD,CH_MOBILE,,2025-03-12,127.23,1.0022,EXPIRED,
QUO_0000005272,CUST_00009552,PROD_ACCIDENT_STANDARD,CH_EMAIL,,2026-03-15,247.24,0.8342,DECLINED,
QUO_0000005273,CUST_00009553,PROD_HOME_STANDARD,CH_EMAIL,,2024-10-28,476.13,0.9406,SENT,
QUO_0000005274,CUST_00009556,PROD_LIFE_PREMIUM,CH_EMAIL,,2026-05-28,819.54,0.7051,ACCEPTED,
QUO_0000005275,CUST_00009557,PROD_HEALTH_STANDARD,CH_MOBILE,,2023-01-19,861.23,1.1192,ACCEPTED,
QUO_0000005276,CUST_00009558,PROD_HEALTH_PREMIUM,CH_MOBILE,,2025-02-15,1632.93,0.8683,DECLINED,
QUO_0000005277,CUST_00009559,PROD_LIFE_PREMIUM,CH_EMAIL,,2022-05-11,788.74,1.0434,DECLINED,
QUO_0000005278,CUST_00009560,PROD_PET_STANDARD,CH_EMAIL,,2026-01-04,296.97,0.9498,SENT,
QUO_0000005279,CUST_00009566,PROD_HOME_PREMIUM,CH_MOBILE,,2023-12-22,725.45,0.7189,SENT,
QUO_0000005280,CUST_00009567,PROD_AUTO_STANDARD,CH_EMAIL,,2021-02-02,661.46,0.8782,DECLINED,
QUO_0000005281,CUST_00009568,PROD_HEALTH_PREMIUM,CH_MOBILE,,2026-06-16,1593.58,1.0427,SENT,
QUO_0000005282,CUST_00009570,PROD_LIFE_STANDARD,CH_EMAIL,,2026-04-02,439.56,1.0967,ACCEPTED,
QUO_0000005283,CUST_00009572,PROD_HEALTH_PREMIUM,CH_EMAIL,,2023-06-06,1615.01,0.9304,SENT,
QUO_0000005284,CUST_00009573,PROD_AUTO_STANDARD,CH_EMAIL,,2022-07-31,754.38,0.8093,SENT,
QUO_0000005285,CUST_00009574,PROD_PET_STANDARD,CH_MOBILE,,2023-05-27,380.73,0.9912,ACCEPTED,
QUO_0000005286,CUST_00009575,PROD_ACCIDENT_STANDARD,CH_EMAIL,,2025-07-09,269.84,1.0999,EXPIRED,
QUO_0000005287,CUST_00009576,PROD_ACCIDENT_STANDARD,CH_EMAIL,,2023-12-04,225.26,0.7951,DECLINED,
QUO_0000005288,CUST_00009577,PROD_AUTO_BASIC,CH_EMAIL,,2022-05-01,553.46,0.8748,EXPIRED,
QUO_0000005289,CUST_00009578,PROD_LIFE_STANDARD,CH_MOBILE,,2026-03-04,451.41,0.9272,SENT,
QUO_0000005290,CUST_00009580,PROD_HEALTH_STANDARD,CH_MOBILE,,2023-05-17,1018.44,1.0575,SENT,
QUO_0000005291,CUST_00009584,PROD_HEALTH_STANDARD,CH_EMAIL,,2025-03-15,906.77,1.0145,EXPIRED,
QUO_0000005292,CUST_00009585,PROD_HOME_BASIC,CH_MOBILE,,2025-12-31,349.2,1.0522,EXPIRED,
QUO_0000005293,CUST_00009586,PROD_HOME_PREMIUM,CH_EMAIL,,2025-08-07,731.97,0.7704,DECLINED,
QUO_0000005294,CUST_00009589,PROD_AUTO_BASIC,CH_MOBILE,,2025-09-21,500.59,1.0215,SENT,
QUO_0000005295,CUST_00009590,PROD_HEALTH_PREMIUM,CH_EMAIL,,2021-12-21,1350.17,0.9284,ACCEPTED,
QUO_0000005296,CUST_00009592,PROD_AUTO_PREMIUM,CH_EMAIL,,2024-02-28,1224.95,0.9654,DECLINED,
QUO_0000005297,CUST_00009593,PROD_AUTO_PREMIUM,CH_MOBILE,,2026-03-14,1120.82,0.9721,SENT,
QUO_0000005298,CUST_00009597,PROD_HOME_STANDARD,CH_MOBILE,,2023-09-28,491.55,1.1153,DECLINED,
QUO_0000005299,CUST_00009598,PROD_LIFE_BASIC,CH_EMAIL,,2024-07-20,274.21,0.8213,SENT,
QUO_0000005300,CUST_00009599,PROD_TRAVEL_STANDARD,CH_MOBILE,,2023-11-02,144.8,0.9255,SENT,
QUO_0000005301,CUST_00009600,PROD_HOME_PREMIUM,CH_EMAIL,,2025-12-05,827.55,1.1396,SENT,
QUO_0000005302,CUST_00009602,PROD_AUTO_BASIC,CH_MOBILE,,2024-06-21,565.3,1.072,DECLINED,
QUO_0000005303,CUST_00009604,PROD_HOME_STANDARD,CH_EMAIL,,2024-02-27,548.76,0.85,SENT,
QUO_0000005304,CUST_00009605,PROD_AUTO_STANDARD,CH_MOBILE,,2025-12-21,846.2,0.8029,EXPIRED,
QUO_0000005305,CUST_00009606,PROD_HEALTH_BASIC,CH_MOBILE,,2026-04-14,728.56,1.0354,EXPIRED,
QUO_0000005306,CUST_00009607,PROD_LIFE_STANDARD,CH_EMAIL,,2024-03-02,370.87,0.9628,SENT,
QUO_0000005307,CUST_00009608,PROD_HOME_PREMIUM,CH_EMAIL,,2023-04-12,878.25,1.0449,EXPIRED,
QUO_0000005308,CUST_00009610,PROD_LIFE_PREMIUM,CH_EMAIL,,2025-07-12,861.55,0.8645,EXPIRED,
QUO_0000005309,CUST_00009611,PROD_HOME_BASIC,CH_EMAIL,,2023-02-08,312.01,0.9786,SENT,
QUO_0000005310,CUST_00009613,PROD_AUTO_PREMIUM,CH_EMAIL,,2025-05-24,1142.21,1.0183,SENT,
QUO_0000005311,CUST_00009614,PROD_AUTO_STANDARD,CH_MOBILE,,2025-04-26,869.91,1.0826,SENT,
QUO_0000005312,CUST_00009619,PROD_LIFE_STANDARD,CH_EMAIL,,2026-02-11,470.86,1.0229,DECLINED,
QUO_0000005313,CUST_00009620,PROD_LIFE_BASIC,CH_BROKER,,2025-01-18,239.78,1.109,EXPIRED,
QUO_0000005314,CUST_00009622,PROD_HEALTH_STANDARD,CH_EMAIL,,2025-04-09,933.41,0.9065,EXPIRED,
QUO_0000005315,CUST_00009623,PROD_HOME_STANDARD,CH_EMAIL,,2025-07-27,533.09,0.8022,DECLINED,
QUO_0000005316,CUST_00009624,PROD_HOME_PREMIUM,CH_CALL_CENTER,,2022-02-28,782.11,1.0472,SENT,
QUO_0000005317,CUST_00009625,PROD_HOME_PREMIUM,CH_MOBILE,,2023-09-02,791.27,1.1338,SENT,
QUO_0000005318,CUST_00009626,PROD_HEALTH_BASIC,CH_EMAIL,,2025-12-22,677.62,1.0274,SENT,
QUO_0000005319,CUST_00009627,PROD_LIFE_STANDARD,CH_MOBILE,,2020-05-18,413.64,0.9003,SENT,
QUO_0000005320,CUST_00009628,PROD_AUTO_BASIC,CH_EMAIL,,2023-10-31,485.67,0.9856,EXPIRED,
QUO_0000005321,CUST_00009631,PROD_HEALTH_BASIC,CH_EMAIL,,2025-12-07,603.22,0.9139,DECLINED,
QUO_0000005322,CUST_00009633,PROD_TRAVEL_STANDARD,CH_EMAIL,,2025-11-13,126.58,0.7672,SENT,
QUO_0000005323,CUST_00009635,PROD_PET_STANDARD,CH_EMAIL,,2025-11-21,351.58,0.8576,EXPIRED,
QUO_0000005324,CUST_00009636,PROD_LIFE_BASIC,CH_EMAIL,,2025-04-22,276.82,1.2656,DECLINED,
QUO_0000005325,CUST_00009637,PROD_AUTO_BASIC,CH_EMAIL,,2025-03-03,606.43,1.0024,EXPIRED,
QUO_0000005326,CUST_00009640,PROD_HEALTH_STANDARD,CH_MOBILE,,2024-07-20,851.52,1.0284,EXPIRED,
QUO_0000005327,CUST_00009641,PROD_ACCIDENT_STANDARD,CH_EMAIL,,2026-05-13,268.51,1.1137,SENT,
QUO_0000005328,CUST_00009642,PROD_PET_STANDARD,CH_MOBILE,,2022-09-02,344.87,1.2538,EXPIRED,
QUO_0000005329,CUST_00009643,PROD_AUTO_PREMIUM,CH_MOBILE,,2025-08-04,993.83,1.0439,DECLINED,
QUO_0000005330,CUST_00009644,PROD_AUTO_STANDARD,CH_MOBILE,,2024-08-13,730.76,1.1135,ACCEPTED,
QUO_0000005331,CUST_00009645,PROD_PET_STANDARD,CH_MOBILE,,2025-09-10,395.43,0.9385,EXPIRED,
QUO_0000005332,CUST_00009646,PROD_LIFE_PREMIUM,CH_EMAIL,,2021-03-06,780.13,0.687,SENT,
QUO_0000005333,CUST_00009648,PROD_AUTO_BASIC,CH_EMAIL,,2024-07-15,584.93,1.0146,DECLINED,
QUO_0000005334,CUST_00009650,PROD_LIFE_PREMIUM,CH_EMAIL,,2022-03-05,825.07,0.9245,DECLINED,
QUO_0000005335,CUST_00009651,PROD_LIFE_BASIC,CH_MOBILE,,2024-02-04,238.89,1.0045,EXPIRED,
QUO_0000005336,CUST_00009652,PROD_AUTO_BASIC,CH_EMAIL,,2026-06-10,540.73,0.933,SENT,
QUO_0000005337,CUST_00009654,PROD_HEALTH_BASIC,CH_BRANCH,AGT_00147,2023-08-22,754.29,0.8533,SENT,
QUO_0000005338,CUST_00009656,PROD_HEALTH_STANDARD,CH_EMAIL,,2026-05-07,1098.16,1.0051,ACCEPTED,
QUO_0000005339,CUST_00009657,PROD_HEALTH_BASIC,CH_CALL_CENTER,AGT_00056,2024-04-25,671.55,0.9669,SENT,
QUO_0000005340,CUST_00009658,PROD_HEALTH_BASIC,CH_MOBILE,,2024-02-29,794.77,0.7873,DECLINED,
QUO_0000005341,CUST_00009659,PROD_AUTO_STANDARD,CH_MOBILE,,2025-10-06,778.49,0.995,ACCEPTED,
QUO_0000005342,CUST_00009660,PROD_ACCIDENT_STANDARD,CH_EMAIL,,2022-08-09,260.0,0.8515,EXPIRED,
QUO_0000005343,CUST_00009662,PROD_HOME_STANDARD,CH_EMAIL,,2025-02-02,458.07,1.058,SENT,
QUO_0000005344,CUST_00009663,PROD_PET_STANDARD,CH_EMAIL,,2025-11-29,353.86,0.9425,DECLINED,
QUO_0000005345,CUST_00009665,PROD_AUTO_STANDARD,CH_EMAIL,,2023-04-24,676.02,1.0419,ACCEPTED,
QUO_0000005346,CUST_00009666,PROD_HOME_PREMIUM,CH_EMAIL,,2025-07-02,685.06,1.1583,ACCEPTED,
QUO_0000005347,CUST_00009668,PROD_ACCIDENT_STANDARD,CH_EMAIL,,2024-08-07,223.87,0.9604,EXPIRED,
QUO_0000005348,CUST_00009669,PROD_LIFE_BASIC,CH_MOBILE,,2024-02-27,263.01,1.1703,ACCEPTED,
QUO_0000005349,CUST_00009671,PROD_AUTO_PREMIUM,CH_MOBILE,,2026-02-10,1228.2,0.7043,DECLINED,
QUO_0000005350,CUST_00009672,PROD_LIFE_STANDARD,CH_MOBILE,,2025-12-18,468.95,1.029,ACCEPTED,
QUO_0000005351,CUST_00009675,PROD_HOME_BASIC,CH_EMAIL,,2022-02-09,292.81,0.9945,EXPIRED,
QUO_0000005352,CUST_00009681,PROD_AUTO_PREMIUM,CH_EMAIL,,2024-09-10,1193.32,0.9395,EXPIRED,
QUO_0000005353,CUST_00009682,PROD_AUTO_STANDARD,CH_EMAIL,,2025-02-23,775.94,0.949,DECLINED,
QUO_0000005354,CUST_00009683,PROD_AUTO_BASIC,CH_EMAIL,,2024-01-22,459.56,1.0907,ACCEPTED,
QUO_0000005355,CUST_00009690,PROD_AUTO_STANDARD,CH_MOBILE,,2025-05-24,784.33,1.0632,DECLINED,
QUO_0000005356,CUST_00009693,PROD_HEALTH_STANDARD,CH_EMAIL,,2022-09-13,1032.85,0.8112,SENT,
QUO_0000005357,CUST_00009694,PROD_LIFE_STANDARD,CH_EMAIL,,2026-03-23,412.96,0.9449,SENT,
QUO_0000005358,CUST_00009696,PROD_HOME_STANDARD,CH_EMAIL,,2026-04-03,554.88,0.9554,ACCEPTED,
QUO_0000005359,CUST_00009697,PROD_AUTO_STANDARD,CH_EMAIL,,2024-06-29,706.54,0.8405,EXPIRED,
QUO_0000005360,CUST_00009698,PROD_LIFE_PREMIUM,CH_EMAIL,,2022-10-31,986.42,1.084,DECLINED,
QUO_0000005361,CUST_00009700,PROD_HEALTH_BASIC,CH_MOBILE,,2023-12-16,746.75,0.9602,DECLINED,
QUO_0000005362,CUST_00009702,PROD_HOME_BASIC,CH_EMAIL,,2022-11-06,279.5,1.1025,DECLINED,
QUO_0000005363,CUST_00009704,PROD_LIFE_BASIC,CH_MOBILE,,2024-12-05,262.07,0.9579,SENT,
QUO_0000005364,CUST_00009706,PROD_LIFE_STANDARD,CH_MOBILE,,2022-03-23,437.7,0.9486,SENT,
QUO_0000005365,CUST_00009707,PROD_HEALTH_BASIC,CH_EMAIL,,2024-09-13,601.42,0.9817,EXPIRED,
QUO_0000005366,CUST_00009708,PROD_PET_STANDARD,CH_EMAIL,,2025-02-12,343.0,0.9718,DECLINED,
QUO_0000005367,CUST_00009710,PROD_PET_STANDARD,CH_EMAIL,,2025-12-17,336.54,0.7121,EXPIRED,
QUO_0000005368,CUST_00009712,PROD_AUTO_BASIC,CH_EMAIL,,2025-03-23,517.95,0.9179,EXPIRED,
QUO_0000005369,CUST_00009714,PROD_LIFE_BASIC,CH_MOBILE,,2024-09-12,260.74,1.0982,ACCEPTED,
QUO_0000005370,CUST_00009715,PROD_HOME_PREMIUM,CH_MOBILE,,2025-09-10,877.53,0.9536,ACCEPTED,
QUO_0000005371,CUST_00009716,PROD_AUTO_PREMIUM,CH_MOBILE,,2024-04-04,1281.18,0.9394,ACCEPTED,
QUO_0000005372,CUST_00009717,PROD_PET_STANDARD,CH_MOBILE,,2025-10-28,326.82,0.9676,DECLINED,
QUO_0000005373,CUST_00009718,PROD_ACCIDENT_STANDARD,CH_EMAIL,,2024-03-08,210.61,0.8762,EXPIRED,
QUO_0000005374,CUST_00009719,PROD_AUTO_BASIC,CH_BRANCH,AGT_00156,2022-10-05,535.35,1.0753,SENT,
QUO_0000005375,CUST_00009721,PROD_AUTO_BASIC,CH_EMAIL,,2026-01-17,549.96,1.1582,SENT,
QUO_0000005376,CUST_00009722,PROD_AUTO_STANDARD,CH_EMAIL,,2024-12-27,711.67,0.8647,EXPIRED,
QUO_0000005377,CUST_00009723,PROD_LIFE_BASIC,CH_MOBILE,,2025-04-11,216.9,1.0042,SENT,
QUO_0000005378,CUST_00009726,PROD_AUTO_STANDARD,CH_EMAIL,,2023-10-06,873.83,0.9509,SENT,
QUO_0000005379,CUST_00009728,PROD_TRAVEL_STANDARD,CH_EMAIL,,2024-08-28,132.47,0.9222,SENT,
QUO_0000005380,CUST_00009729,PROD_HOME_STANDARD,CH_MOBILE,,2026-05-29,465.97,0.7734,SENT,
QUO_0000005381,CUST_00009730,PROD_HEALTH_PREMIUM,CH_EMAIL,,2026-04-04,1350.31,0.9391,DECLINED,
QUO_0000005382,CUST_00009731,PROD_PET_STANDARD,CH_EMAIL,,2022-03-25,329.32,1.0111,DECLINED,
QUO_0000005383,CUST_00009732,PROD_HEALTH_BASIC,CH_MOBILE,,2024-07-11,602.03,1.0802,DECLINED,
QUO_0000005384,CUST_00009733,PROD_HEALTH_BASIC,CH_MOBILE,,2024-11-04,780.34,0.8556,SENT,
QUO_0000005385,CUST_00009735,PROD_PET_STANDARD,CH_MOBILE,,2021-06-02,382.33,1.0061,EXPIRED,
QUO_0000005386,CUST_00009736,PROD_AUTO_BASIC,CH_MOBILE,,2025-08-23,556.34,0.8951,ACCEPTED,
QUO_0000005387,CUST_00009737,PROD_HOME_PREMIUM,CH_EMAIL,,2026-04-25,756.24,1.0477,EXPIRED,
QUO_0000005388,CUST_00009738,PROD_AUTO_BASIC,CH_EMAIL,,2025-09-06,509.43,1.1091,DECLINED,
QUO_0000005389,CUST_00009740,PROD_LIFE_STANDARD,CH_EMAIL,,2025-03-26,426.32,0.9097,SENT,
QUO_0000005390,CUST_00009741,PROD_HEALTH_BASIC,CH_EMAIL,,2025-06-19,788.9,0.9388,SENT,
QUO_0000005391,CUST_00009744,PROD_HOME_STANDARD,CH_WEB,,2025-10-05,561.39,0.9813,DECLINED,
QUO_0000005392,CUST_00009745,PROD_HOME_BASIC,CH_EMAIL,,2024-01-18,326.29,0.8019,EXPIRED,
QUO_0000005393,CUST_00009747,PROD_HEALTH_BASIC,CH_EMAIL,,2024-07-30,699.7,1.0519,SENT,
QUO_0000005394,CUST_00009748,PROD_HEALTH_BASIC,CH_MOBILE,,2022-07-12,587.38,1.2571,SENT,
QUO_0000005395,CUST_00009749,PROD_HOME_PREMIUM,CH_MOBILE,,2022-08-01,687.55,0.8994,ACCEPTED,
QUO_0000005396,CUST_00009750,PROD_ACCIDENT_STANDARD,CH_EMAIL,,2025-11-04,257.6,1.1311,SENT,
QUO_0000005397,CUST_00009751,PROD_HOME_STANDARD,CH_EMAIL,,2026-04-13,521.58,1.0055,DECLINED,
QUO_0000005398,CUST_00009754,PROD_HEALTH_STANDARD,CH_MOBILE,,2025-08-10,973.49,0.985,ACCEPTED,
QUO_0000005399,CUST_00009756,PROD_HEALTH_STANDARD,CH_EMAIL,,2021-06-18,1013.83,1.2508,EXPIRED,
QUO_0000005400,CUST_00009757,PROD_HEALTH_BASIC,CH_MOBILE,,2025-07-22,647.29,0.9549,SENT,
QUO_0000005401,CUST_00009759,PROD_AUTO_BASIC,CH_EMAIL,,2025-01-04,477.21,1.1063,SENT,
QUO_0000005402,CUST_00009761,PROD_AUTO_PREMIUM,CH_EMAIL,,2024-12-13,1219.31,1.0787,DECLINED,
QUO_0000005403,CUST_00009764,PROD_LIFE_STANDARD,CH_EMAIL,,2025-01-11,416.82,1.1872,EXPIRED,
QUO_0000005404,CUST_00009765,PROD_HEALTH_STANDARD,CH_MOBILE,,2023-11-12,874.83,1.0474,SENT,
QUO_0000005405,CUST_00009769,PROD_TRAVEL_STANDARD,CH_EMAIL,,2025-06-17,138.61,1.2299,ACCEPTED,
QUO_0000005406,CUST_00009771,PROD_AUTO_STANDARD,CH_MOBILE,,2026-02-05,760.04,0.9652,SENT,
QUO_0000005407,CUST_00009772,PROD_HEALTH_BASIC,CH_EMAIL,,2024-05-17,684.06,0.9113,SENT,
QUO_0000005408,CUST_00009773,PROD_LIFE_BASIC,CH_MOBILE,,2025-04-13,261.73,1.2735,EXPIRED,
QUO_0000005409,CUST_00009774,PROD_HEALTH_BASIC,CH_MOBILE,,2024-10-06,595.18,0.65,SENT,
QUO_0000005410,CUST_00009776,PROD_HOME_PREMIUM,CH_EMAIL,,2025-03-06,859.31,1.1375,DECLINED,
QUO_0000005411,CUST_00009777,PROD_LIFE_PREMIUM,CH_MOBILE,,2025-04-02,988.85,1.1775,SENT,
QUO_0000005412,CUST_00009778,PROD_PET_STANDARD,CH_MOBILE,,2023-09-23,298.39,0.805,DECLINED,
QUO_0000005413,CUST_00009780,PROD_HEALTH_PREMIUM,CH_BROKER,,2025-09-17,1616.72,1.0193,DECLINED,
QUO_0000005414,CUST_00009781,PROD_HEALTH_BASIC,CH_EMAIL,,2022-05-30,639.57,1.3455,DECLINED,
QUO_0000005415,CUST_00009783,PROD_HEALTH_PREMIUM,CH_MOBILE,,2023-01-09,1296.07,0.9413,EXPIRED,
QUO_0000005416,CUST_00009785,PROD_AUTO_PREMIUM,CH_MOBILE,,2022-08-10,965.13,1.0075,DECLINED,
QUO_0000005417,CUST_00009786,PROD_HOME_BASIC,CH_EMAIL,,2025-08-06,325.37,1.0306,EXPIRED,
QUO_0000005418,CUST_00009787,PROD_LIFE_PREMIUM,CH_EMAIL,,2026-05-13,834.28,0.8216,SENT,
QUO_0000005419,CUST_00009788,PROD_PET_STANDARD,CH_EMAIL,,2026-05-06,327.21,0.9481,ACCEPTED,
QUO_0000005420,CUST_00009789,PROD_TRAVEL_STANDARD,CH_EMAIL,,2026-04-11,148.2,1.1529,DECLINED,
QUO_0000005421,CUST_00009791,PROD_HOME_STANDARD,CH_EMAIL,,2023-12-09,438.92,1.1126,DECLINED,
QUO_0000005422,CUST_00009792,PROD_AUTO_BASIC,CH_EMAIL,,2026-03-13,507.14,1.05,SENT,
QUO_0000005423,CUST_00009793,PROD_HEALTH_STANDARD,CH_EMAIL,,2023-05-30,1143.37,0.9624,ACCEPTED,
QUO_0000005424,CUST_00009794,PROD_ACCIDENT_STANDARD,CH_MOBILE,,2026-02-17,208.25,0.8212,SENT,
QUO_0000005425,CUST_00009796,PROD_LIFE_STANDARD,CH_EMAIL,,2026-06-09,367.45,0.8071,SENT,
QUO_0000005426,CUST_00009797,PROD_HEALTH_PREMIUM,CH_MOBILE,,2025-11-25,1409.43,1.0019,DECLINED,
QUO_0000005427,CUST_00009798,PROD_LIFE_BASIC,CH_EMAIL,,2025-10-08,216.13,1.0585,EXPIRED,
QUO_0000005428,CUST_00009801,PROD_LIFE_PREMIUM,CH_MOBILE,,2025-11-07,886.26,1.1243,SENT,
QUO_0000005429,CUST_00009803,PROD_PET_STANDARD,CH_MOBILE,,2024-05-15,389.18,0.8178,DECLINED,
QUO_0000005430,CUST_00009804,PROD_HOME_PREMIUM,CH_EMAIL,,2025-09-26,819.16,1.0,DECLINED,
QUO_0000005431,CUST_00009806,PROD_HEALTH_BASIC,CH_MOBILE,,2025-09-02,713.08,1.0099,SENT,
QUO_0000005432,CUST_00009809,PROD_ACCIDENT_STANDARD,CH_MOBILE,,2026-02-07,224.92,0.8995,DECLINED,
QUO_0000005433,CUST_00009810,PROD_LIFE_STANDARD,CH_EMAIL,,2025-11-18,479.53,1.0135,DECLINED,
QUO_0000005434,CUST_00009812,PROD_HEALTH_BASIC,CH_EMAIL,,2025-05-24,771.37,1.0159,SENT,
QUO_0000005435,CUST_00009813,PROD_LIFE_PREMIUM,CH_EMAIL,,2025-12-29,756.26,1.0991,DECLINED,
QUO_0000005436,CUST_00009814,PROD_HEALTH_STANDARD,CH_EMAIL,,2024-08-08,1023.38,1.0458,SENT,
QUO_0000005437,CUST_00009815,PROD_AUTO_STANDARD,CH_MOBILE,,2020-03-17,783.7,0.932,ACCEPTED,
QUO_0000005438,CUST_00009816,PROD_AUTO_STANDARD,CH_MOBILE,,2024-06-27,755.7,0.7611,SENT,
QUO_0000005439,CUST_00009820,PROD_HOME_PREMIUM,CH_EMAIL,,2025-12-24,843.77,1.0006,EXPIRED,
QUO_0000005440,CUST_00009823,PROD_HEALTH_PREMIUM,CH_EMAIL,,2024-09-02,1529.17,0.9988,EXPIRED,
QUO_0000005441,CUST_00009824,PROD_HEALTH_STANDARD,CH_MOBILE,,2024-05-23,1086.69,0.9897,DECLINED,
QUO_0000005442,CUST_00009825,PROD_PET_STANDARD,CH_MOBILE,,2026-04-20,346.63,1.0209,SENT,
QUO_0000005443,CUST_00009826,PROD_PET_STANDARD,CH_EMAIL,,2024-07-11,293.84,0.9296,DECLINED,
QUO_0000005444,CUST_00009827,PROD_AUTO_PREMIUM,CH_MOBILE,,2025-01-30,967.53,0.9457,EXPIRED,
QUO_0000005445,CUST_00009828,PROD_HEALTH_PREMIUM,CH_EMAIL,,2025-05-15,1642.04,0.8097,DECLINED,
QUO_0000005446,CUST_00009829,PROD_HOME_STANDARD,CH_EMAIL,,2025-10-30,521.87,0.8503,ACCEPTED,
QUO_0000005447,CUST_00009830,PROD_HOME_BASIC,CH_MOBILE,,2024-01-12,344.54,1.0151,EXPIRED,
QUO_0000005448,CUST_00009835,PROD_HOME_PREMIUM,CH_EMAIL,,2026-02-06,877.83,1.0565,EXPIRED,
QUO_0000005449,CUST_00009836,PROD_AUTO_PREMIUM,CH_MOBILE,,2024-01-18,1164.56,0.9419,ACCEPTED,
QUO_0000005450,CUST_00009837,PROD_HEALTH_PREMIUM,CH_MOBILE,,2026-02-03,1549.61,0.8611,SENT,
QUO_0000005451,CUST_00009838,PROD_HEALTH_STANDARD,CH_EMAIL,,2025-07-22,1040.98,0.9704,EXPIRED,
QUO_0000005452,CUST_00009839,PROD_AUTO_BASIC,CH_EMAIL,,2024-12-26,591.33,1.0338,ACCEPTED,
QUO_0000005453,CUST_00009840,PROD_LIFE_STANDARD,CH_EMAIL,,2025-06-22,456.96,0.9922,EXPIRED,
QUO_0000005454,CUST_00009842,PROD_LIFE_BASIC,CH_EMAIL,,2024-09-17,276.43,1.014,EXPIRED,
QUO_0000005455,CUST_00009845,PROD_HEALTH_BASIC,CH_MOBILE,,2026-06-21,755.4,0.8312,SENT,
QUO_0000005456,CUST_00009846,PROD_HEALTH_PREMIUM,CH_EMAIL,,2022-11-20,1360.87,0.8476,EXPIRED,
QUO_0000005457,CUST_00009848,PROD_HEALTH_STANDARD,CH_MOBILE,,2021-05-20,850.2,1.0024,ACCEPTED,
QUO_0000005458,CUST_00009849,PROD_HOME_STANDARD,CH_MOBILE,,2025-05-31,482.55,1.0086,DECLINED,
QUO_0000005459,CUST_00009850,PROD_AUTO_PREMIUM,CH_MOBILE,,2024-09-10,1044.49,0.9247,EXPIRED,
QUO_0000005460,CUST_00009852,PROD_LIFE_BASIC,CH_EMAIL,,2025-06-12,220.05,1.0336,EXPIRED,
QUO_0000005461,CUST_00009854,PROD_HOME_PREMIUM,CH_EMAIL,,2026-05-21,760.63,1.0835,ACCEPTED,
QUO_0000005462,CUST_00009856,PROD_HOME_STANDARD,CH_MOBILE,,2024-10-05,482.28,1.086,SENT,
QUO_0000005463,CUST_00009857,PROD_AUTO_PREMIUM,CH_EMAIL,,2026-03-02,1198.15,0.9819,DECLINED,
QUO_0000005464,CUST_00009858,PROD_PET_STANDARD,CH_MOBILE,,2025-03-07,306.81,0.9596,DECLINED,
QUO_0000005465,CUST_00009865,PROD_HOME_BASIC,CH_EMAIL,,2021-10-05,291.59,0.8655,SENT,
QUO_0000005466,CUST_00009866,PROD_AUTO_PREMIUM,CH_EMAIL,,2025-07-15,1039.38,1.0495,SENT,
QUO_0000005467,CUST_00009867,PROD_LIFE_BASIC,CH_CALL_CENTER,AGT_00128,2025-11-10,207.75,1.1044,DECLINED,
QUO_0000005468,CUST_00009869,PROD_LIFE_STANDARD,CH_EMAIL,,2022-12-19,412.31,0.8614,ACCEPTED,
QUO_0000005469,CUST_00009870,PROD_TRAVEL_STANDARD,CH_MOBILE,,2023-01-27,150.59,1.2324,ACCEPTED,
QUO_0000005470,CUST_00009871,PROD_ACCIDENT_STANDARD,CH_MOBILE,,2025-05-01,250.31,1.0082,DECLINED,
QUO_0000005471,CUST_00009872,PROD_HEALTH_STANDARD,CH_MOBILE,,2023-03-08,1028.71,0.933,EXPIRED,
QUO_0000005472,CUST_00009873,PROD_AUTO_PREMIUM,CH_EMAIL,,2025-12-25,1251.22,1.1267,DECLINED,
QUO_0000005473,CUST_00009875,PROD_AUTO_STANDARD,CH_EMAIL,,2024-10-26,728.82,1.1508,SENT,
QUO_0000005474,CUST_00009877,PROD_HEALTH_PREMIUM,CH_CALL_CENTER,AGT_00084,2026-05-12,1603.94,0.8356,DECLINED,
QUO_0000005475,CUST_00009878,PROD_HEALTH_PREMIUM,CH_EMAIL,,2026-06-26,1731.16,1.1633,EXPIRED,
QUO_0000005476,CUST_00009879,PROD_HOME_BASIC,CH_EMAIL,,2026-04-27,313.16,0.9603,DECLINED,
QUO_0000005477,CUST_00009880,PROD_HOME_PREMIUM,CH_MOBILE,,2022-08-11,893.41,0.9617,DECLINED,
QUO_0000005478,CUST_00009881,PROD_HEALTH_PREMIUM,CH_MOBILE,,2024-04-14,1671.26,1.0201,SENT,
QUO_0000005479,CUST_00009882,PROD_HOME_STANDARD,CH_EMAIL,,2024-05-06,527.06,0.8706,EXPIRED,
QUO_0000005480,CUST_00009886,PROD_PET_STANDARD,CH_MOBILE,,2025-10-28,367.04,1.184,SENT,
QUO_0000005481,CUST_00009888,PROD_HOME_STANDARD,CH_EMAIL,,2025-10-24,424.09,1.2507,SENT,
QUO_0000005482,CUST_00009889,PROD_LIFE_STANDARD,CH_EMAIL,,2026-01-14,488.09,1.024,SENT,
QUO_0000005483,CUST_00009890,PROD_LIFE_STANDARD,CH_CALL_CENTER,AGT_00142,2024-10-25,394.38,1.2431,SENT,
QUO_0000005484,CUST_00009891,PROD_AUTO_BASIC,CH_MOBILE,,2026-06-22,532.16,0.9042,SENT,
QUO_0000005485,CUST_00009893,PROD_ACCIDENT_STANDARD,CH_EMAIL,,2026-06-20,222.8,0.8657,DECLINED,
QUO_0000005486,CUST_00009898,PROD_LIFE_PREMIUM,CH_EMAIL,,2026-01-23,783.34,1.1902,ACCEPTED,
QUO_0000005487,CUST_00009899,PROD_HOME_BASIC,CH_MOBILE,,2024-09-13,311.14,1.2954,SENT,
QUO_0000005488,CUST_00009901,PROD_PET_STANDARD,CH_EMAIL,,2025-07-11,372.5,0.9721,ACCEPTED,
QUO_0000005489,CUST_00009902,PROD_AUTO_BASIC,CH_EMAIL,,2025-06-14,565.19,1.0664,SENT,
QUO_0000005490,CUST_00009905,PROD_AUTO_PREMIUM,CH_MOBILE,,2024-09-02,1278.35,0.8842,SENT,
QUO_0000005491,CUST_00009906,PROD_AUTO_STANDARD,CH_MOBILE,,2026-05-09,814.53,1.0196,DECLINED,
QUO_0000005492,CUST_00009907,PROD_HEALTH_STANDARD,CH_MOBILE,,2025-12-02,1149.44,0.9697,DECLINED,
QUO_0000005493,CUST_00009908,PROD_LIFE_STANDARD,CH_MOBILE,,2023-10-02,369.0,0.9253,DECLINED,
QUO_0000005494,CUST_00009909,PROD_HEALTH_PREMIUM,CH_EMAIL,,2025-10-19,1662.62,1.0845,DECLINED,
QUO_0000005495,CUST_00009910,PROD_TRAVEL_STANDARD,CH_EMAIL,,2026-06-26,170.11,0.8996,SENT,
QUO_0000005496,CUST_00009911,PROD_HOME_PREMIUM,CH_EMAIL,,2023-02-28,765.12,1.2023,SENT,
QUO_0000005497,CUST_00009912,PROD_LIFE_BASIC,CH_MOBILE,,2022-09-04,257.75,0.9879,SENT,
QUO_0000005498,CUST_00009915,PROD_LIFE_STANDARD,CH_MOBILE,,2025-11-21,441.53,0.9684,DECLINED,
QUO_0000005499,CUST_00009917,PROD_ACCIDENT_STANDARD,CH_MOBILE,,2025-08-19,228.47,0.9654,EXPIRED,
QUO_0000005500,CUST_00009918,PROD_TRAVEL_STANDARD,CH_EMAIL,,2026-05-28,150.08,0.9049,ACCEPTED,
QUO_0000005501,CUST_00009919,PROD_HEALTH_BASIC,CH_MOBILE,,2024-05-31,650.53,0.9254,SENT,
QUO_0000005502,CUST_00009921,PROD_HEALTH_PREMIUM,CH_EMAIL,,2023-11-11,1503.55,0.9096,EXPIRED,
QUO_0000005503,CUST_00009922,PROD_LIFE_BASIC,CH_EMAIL,,2025-10-14,278.58,0.7044,SENT,
QUO_0000005504,CUST_00009923,PROD_AUTO_PREMIUM,CH_EMAIL,,2023-08-01,1011.36,1.0383,SENT,
QUO_0000005505,CUST_00009924,PROD_AUTO_STANDARD,CH_MOBILE,,2026-06-12,732.15,0.7834,DECLINED,
QUO_0000005506,CUST_00009925,PROD_HOME_STANDARD,CH_EMAIL,,2021-10-20,527.46,0.9327,ACCEPTED,
QUO_0000005507,CUST_00009926,PROD_HEALTH_PREMIUM,CH_EMAIL,,2025-04-19,1738.71,1.1222,DECLINED,
QUO_0000005508,CUST_00009928,PROD_LIFE_STANDARD,CH_MOBILE,,2022-10-09,390.48,1.1242,ACCEPTED,
QUO_0000005509,CUST_00009929,PROD_AUTO_STANDARD,CH_EMAIL,,2023-08-24,713.66,1.0252,EXPIRED,
QUO_0000005510,CUST_00009930,PROD_ACCIDENT_STANDARD,CH_EMAIL,,2024-09-28,238.36,1.1736,DECLINED,
QUO_0000005511,CUST_00009931,PROD_HOME_PREMIUM,CH_EMAIL,,2024-07-02,757.3,1.2224,ACCEPTED,
QUO_0000005512,CUST_00009934,PROD_AUTO_STANDARD,CH_EMAIL,,2022-06-19,745.67,1.0552,ACCEPTED,
QUO_0000005513,CUST_00009937,PROD_LIFE_BASIC,CH_MOBILE,,2025-03-15,261.25,1.0181,SENT,
QUO_0000005514,CUST_00009940,PROD_HOME_BASIC,CH_MOBILE,,2026-05-04,344.92,1.1688,EXPIRED,
QUO_0000005515,CUST_00009942,PROD_AUTO_STANDARD,CH_MOBILE,,2024-04-17,674.19,0.8765,DECLINED,
QUO_0000005516,CUST_00009947,PROD_HOME_PREMIUM,CH_MOBILE,,2023-09-20,784.98,0.8846,SENT,
QUO_0000005517,CUST_00009949,PROD_AUTO_PREMIUM,CH_CALL_CENTER,AGT_00163,2024-05-11,1192.42,0.9016,ACCEPTED,
QUO_0000005518,CUST_00009952,PROD_LIFE_PREMIUM,CH_EMAIL,,2024-11-07,975.39,1.0667,ACCEPTED,
QUO_0000005519,CUST_00009953,PROD_HOME_BASIC,CH_MOBILE,,2025-05-04,320.57,0.9094,SENT,
QUO_0000005520,CUST_00009954,PROD_HOME_PREMIUM,CH_MOBILE,,2021-08-27,831.91,0.882,SENT,
QUO_0000005521,CUST_00009955,PROD_HOME_BASIC,CH_EMAIL,,2022-08-21,343.33,0.9498,DECLINED,
QUO_0000005522,CUST_00009956,PROD_HEALTH_STANDARD,CH_MOBILE,,2024-08-25,1099.74,1.0098,SENT,
QUO_0000005523,CUST_00009959,PROD_AUTO_BASIC,CH_MOBILE,,2025-09-23,536.42,0.8916,SENT,
QUO_0000005524,CUST_00009961,PROD_AUTO_STANDARD,CH_EMAIL,,2024-02-07,829.88,0.9538,DECLINED,
QUO_0000005525,CUST_00009962,PROD_TRAVEL_STANDARD,CH_EMAIL,,2025-12-03,161.99,0.8234,EXPIRED,
QUO_0000005526,CUST_00009963,PROD_HOME_PREMIUM,CH_EMAIL,,2025-11-16,683.22,0.899,SENT,
QUO_0000005527,CUST_00009964,PROD_ACCIDENT_STANDARD,CH_MOBILE,,2025-11-26,220.29,0.9521,DECLINED,
QUO_0000005528,CUST_00009965,PROD_LIFE_BASIC,CH_EMAIL,,2025-09-12,279.35,1.0297,DECLINED,
QUO_0000005529,CUST_00009966,PROD_ACCIDENT_STANDARD,CH_MOBILE,,2025-03-18,258.24,0.9725,DECLINED,
QUO_0000005530,CUST_00009967,PROD_HEALTH_PREMIUM,CH_EMAIL,,2026-06-21,1375.31,1.0984,SENT,
QUO_0000005531,CUST_00009968,PROD_AUTO_STANDARD,CH_EMAIL,,2026-06-22,874.08,0.9953,EXPIRED,
QUO_0000005532,CUST_00009970,PROD_AUTO_PREMIUM,CH_MOBILE,,2026-05-27,1054.19,1.1761,DECLINED,
QUO_0000005533,CUST_00009971,PROD_AUTO_STANDARD,CH_EMAIL,,2025-07-31,688.96,0.9325,SENT,
QUO_0000005534,CUST_00009972,PROD_HEALTH_BASIC,CH_MOBILE,,2024-08-05,645.49,0.8636,ACCEPTED,
QUO_0000005535,CUST_00009975,PROD_AUTO_PREMIUM,CH_EMAIL,,2024-04-06,1274.47,0.758,EXPIRED,
QUO_0000005536,CUST_00009980,PROD_HEALTH_PREMIUM,CH_MOBILE,,2023-01-30,1387.25,1.0337,SENT,
QUO_0000005537,CUST_00009987,PROD_AUTO_PREMIUM,CH_EMAIL,,2023-06-07,1154.06,0.9491,EXPIRED,
QUO_0000005538,CUST_00009988,PROD_AUTO_PREMIUM,CH_MOBILE,,2025-09-02,1115.27,1.0414,DECLINED,
QUO_0000005539,CUST_00009989,PROD_HOME_BASIC,CH_EMAIL,,2024-09-07,353.73,0.931,EXPIRED,
QUO_0000005540,CUST_00009991,PROD_HOME_STANDARD,CH_EMAIL,,2026-06-12,428.0,0.9901,DECLINED,
QUO_0000005541,CUST_00009992,PROD_HEALTH_STANDARD,CH_MOBILE,,2026-02-10,972.67,0.8733,SENT,
QUO_0000005542,CUST_00009995,PROD_HOME_PREMIUM,CH_EMAIL,,2025-01-24,784.63,1.0238,ACCEPTED,
QUO_0000005543,CUST_00009996,PROD_HEALTH_STANDARD,CH_MOBILE,,2025-03-05,980.78,0.8224,SENT,
QUO_0000005544,CUST_00009998,PROD_HOME_PREMIUM,CH_MOBILE,,2025-07-31,769.6,1.1386,EXPIRED,
